# GBX.NET 2 - CPlugSolid - OBJ Exporter (.obj)
# Exported at 2026-01-06 00:11:43

v -1.0382588 0.6930083 -1.2000419
v -0.7411389 0.6930065 -1.1999518
v -0.7410976 0.66756654 -1.3346561
v -1.0382175 0.6675682 -1.3347462
v -0.7410629 0.5919665 -1.449255
v -1.0381825 0.5919682 -1.4493451
v -0.7410397 0.47857234 -1.5266503
v -1.0381596 0.4785741 -1.5267403
v -0.741032 0.3442852 -1.5542085
v -1.038152 0.34428692 -1.5542984
v -0.8919027 0.55980307 -0.9840798
v -0.89176756 0.5632677 -1.424066
v -0.89176905 0.123281434 -1.4275308
v -0.8919042 0.11981657 -0.9875441
v -1.0383677 0.33875138 -0.8513206
v -0.74124795 0.33874983 -0.8512304
v -0.74123937 0.4734543 -0.8766707
v -1.0383592 0.4734558 -0.8767605
v -0.7412155 0.58805317 -0.9522706
v -1.0383353 0.5880546 -0.9523603
v -0.7411802 0.6654482 -1.0656644
v -1.0383 0.66545 -1.0657545
v -1.0382612 -0.009969741 -1.2055775
v -0.74114126 -0.009971529 -1.2054874
v -0.7411824 0.015468389 -1.070783
v -1.0383022 0.0154700875 -1.0708728
v -0.74121714 0.09106848 -0.95618415
v -1.038337 0.091070175 -0.95627385
v -0.7412403 0.20446245 -0.8787888
v -1.0383601 0.20446414 -0.8788785
v -0.7410406 0.20958059 -1.5287684
v -1.0381603 0.20958239 -1.5288585
v -0.7410645 0.09498198 -1.4531685
v -1.0381844 0.09498377 -1.4532586
v -0.74109983 0.017586589 -1.3397743
v -1.0382195 0.017588377 -1.3398644
v -0.78488255 0.11333977 -1.4350365
v -0.784881 0.5733254 -1.4314147
v -0.7850223 0.5697032 -0.97142863
v -0.78502387 0.1097177 -0.9750509
v -1.0392368 0.09981798 -1.305216
v -1.0392106 0.15748553 -1.3897645
v -1.0391927 0.24293189 -1.4460937
v -1.0391862 0.3435861 -1.4653018
v -1.0392678 0.079027236 -1.2048768
v -1.0392985 0.09823525 -1.1042227
v -1.0393245 0.15456417 -1.018776
v -1.0393417 0.2391127 -0.96110857
v -0.88974255 0.20293984 -1.0663514
v -0.8897234 0.1614373 -1.12968
v -0.88970053 0.1475243 -1.2042923
v -1.0393474 0.3394523 -0.94031775
v -0.8897553 0.26560715 -1.0238569
v -1.039341 0.44010648 -0.9595257
v -0.88975954 0.33999076 -1.0087707
v -1.0393233 0.52555275 -1.015855
v -0.88975483 0.4146025 -1.0226836
v -1.0392971 0.58322036 -1.1004034
v -0.88974166 0.4779314 -1.0641861
v -1.0392661 0.60401106 -1.2007426
v -1.0392351 0.584803 -1.3013973
v -1.0392094 0.528474 -1.3868433
v -0.88967645 0.5215994 -1.2758487
v -0.8896992 0.5355124 -1.201237
v -0.88972217 0.5204262 -1.1268533
v -1.039192 0.4439254 -1.4445109
v -0.8896572 0.48009664 -1.3391775
v -0.88964456 0.41742942 -1.3816724
v -0.88964033 0.3430458 -1.3967586
v -0.88964504 0.26843408 -1.3828456
v -0.8896581 0.20510507 -1.3413427
v -0.8896777 0.16261038 -1.2786754
v -0.74111027 0.10230836 -1.3041064
v -0.7411409 0.081525534 -1.204767
v -0.7410842 0.15946804 -1.3876587
v -0.74106663 0.24391055 -1.4434958
v -0.7410602 0.34356466 -1.4627117
v -0.7411714 0.1007414 -1.1051122
v -0.741197 0.15657823 -1.0206702
v -0.74121404 0.24013062 -0.96351033
v -0.7412199 0.33947012 -0.94272745
v -0.74121344 0.43912446 -0.9619434
v -0.7411958 0.52356684 -1.0177804
v -0.74116975 0.5807266 -1.1013328
v -0.7411391 0.60150945 -1.200672
v -0.7411087 0.5822935 -1.3003265
v -0.741083 0.5264568 -1.3847688
v -0.741066 0.4429043 -1.4419283
v -0.91692644 0.26428065 -1.0982056
v -0.9169339 0.34049484 -1.0727766
v -1.0080843 0.3404952 -1.0728042
v -1.0080764 0.4171005 -1.0970298
v -1.0327661 0.34151927 -1.2028078
v -1.0080769 0.2642812 -1.0982332
v -0.91690665 0.21756852 -1.1635754
v -1.0080571 0.2175691 -1.1636031
v -1.0080323 0.21820179 -1.2439448
v -0.91688204 0.21820119 -1.2439171
v -0.91692597 0.41709992 -1.0970021
v -1.0080562 0.46483612 -1.1616558
v -0.9169058 0.46483576 -1.1616281
v -1.0080316 0.46546876 -1.2419975
v -1.0080118 0.4187569 -1.3073673
v -1.0080044 0.34254268 -1.3327963
v -1.0080123 0.2659374 -1.3085707
v -0.91688114 0.46546853 -1.2419703
v -0.9168614 0.4187564 -1.3073401
v -0.916854 0.3425421 -1.3327687
v -0.9168619 0.26593703 -1.3085431
v -1.0006852 0.2766593 -1.0124358
v -1.0007026 0.2582619 -0.95561063
v -1.0463097 0.2602288 -0.9580436
v -1.044349 0.25923604 -0.95561624
v -1.0443528 0.33946952 -0.94183755
v -1.0443316 0.27867317 -1.012433
v -0.9540834 0.2877119 -1.0556709
v -0.99822 0.28972572 -1.0556681
v -0.9539928 0.29003504 -1.3507272
v -1.0007021 0.42088383 -0.9543303
v -1.0443485 0.41991028 -0.95435137
v -1.0443311 0.40136987 -1.0114667
v -0.9982196 0.3909994 -1.054871
v -0.99812937 0.2920492 -1.3507249
v -1.0442135 0.28072056 -1.396112
v -1.0005674 0.2782196 -1.3961182
v -1.0463092 0.4189556 -0.956794
v -1.0006847 0.40494344 -1.0114255
v -0.954083 0.39457288 -1.0548292
v -0.998129 0.3933228 -1.3499273
v -0.9539925 0.39689636 -1.349886
v -1.0442133 0.40536517 -1.3951303
v -1.0441923 0.34357965 -1.463786
v -1.046159 0.26409364 -1.448831
v -1.0005505 0.26216483 -1.451267
v -1.0441966 0.2631389 -1.4512722
v -1.00055 0.4247867 -1.4499862
v -1.000567 0.40942553 -1.3950851
v -1.0461583 0.42282036 -1.4475809
v -1.0441961 0.4238134 -1.4500072
v -1.0006452 0.53188705 -1.1379334
v -1.0006506 0.5887121 -1.1195362
v -1.0462577 0.5862933 -1.1215167
v -1.0442965 0.58872 -1.1205233
v -1.0442717 0.6024988 -1.2007568
v -1.0442908 0.53190327 -1.1399602
v -0.9540536 0.4886377 -1.148972
v -0.9981895 0.48865387 -1.1509994
v -0.9540546 0.19358118 -1.1512958
v -1.0006006 0.58999264 -1.282158
v -1.0442472 0.58998513 -1.2811975
v -1.0442531 0.53286934 -1.2626572
v -0.99815845 0.48945123 -1.2522728
v -0.99819046 0.19359727 -1.1533226
v -1.0442924 0.14822464 -1.1420081
v -1.0006468 0.14820457 -1.1394942
v -1.0462089 0.5875432 -1.2802436
v -1.0006058 0.5328971 -1.2662177
v -0.9540208 0.48947912 -1.2558334
v -0.99815947 0.19439474 -1.2545965
v -0.95402175 0.19442254 -1.2581565
v -1.0442541 0.14920619 -1.2666522
v -1.0442734 0.08055022 -1.2048668
v -1.0462594 0.09550585 -1.1253814
v -1.0006523 0.093055904 -1.1234393
v -1.0442982 0.09306379 -1.124426
v -1.0006022 0.09433642 -1.2860612
v -1.0006065 0.14923784 -1.2706997
v -1.0462105 0.09675574 -1.2841083
v -1.0442488 0.094329044 -1.2851007
v 0.59232605 0.4437128 -1.0759884
v 0.584772 0.37721488 -1.0765061
v 0.5847712 0.3741954 -1.0740296
v -0.5815495 0.37420195 -1.0743825
v -0.58154875 0.3772212 -1.0768591
v -0.5891025 0.4437195 -1.0763462
v 0.12551737 0.072303936 -1.153511
v 0.12514152 0.33649722 -1.5644753
v 0.12613669 0.14421616 -1.5289645
v -0.12161905 0.33649877 -1.5645502
v -0.12225037 0.07230531 -1.1535861
v -0.122638255 0.14421763 -1.5290402
v 0.29899737 0.49841225 -0.30043393
v 0.26268497 0.54405075 -0.12458566
v 0.3331898 0.49710208 -0.13142863
v 0.27983022 0.5726311 -0.19936135
v 0.04917788 0.6179527 -0.17607895
v 0.00133658 0.61795294 -0.17609349
v 0.18260117 0.49673873 -0.084475756
v 0.14531504 0.32074812 -0.021849094
v 0.0012759656 0.35795316 0.016396912
v -0.14274003 0.3207497 -0.021936385
v 0.11467778 0.6512769 -0.28230423
v 0.03759733 0.68849725 -0.18153593
v 0.0013386607 0.6884975 -0.18154708
v -0.04650473 0.61795336 -0.17610803
v -0.26004428 0.5440536 -0.12474418
v -0.17998563 0.49674076 -0.08458531
v 0.0658468 0.6092242 -0.3401469
v 0.054269407 0.71084505 -0.355363
v 0.102593444 0.71231776 -0.28733486
v -0.03492002 0.6884977 -0.18155822
v -0.11193896 0.6512782 -0.28237307
v -0.27714327 0.5726343 -0.1995301
v -0.2962492 0.4984156 -0.3006143
v -0.3305454 0.497106 -0.13162929
v -0.09985083 0.71231884 -0.28739643
v -0.051485065 0.7108456 -0.35539508
v -0.06307294 0.6092249 -0.3401857
v 0.18981096 0.33707377 1.0328226
v 0.048939243 0.3464614 0.5958397
v 0.04880495 0.32307494 1.0326716
v 0.18994527 0.36096022 0.59599495
v 0.001222201 0.30760205 0.1905118
v -0.046743367 0.34646213 0.59581065
v -0.18774927 0.36096236 0.59588057
v -0.18788359 0.3370757 1.0327082
v -0.04687766 0.32307547 1.0326424
v 0.5814413 0.78450745 -1.7678176
v 0.6414523 0.745663 -1.4736749
v 0.535053 0.85424215 -1.4531848
v 0.47921443 0.8965716 -1.7739192
v 0.0018125739 0.92227477 -1.7866126
v 0.0017084278 0.8817813 -1.4482702
v -0.53163356 0.8542481 -1.4535077
v -0.47559738 0.89657694 -1.7742084
v -0.5778293 0.7845139 -1.7681687
v -0.63802147 0.74567026 -1.4740627
v 0.7711362 0.23452666 -1.1944537
v 0.380799 0.18228765 -1.0220776
v 0.38078675 0.18197767 -0.98207855
v 0.6890486 0.18357249 -1.187979
v 0.6890486 0.16557309 -1.1881187
v 0.3807989 0.1642884 -1.0222167
v 0.38078666 0.16397819 -0.9822178
v 0.7711362 0.21652704 -1.1945934
v 0.7711557 0.2170192 -1.2580914
v 0.68905556 0.18374698 -1.2104783
v 0.68905556 0.16574758 -1.210618
v 0.36323103 0.16574939 -1.2107165
v 0.36324564 0.16611752 -1.2582151
v 0.7711557 0.23501882 -1.2579517
v 0.3632457 0.18411715 -1.2580754
v 0.3632311 0.18374878 -1.2105768
v -0.3776116 0.18229209 -1.0223068
v -0.767843 0.2345352 -1.1949201
v -0.37762386 0.18198211 -0.9823078
v -0.6857595 0.18358044 -1.1883954
v -0.6857526 0.18375494 -1.2108947
v -0.7678235 0.2350276 -1.2584181
v -0.35991338 0.18412119 -1.2582945
v -0.35991344 0.16612147 -1.2584337
v -0.7678235 0.21702787 -1.2585573
v -0.6857595 0.16558096 -1.1885346
v -0.6857526 0.16575523 -1.2110339
v -0.35992804 0.16575333 -1.2109351
v -0.35992798 0.18375306 -1.2107959
v -0.3776117 0.16429245 -1.0224465
v -0.37762395 0.16398248 -0.9824475
v -0.767843 0.21653572 -1.1950593
v 0.78176785 0.1188349 0.26159102
v 0.7565893 0.4388255 0.264064
v 0.6004756 0.43882626 0.26401645
v 0.6004745 0.11883597 0.26153627
v 0.3691092 0.63053036 -0.6645956
v 0.42249012 0.65802944 -0.66436607
v 0.4219865 0.6580295 -0.66436654
v 0.46680626 0.6400297 -0.6644922
v 0.36910897 0.55703264 -0.66516507
v 0.44313708 0.5560325 -0.6651507
v 0.5317694 0.5570317 -0.66511613
v 0.5116258 0.6030306 -0.6647655
v 0.36961254 0.5560327 -0.665173
v 0.23947349 0.41548514 1.6627682
v 0.27069977 0.32958463 1.6496112
v 0.28784132 0.3490721 1.5867659
v 0.2520764 0.42931426 1.6203777
v 0.119864725 0.95798 -0.65113235
v 0.21903563 0.7419428 -0.6527768
v 0.21897912 0.7405165 -0.4687826
v 0.12211291 0.95821637 -0.46712458
v 0.075573176 0.9931726 -0.6508732
v 0.077150635 0.99406344 -0.4668604
v -0.072604336 0.9931734 -0.6509182
v -0.07429481 0.99406415 -0.466906
v -0.119257316 0.9582178 -0.46719778
v -0.11689612 0.9579814 -0.6512041
v -0.21612498 0.7405191 -0.46891445
v -0.21606848 0.7419453 -0.6529086
v 0.087481715 1.022272 -0.4666385
v -0.0846257 1.0222731 -0.46669036
v -0.14105274 0.9774681 -0.4670549
v -0.24936213 0.74051934 -0.46892458
v 0.14390846 0.9774665 -0.4669686
v 0.25221622 0.7405163 -0.4687724
v 0.32104617 0.42066783 -1.5862644
v 0.3366138 0.41956347 -1.4437641
v 0.32100242 0.4195635 -1.443769
v 0.33665755 0.42066786 -1.5862597
v 0.32107216 0.92238265 -1.6630805
v 0.3366835 0.92238265 -1.6630756
v 0.33666044 0.9128017 -1.5881475
v 0.33663258 0.51602566 -1.5030181
v 0.33661413 0.51556045 -1.4430199
v 0.3210491 0.9128018 -1.5881522
v 0.3210212 0.51602566 -1.5030229
v 0.32100275 0.5155607 -1.4430248
v 0.18455116 0.6161049 -1.512789
v 0.23036364 0.5762455 -1.4665827
v 0.2303634 0.50574744 -1.4671289
v 0.18455078 0.5061082 -1.5136416
v 0.0017504407 0.5062061 -1.5261965
v 0.0017508775 0.6357022 -1.5251925
v -0.18105716 0.61610687 -1.5128995
v -0.18105754 0.50611037 -1.5137521
v -0.22689877 0.5057501 -1.4672674
v -0.22689852 0.576248 -1.4667208
v -0.5980751 0.43883312 0.26365387
v -0.75418884 0.438834 0.26360637
v -0.7793695 0.11884375 0.2611184
v -0.5980762 0.11884268 0.2611732
v -0.4401645 0.5560373 -0.6654178
v -0.36664 0.55603707 -0.665396
v -0.3661364 0.55703694 -0.6653876
v -0.46383312 0.64003485 -0.6647739
v -0.52879685 0.5570378 -0.66543704
v -0.508653 0.60303634 -0.6650742
v -0.36613616 0.6305346 -0.6648181
v -0.4195169 0.65803415 -0.66462106
v -0.4190133 0.65803415 -0.66462106
v 0.107695505 0.6175841 1.1347789
v 0.00093397655 0.65758306 1.1350565
v 0.00093386363 0.62408507 1.1347965
v -0.1058278 0.6175855 1.134714
v -0.28625438 0.34907535 1.5865918
v -0.26915166 0.32958764 1.6494479
v -0.23793237 0.4154879 1.6626239
v -0.25050914 0.42931718 1.6202254
v 0.19674185 0.21057938 -0.22088939
v 0.30959094 0.6556466 -0.3569095
v 0.17161475 0.6718523 -0.3833267
v 0.32808542 0.58066076 0.0925281
v 0.25152156 0.1377637 0.1420735
v 0.23116149 0.23229243 0.8483213
v 0.15820034 0.652753 0.6615529
v 0.0010196144 0.2322938 0.8482515
v -0.15604153 0.65275484 0.66145736
v -0.22912225 0.23229495 0.8481822
v -0.24904962 0.1377664 0.14192222
v -0.3255779 0.5806643 0.092330284
v -0.30680653 0.65564996 -0.35709614
v -0.19404611 0.21058139 -0.2210077
v -0.16881391 0.6718542 -0.38342947
v 0.0012359781 0.13776515 0.14199787
v 0.25227273 0.74194264 -0.6527671
v 0.14396496 0.97889274 -0.6509633
v 0.08753822 1.0236982 -0.6506332
v -0.084569186 1.0236993 -0.6506851
v -0.14099623 0.9788943 -0.6510496
v -0.24930562 0.74194556 -0.6529188
v -0.33316454 0.41956705 -1.4439667
v -0.31750938 0.42067146 -1.5864577
v -0.31755316 0.41956714 -1.4439623
v -0.33312076 0.4206717 -1.5864625
v -0.3330948 0.92238635 -1.6632782
v -0.31748343 0.92238635 -1.6632736
v -0.31755283 0.51556444 -1.4432181
v -0.3175344 0.5160294 -1.5032164
v -0.33316422 0.51556444 -1.443223
v -0.33314577 0.5160294 -1.5032213
v -0.3175065 0.9128055 -1.5883455
v -0.33311787 0.9128054 -1.5883504
v 0.0014154557 0.7172278 -0.4315281
v -0.15570383 0.7172675 -0.4365754
v -0.17081717 0.6721332 -0.4194293
v -0.1638084 0.2111393 -0.29299664
v 0.0013707501 0.21115778 -0.29544616
v 0.16654842 0.21113735 -0.29289633
v 0.17364009 0.6721313 -0.41932505
v 0.15853785 0.7172655 -0.43648
v -0.04060959 0.7227115 -1.3325256
v -0.060219042 0.6169978 -1.434354
v -0.062768035 0.61421496 -1.3333733
v -0.038564198 0.7229946 -1.4335256
v 0.04201063 0.7229941 -1.4335011
v 0.06366477 0.616997 -1.434316
v 0.043993983 0.722711 -1.3324995
v 0.06615171 0.6142144 -1.333334
v -0.017947845 0.74321085 -1.3323596
v -0.017413236 0.74199396 -1.4333719
v 0.021332387 0.7432105 -1.3323474
v 0.02085981 0.7419937 -1.4333602
v 0.21175244 0.36881757 -1.5411983
v 0.29130915 0.368542 -1.5056748
v 0.31192866 0.36784026 -1.4151715
v 0.22329639 0.3678409 -1.4151982
v 0.0017544307 0.3688225 -1.5417618
v 0.001715575 0.3678421 -1.4152656
v -0.21986519 0.36784327 -1.4153326
v -0.20824386 0.36881992 -1.5413253
v -0.30849755 0.36784375 -1.4153596
v -0.28782246 0.36854532 -1.5058503
v 0.21945022 0.6712047 -0.3643164
v 0.22541444 0.68071234 -0.107233435
v 0.22550516 0.7199978 -0.4019379
v 0.21937117 0.6287139 -0.10763806
v 0.22585185 0.5885525 0.106558874
v 0.22585653 0.56567323 0.09088114
v 0.32808533 0.5656611 0.09241174
v 0.32808065 0.5885402 0.108089946
v 0.30959088 0.640647 -0.35702586
v 0.3110249 0.6032141 -0.10780805
v 0.26056337 0.5798461 -1.4150441
v 0.24195275 0.5709083 -1.4876211
v 0.3250454 0.5464085 -1.4877856
v 0.33660576 0.5448466 -1.4152923
v 0.33864242 0.54090846 -1.4878242
v 0.357253 0.523847 -1.4154485
v 0.34116033 0.5224092 -1.4879669
v 0.48215863 0.49971923 -1.4635996
v 0.5349785 0.4437789 -1.2780114
v 0.0016700915 0.4506847 -1.265619
v 0.0017166327 0.5448484 -1.4153936
v -0.35381988 0.523851 -1.4156637
v -0.5316308 0.44378486 -1.2783343
v -0.47869623 0.49972457 -1.4638904
v -0.3376827 0.522413 -1.4881724
v 0.530446 0.39178038 -1.2784157
v 0.48165476 0.4237213 -1.4641887
v -0.52709866 0.39178655 -1.278736
v -0.47819296 0.42372677 -1.4644796
v -0.5331434 0.4497382 -1.2722883
v -0.5870861 0.4487696 -1.0828068
v 0.0016118865 0.44971588 -1.0761211
v 0.001522304 0.43395692 -0.78473395
v -0.6586878 0.43396062 -0.7849337
v 0.0013928737 0.3507001 -0.36486697
v -0.40651724 0.35070238 -0.36499012
v 0.5903138 0.44876298 -1.08245
v 0.66173226 0.4339531 -0.7845343
v 0.40930292 0.35069773 -0.3647434
v 0.001392022 0.09820758 -0.36682397
v 0.5364875 0.44973204 -1.2719646
v -0.4009786 0.09820978 -0.36694568
v -0.6586854 0.27903897 -0.7956353
v 0.40376258 0.09820537 -0.36670232
v 0.6617347 0.27903146 -0.7952354
v -0.22278307 0.6807149 -0.107369155
v -0.21666108 0.67120737 -0.36444867
v -0.22269236 0.7200003 -0.40207314
v -0.21674013 0.62871647 -0.10777038
v -0.3068066 0.64065045 -0.35721248
v -0.30839413 0.6032176 -0.10799566
v -0.32557797 0.56566495 0.092214
v -0.2233482 0.56567585 0.09074495
v -0.22335288 0.5885551 0.106422685
v -0.32558268 0.5885441 0.107891716
v 0.3139785 0.53471524 -1.5273811
v 0.33714005 0.531122 -1.5154015
v 0.34770703 0.52990884 -1.4879068
v 0.21427667 0.5612032 -1.5579566
v 0.14377807 0.6090587 -1.5713575
v 0.17472361 0.63091457 -1.4881765
v 0.0017667755 0.614106 -1.5773616
v 0.0017395252 0.63916534 -1.4881649
v -0.17124459 0.63091666 -1.4882811
v -0.14024822 0.60906035 -1.5714436
v -0.23847474 0.570911 -1.4877665
v -0.21075557 0.5612057 -1.5580854
v -0.32156762 0.5464122 -1.4879814
v -0.3104765 0.5347187 -1.5275701
v -0.34422937 0.52991277 -1.4881161
v -0.33364546 0.5311258 -1.5156045
v 0.0017167508 0.5798476 -1.4151225
v -0.25712994 0.5798488 -1.4152006
v -0.33317256 0.5448504 -1.4154948
v -0.33516467 0.54091245 -1.4880283
v 0.44847104 0.7613465 -1.5289783
v 0.4479982 0.7846208 -1.6288012
v 0.44847155 0.7678581 -1.5304279
v 0.44799852 0.77762896 -1.6298553
v 0.44851962 0.82227 -1.6860135
v 0.4485181 0.8281737 -1.680817
v -0.4443681 0.7846263 -1.6290716
v -0.44490242 0.76135176 -1.529249
v -0.44490194 0.7678631 -1.5306987
v -0.44436777 0.7776341 -1.6301256
v -0.44485387 0.8222752 -1.686284
v -0.44485536 0.82817894 -1.6810876
v 0.22475359 0.80842376 -0.7077588
v 0.22920622 0.8625993 -0.7447145
v 0.19452873 0.82265025 -0.7286949
v 0.26781708 0.8427072 -0.7283147
v 0.19488183 0.78256875 -1.2773036
v 0.16124678 0.80656374 -1.2562498
v 0.21611398 0.864875 -0.77571654
v 0.17922616 0.82487327 -0.7649815
v 0.2415823 0.7984825 -0.708874
v 0.2584033 0.7880444 -0.7099333
v 0.30145216 0.81871206 -0.74936855
v 0.23349269 0.7626767 -1.2609037
v 0.18258728 0.72553074 -1.2806057
v 0.16576624 0.7359689 -1.2795464
v 0.14893754 0.74591005 -1.2784312
v 0.28260484 0.76885146 -0.73433626
v 0.124736026 0.76510304 -1.2540282
v 0.11925423 0.77542347 -1.216394
v 0.15653485 0.81574947 -1.2241721
v 0.21281217 0.71130437 -1.2596706
v 0.24658497 0.7604011 -1.2299021
v 0.22811468 0.7090814 -1.2233834
v 0.28808656 0.7585308 -0.7719711
v 0.30616406 0.8095266 -0.7814466
v -0.22618121 0.86260206 -0.7448526
v -0.22175191 0.8084263 -0.707894
v -0.19151402 0.8226524 -0.72881174
v -0.26480243 0.84271026 -0.7284761
v -0.23858003 0.7984852 -0.70901936
v -0.25540054 0.78804743 -0.7100889
v -0.2984248 0.8187155 -0.7495503
v -0.27958733 0.7688547 -0.7345064
v -0.19153062 0.78257114 -1.2774203
v -0.23015177 0.7626793 -1.2610444
v -0.24326307 0.7604038 -1.2300504
v -0.3031171 0.8095301 -0.78163075
v -0.28504604 0.75853413 -0.7721447
v -0.15790822 0.8065656 -1.2563462
v -0.14558603 0.7459118 -1.2785203
v -0.16241416 0.7359708 -1.2796457
v -0.17923468 0.7255327 -1.2807152
v -0.2094726 0.71130687 -1.2597985
v -0.21306987 0.8648774 -0.7758465
v -0.15321586 0.8157512 -1.2242662
v -0.11594052 0.775425 -1.2164651
v -0.121399306 0.76510453 -1.2541028
v -0.17618915 0.8248753 -0.7650891
v -0.22479743 0.709084 -1.2235206
v 0.7570244 0.4205976 0.48692918
v 0.768087 0.13371848 0.53471065
v 0.77161205 0.13021459 0.5351847
v 0.75299543 0.41708994 0.48790103
v 0.75180525 0.42032593 0.26391912
v 0.7674155 0.13558452 0.26171654
v 0.754003 0.42460126 0.4864593
v 0.7504774 0.42008987 0.48792344
v 0.43605256 0.4295776 0.2638951
v 0.4223634 0.42725235 0.563882
v 0.41757908 0.42999846 0.5644017
v 0.3822963 0.1297402 0.66106683
v 0.38632536 0.13424776 0.6601031
v 0.43630338 0.13608621 0.26161993
v -0.7658563 0.13372709 0.53424627
v -0.754761 0.42060605 0.4864716
v -0.76938164 0.13022344 0.5347179
v -0.75073266 0.4170985 0.48744583
v -0.75173926 0.42460978 0.4860037
v -0.7482146 0.42009845 0.48746973
v -0.41536328 0.4300031 0.5641496
v -0.42014724 0.4272571 0.563627
v -0.4336521 0.42958233 0.26363182
v -0.7494048 0.4203345 0.2634644
v -0.76501703 0.13559304 0.26125264
v -0.38014317 0.12974454 0.6608356
v -0.38417166 0.13425227 0.65986943
v -0.4339049 0.1360913 0.2613567
v 0.3941953 0.12022795 -0.3695343
v 0.39419514 0.07072933 -0.36991793
v 0.39436695 0.059066426 -0.92952514
v 0.39436716 0.12456454 -0.9290178
v 0.39369172 0.12072791 -0.36953062
v 0.39386356 0.12506475 -0.9290141
v 0.37153366 0.12072809 -0.36953735
v 0.3717055 0.1250646 -0.9290204
v 0.39446932 0.32112044 -1.2580042
v 0.37180766 0.32112062 -1.258011
v 0.3949729 0.32062048 -1.2580079
v 0.39453533 0.32428682 -1.4729857
v 0.37237775 0.32429844 -1.4744925
v 0.39447698 0.08734067 -1.2873169
v 0.39453188 0.20071308 -1.4639437
v 0.37237424 0.20072487 -1.46545
v 0.37231895 0.08734082 -1.2873237
v 0.3717053 0.059066694 -0.9295324
v 0.37153348 0.0707296 -0.36992514
v 0.5543673 0.083976224 -0.46626997
v 0.33603624 0.053529512 0.42995483
v 0.5543673 0.062476706 -0.46643627
v 0.3375471 0.07702862 0.43013746
v 0.33744302 0.05290548 0.76846075
v 0.3374431 0.07440494 0.7686275
v 0.1406738 0.675464 -1.3008358
v 0.10397209 0.642996 -1.4986043
v 0.10397195 0.6009972 -1.4989299
v 0.13614675 0.5996057 -1.3194257
v 0.07571035 0.67546445 -1.3008553
v 0.07571562 0.599606 -1.3194436
v 0.07572483 0.59983873 -1.3494432
v 0.0016967009 0.5998391 -1.3494655
v 0.0016972356 0.75833446 -1.3482368
v 0.04853129 0.73933464 -1.34837
v 0.00174385 0.601029 -1.5029609
v -0.100486696 0.6009984 -1.4989917
v -0.07233142 0.5998394 -1.3494878
v -0.045136962 0.7393353 -1.3483984
v -0.13277175 0.5996074 -1.319507
v -0.072340645 0.5996071 -1.3194886
v -0.07234591 0.67546505 -1.3008999
v -0.13730936 0.6754655 -1.3009198
v -0.100486554 0.6429972 -1.4986663
v 0.37102994 0.08572917 -0.3698088
v 0.37120178 0.08306612 -0.92934644
v 0.3713108 0.122812435 -1.2835487
v 0.37136784 0.286734 -1.4662839
v 0.15196745 0.17922765 -0.36915064
v 0.15146348 0.0652308 -0.3700341
v 0.15163524 0.04156823 -0.92973435
v 0.1521393 0.18356436 -0.9286336
v 0.15277891 0.35047722 -1.3683529
v 0.15232345 0.14421602 -1.5289568
v 0.15283911 0.35199672 -1.564347
v 0.15247084 0.12072937 -0.3696038
v 0.15264271 0.12506612 -0.9290868
v 0.15274487 0.32112187 -1.2580774
v 0.15281676 0.32443544 -1.4920584
v 0.15281111 0.28679714 -1.4743499
v 0.15275158 0.122813955 -1.2836151
v 0.0015647335 0.08306794 -0.929458
v 0.0013929013 0.08573131 -0.3699208
v -0.36824417 0.08573346 -0.37003273
v -0.36807233 0.083070084 -0.92956996
v -0.14940406 0.122815564 -1.2837068
v -0.3679633 0.12281676 -1.2837727
v -0.14934453 0.28679875 -1.4744414
v -0.36790627 0.28673798 -1.4665074
v -0.14933889 0.32443708 -1.4921501
v -0.36891073 0.32430285 -1.4747171
v -0.36847362 0.3211249 -1.2582349
v -0.14941078 0.3211235 -1.2581689
v -0.14951293 0.12506773 -0.92917836
v -0.36857578 0.125069 -0.92924476
v -0.1496848 0.12073122 -0.36969537
v -0.36874762 0.12073217 -0.36976135
v -0.39123765 0.059070956 -0.9297632
v -0.39140946 0.07073386 -0.37015587
v -0.39140928 0.12023248 -0.36977232
v -0.39123744 0.124568984 -0.92925537
v -0.39163885 0.320625 -1.2582458
v -0.39112762 0.0873452 -1.2875549
v -0.39107272 0.20071751 -1.4641812
v -0.39106926 0.32429135 -1.4732237
v -0.3909057 0.12073235 -0.36976814
v -0.39073384 0.12506895 -0.9292517
v -0.39113528 0.32112497 -1.2582421
v -0.36891422 0.20072903 -1.4656745
v -0.36896953 0.08734499 -1.2875482
v -0.368576 0.059070777 -0.9297564
v -0.3687478 0.07073368 -0.37014914
v 0.2735732 0.37075928 -1.1466523
v 0.36170235 0.500255 -1.1456223
v 0.36148208 0.49469748 -0.4286437
v 0.27335295 0.36520192 -0.4296738
v 0.27234527 0.2257059 -0.43075538
v 0.2725655 0.23126371 -1.1477343
v 0.16630724 0.16376597 -1.1482896
v 0.16608702 0.15820874 -0.43131107
v 0.0016324214 0.16376692 -1.148339
v 0.001412188 0.15820977 -0.43136096
v -0.1632626 0.15821049 -0.43141043
v -0.16304238 0.16376805 -1.1483895
v -0.26952046 0.22570911 -0.43091965
v -0.26930022 0.23126659 -1.1478982
v -0.27030697 0.37076235 -1.1468172
v -0.2705272 0.365205 -0.4298386
v -0.35865548 0.49470168 -0.4288618
v -0.3584352 0.500259 -1.1458398
v 0.0010415025 0.07436426 0.77402526
v 0.0011468632 0.07852273 0.43104726
v -0.3352528 0.07703261 0.4299339
v -0.33535677 0.074408874 0.76842344
v 0.0014242232 0.08402188 -0.47193724
v -0.5515224 0.08398239 -0.46660447
v 0.0010414299 0.0528648 0.7738584
v 0.0011467789 0.053523492 0.43085337
v 0.0014241505 0.062522575 -0.47210354
v -0.5515225 0.062482934 -0.46677125
v -0.3337421 0.05353306 0.42975217
v -0.3353569 0.052909356 0.7682572
v 0.12228642 0.75194293 -0.4592229
v 0.096603744 0.9164384 -0.45795572
v 0.0014248437 0.9509378 -0.45771712
v 0.0014241725 0.7519439 -0.45925975
v -0.11943807 0.75194436 -0.4592961
v -0.09375429 0.91643935 -0.45801342
v -0.14850603 0.041570228 -0.9298254
v -0.14867781 0.06523283 -0.37012517
v -0.149181 0.1792294 -0.36924177
v -0.14900912 0.18356588 -0.92872477
v -0.14937674 0.35047907 -1.3684444
v -0.14882499 0.14421777 -1.529048
v -0.14931653 0.35199833 -1.5644386
v -0.47674078 0.15527754 -1.2785541
v 0.48008537 0.15527226 -1.2782642
v 0.48000395 0.15321815 -1.0132724
v -0.47682217 0.15322363 -1.0135622
v 0.4800863 0.41776437 -1.2762296
v 0.48000488 0.41571027 -1.0112374
v -0.4767399 0.41776985 -1.2765194
v -0.47682127 0.41571587 -1.0115272
v 0.12544847 0.04156847 -0.9297426
v 0.12514165 0.3522506 -1.5648535
v -0.12231927 0.04156999 -0.9298172
v -0.12161878 0.35225213 -1.5649282
v -0.031576704 0.6247668 -1.437482
v -0.031576358 0.7274844 -1.4366859
v 0.001724225 0.7290248 -1.436664
v 0.0017238682 0.6232262 -1.437484
v 0.03502479 0.7274839 -1.4366658
v 0.035024438 0.6247665 -1.4374621
v 0.273824 0.49766317 0.18324868
v 0.35117418 0.44661915 0.18870537
v 0.19606465 0.5522897 0.35125178
v 0.23282312 0.5297341 0.36315316
v 0.1799279 0.5968159 0.42292428
v 0.24337393 0.5578345 0.44391358
v 0.12451024 0.6159168 0.49646848
v 0.18795642 0.5768099 0.51697326
v 0.19802237 0.44670773 0.17736909
v 0.15930216 0.52670693 0.35147268
v 0.14568302 0.55268294 0.424042
v 0.0887547 0.5716584 0.4971012
v 0.11492202 0.5679892 0.5605681
v -0.2713729 0.49766645 0.18308343
v -0.19556823 0.44670993 0.17725033
v -0.19371611 0.5522919 0.35113353
v -0.15695408 0.52670884 0.3513767
v -0.14337921 0.5526846 0.42395425
v -0.17762288 0.59681785 0.42281616
v -0.122250184 0.6159182 0.49639332
v -0.08649556 0.5716592 0.49704832
v -0.34872696 0.44662338 0.1884931
v -0.23048216 0.5297364 0.36301303
v -0.24108225 0.5578373 0.4437667
v -0.18570937 0.576812 0.5168603
v -0.112701885 0.5679905 0.56049925
v 0.27015206 0.42645776 1.7953662
v 0.14728716 0.4267529 1.7573302
v 0.14727549 0.42645842 1.7953293
v 0.27016374 0.42675224 1.7573675
v 0.27016363 0.39675307 1.7571354
v 0.14728706 0.39675382 1.7570981
v 0.27015197 0.39645857 1.795134
v 0.14727539 0.3964593 1.7950966
v 0.6277028 0.44736063 1.7952421
v 0.7153396 0.4476546 1.7572701
v 0.715328 0.44736013 1.7952687
v 0.62771446 0.4476551 1.7572434
v 0.7153397 0.4776538 1.7575023
v 0.6277146 0.47765434 1.7574756
v 0.62770295 0.4773597 1.7954748
v 0.71532804 0.4773593 1.7955009
v 0.67605555 0.23256828 1.7675905
v 0.65237075 0.23566525 1.8196092
v 0.2898324 0.3504675 1.6647792
v 0.29688197 0.3704475 1.6674361
v 0.30848205 0.35088983 1.6102867
v 0.3155315 0.37186596 1.6134514
v 0.68310535 0.25305223 1.7697515
v 0.6589168 0.25614518 1.8222698
v 0.3401922 0.36097848 1.6633759
v 0.2399958 0.40744275 1.6037041
v 0.2329406 0.40631893 1.6196936
v 0.34724742 0.3626025 1.6473901
v 0.33768103 0.33465376 1.6406701
v 0.23042946 0.379994 1.5969882
v 0.33062586 0.33352974 1.6566601
v 0.22337422 0.37837008 1.612974
v -0.26869214 0.39646158 1.7949706
v -0.14580385 0.3967553 1.7570093
v -0.14581552 0.39646083 1.795008
v -0.26868048 0.39675608 1.756972
v -0.14580375 0.42675442 1.757242
v -0.26868036 0.42675516 1.7572047
v -0.26869205 0.42646068 1.7952032
v -0.14581542 0.4264599 1.7952405
v -0.6262429 0.4773667 1.7950951
v -0.7138564 0.47766167 1.7570698
v -0.7138681 0.47736716 1.7950685
v -0.6262312 0.4776612 1.7570965
v -0.6262313 0.4476621 1.7568638
v -0.71385646 0.4476626 1.7568372
v -0.626243 0.44736758 1.7948625
v -0.71386814 0.4473681 1.7948358
v -0.6509284 0.23567252 1.819215
v -0.2953442 0.3704508 1.6672573
v -0.6574758 0.2561525 1.8218719
v -0.28829315 0.35047075 1.6646047
v -0.30690932 0.3508933 1.6101006
v -0.3139605 0.37186944 1.6132609
v -0.68163216 0.25305986 1.7693386
v -0.6745813 0.23257574 1.7671819
v -0.32908174 0.33353356 1.6564604
v -0.22884819 0.37999654 1.5968496
v -0.22180283 0.37837255 1.6128392
v -0.33612713 0.33465755 1.6404665
v -0.23841833 0.4074455 1.6035591
v -0.34569728 0.36260647 1.6471802
v -0.33865193 0.3609823 1.6631708
v -0.231373 0.4063215 1.6195531
v 0.8134499 0.4757982 -1.2285717
v 0.49971172 0.42489594 -1.2286667
v 0.499695 0.42447343 -1.1741685
v 0.81344986 0.44579884 -1.2288043
v 0.4997116 0.39489663 -1.2288994
v 0.49969488 0.39447433 -1.1744012
v 0.81343305 0.44537655 -1.1743062
v 0.8134331 0.47537565 -1.1740735
v 0.77214086 0.34894952 -1.1840665
v 0.45235962 0.29804716 -1.1841631
v 0.45235953 0.2710479 -1.1843723
v 0.77214855 0.3571431 -1.2090037
v 0.45236728 0.3062408 -1.2091006
v 0.7721533 0.3357637 -1.2246697
v 0.45237193 0.2848615 -1.2247661
v 0.45236713 0.26324207 -1.2094337
v 0.7721408 0.3219502 -1.1842754
v 0.77214843 0.31414437 -1.2093368
v -0.49641138 0.42447913 -1.1744701
v -0.49639463 0.42490143 -1.2289683
v -0.8101329 0.47580728 -1.2290633
v -0.810133 0.44580817 -1.229296
v -0.49639478 0.39490256 -1.2292008
v -0.4964115 0.39448002 -1.1747026
v -0.8101498 0.44538587 -1.1747978
v -0.8101497 0.47538498 -1.1745651
v -0.44906375 0.26324725 -1.2097067
v -0.7688528 0.32195884 -1.1847422
v -0.76884514 0.31415302 -1.2098036
v -0.44907138 0.27105305 -1.1846453
v -0.7688527 0.34895808 -1.1845329
v -0.44907132 0.2980524 -1.1844364
v -0.768845 0.35715187 -1.20947
v -0.4490636 0.30624598 -1.2093735
v -0.76884025 0.33577245 -1.225136
v -0.44905892 0.28486678 -1.2250396
v 0.23584351 0.67551905 0.36924398
v 0.23584346 0.6655194 0.36916643
v 0.22932263 0.67817014 0.28525984
v 0.110475294 0.7521762 0.28479773
v 0.22831546 0.6851699 0.28531402
v 0.110475 0.7591684 0.28585184
v 0.110375434 0.69766265 0.60888493
v 0.0011954315 0.7736686 0.285931
v 0.0010881688 0.70646924 0.63392085
v -0.1081838 0.69766396 0.60881853
v 0.11036985 0.6810237 0.62675613
v 0.001195715 0.7666765 0.2848769
v 0.0010899663 0.69301635 0.627816
v -0.10818938 0.68102485 0.62669015
v -0.10808394 0.75217766 0.2847314
v -0.10808423 0.75916964 0.28578544
v -0.23350492 0.66552204 0.3690244
v -0.22693238 0.67817277 0.28512168
v -0.22592518 0.6851725 0.28517634
v -0.23350488 0.67552173 0.36910194
v 0.001820839 0.7977665 -1.6473349
v 0.0018358796 0.84064126 -1.6955041
v 0.0018379024 0.8347493 -1.7022008
v 0.0017848475 0.7808603 -1.5304623
v 0.0018205083 0.790759 -1.6463892
v 0.0017843647 0.7743488 -1.5290127
v 0.38954496 0.3844283 -1.620026
v 0.42474034 0.5014984 -1.4351021
v 0.44639117 0.46441033 -1.4238828
v 0.37192145 0.42148173 -1.626744
v 0.38344574 0.50149876 -1.4351147
v 0.3356573 0.43184203 -1.6086743
v 0.38343856 0.43182626 -1.413154
v 0.3356465 0.3670764 -1.5746751
v 0.42473316 0.43182608 -1.4131415
v 0.37191096 0.35672385 -1.593745
v 0.29638413 0.3365311 -1.6334257
v 0.29639497 0.35880187 -1.6682539
v 0.29639465 0.40128872 -1.6664246
v 0.29638317 0.4204976 -1.6287745
v 0.29637235 0.35573223 -1.5947756
v 0.0017723523 0.35527644 -1.6003686
v 0.0017841104 0.3355753 -1.6390225
v 0.0017949352 0.35784614 -1.6738509
v 0.0017946179 0.40033323 -1.6720215
v 0.0017831668 0.42004204 -1.6343675
v -0.2928311 0.35573545 -1.594954
v -0.29281935 0.33653453 -1.6336042
v -0.2928085 0.35880506 -1.6684324
v -0.29280883 0.40129215 -1.666603
v -0.29282027 0.42050102 -1.6289529
v -0.3321174 0.3670804 -1.5748775
v -0.3683703 0.3567282 -1.5939692
v -0.38598782 0.38443282 -1.6202606
v -0.36835983 0.42148587 -1.6269683
v -0.33210662 0.43184572 -1.6088763
v -0.3800008 0.5015031 -1.4353459
v -0.38000798 0.4318306 -1.4133853
v -0.4212954 0.5015033 -1.4353585
v -0.44295356 0.46441543 -1.4241519
v -0.4213026 0.431831 -1.4133978
v 0.0017630751 0.33654442 -1.5705129
v 0.001633495 0.07230459 -1.1535484
v 0.0015645951 0.042069297 -0.9297762
v 0.0013928339 0.06573169 -0.37007594
v 0.0017631274 0.35204393 -1.5703928
v 0.6392851 0.23087864 1.7920678
v 0.27677235 0.22233972 1.551779
v 0.27677232 0.2043402 1.5516393
v 0.63928515 0.24887824 1.792207
v 0.6876397 0.24912183 1.7607228
v 0.2767816 0.22257213 1.5217799
v 0.27678153 0.20457275 1.5216402
v 0.6876396 0.23112255 1.7605832
v 0.687613 0.23045202 1.8470807
v 0.23135827 0.20205003 1.8471168
v 0.23137516 0.20247622 1.7921184
v 0.23137522 0.22047561 1.7922581
v 0.6876131 0.2484515 1.84722
v 0.23135832 0.2200493 1.8472564
v -0.2751652 0.2223428 1.5516118
v -0.6378259 0.23088598 1.7916809
v -0.27516523 0.2043432 1.5514725
v -0.63782585 0.24888535 1.7918202
v -0.22991571 0.22047845 1.7921181
v -0.22991574 0.20247884 1.7919788
v -0.22993262 0.20205253 1.8469772
v -0.68618774 0.23045988 1.8466648
v -0.68616116 0.2311303 1.7601672
v -0.27515602 0.20457573 1.5214734
v -0.68616104 0.24912979 1.7603065
v -0.6861876 0.24845925 1.846804
v -0.2299326 0.22005214 1.8471165
v -0.27515596 0.22257523 1.5216126
v 0.6488365 0.4514263 1.8512816
v 0.6488746 0.4528873 1.7272894
v 0.64887464 0.4728868 1.727444
v 0.6488375 0.43895394 1.8476847
v 0.24751128 0.40198562 1.7271677
v 0.24751137 0.421985 1.7273228
v 0.20416418 0.40052488 1.8511469
v 0.2041652 0.38805228 1.8475504
v 0.73851573 0.20646106 1.7167963
v 0.63427204 0.2064616 1.7167648
v 0.63427216 0.22996068 1.716947
v 0.6342282 0.20535727 1.8592602
v 0.63422835 0.22885635 1.8594424
v 0.7158541 0.22996043 1.7169712
v 0.7158548 0.4229547 1.7184671
v 0.73851657 0.4494537 1.7186794
v 0.7384728 0.44834918 1.8611753
v 0.738472 0.2053564 1.8592921
v 0.71581036 0.228856 1.859467
v 0.7158111 0.4218502 1.860963
v 0.6654955 0.4229549 1.7184521
v 0.66549563 0.4494542 1.7186576
v 0.6654518 0.44834954 1.8611535
v 0.6654517 0.4218505 1.860948
v -0.64737296 0.45289463 1.7268968
v -0.64741004 0.43896106 1.8472925
v -0.64741105 0.4514335 1.850889
v -0.2460096 0.4019883 1.7270184
v -0.20273766 0.38805455 1.8474272
v -0.20273867 0.40052703 1.8510238
v -0.6473729 0.47289395 1.7270519
v -0.24600953 0.42198756 1.7271734
v -0.73705465 0.20536494 1.8588452
v -0.71439284 0.22886397 1.8590342
v -0.71439224 0.42185825 1.86053
v -0.63281095 0.20536417 1.8588767
v -0.6328109 0.2288635 1.8590589
v -0.7143491 0.22996862 1.7165383
v -0.7370538 0.4483575 1.8607289
v -0.7370109 0.20646948 1.7163494
v -0.63276714 0.20646882 1.7163808
v -0.6327671 0.22996815 1.7165631
v -0.7143485 0.42296278 1.7180343
v -0.664033 0.42185798 1.8605456
v -0.6640329 0.44835714 1.8607507
v -0.66398907 0.4494618 1.7182548
v -0.7370101 0.44946203 1.718233
v -0.6639891 0.42296243 1.7180498
v 0.5814413 0.78450704 -1.7678173
v 0.47921443 0.89657116 -1.7739189
v 0.468146 0.9059567 -1.8082907
v 0.0018251782 0.93234664 -1.8274636
v 0.46814257 0.9302571 -1.7966933
v 0.593022 0.7931324 -1.7617822
v 0.6500131 0.76126844 -1.4728292
v 0.6414524 0.74566275 -1.4736747
v 0.0018125738 0.9222744 -1.7866123
v -0.47559738 0.8965765 -1.7742081
v -0.46450773 0.90596205 -1.8085732
v 0.0018209985 0.9561936 -1.8134077
v 0.531527 0.88911533 -1.4492992
v -0.5778293 0.7845135 -1.7681682
v 0.5350531 0.8542418 -1.4531846
v 0.001707735 0.910754 -1.4454716
v 0.0017084278 0.88178104 -1.4482698
v -0.5316335 0.8542478 -1.4535074
v -0.5281094 0.88912135 -1.4496201
v -0.6380214 0.74567 -1.4740624
v -0.6465825 0.76127577 -1.4732218
v -0.46451116 0.9302624 -1.7969759
v -0.5894136 0.79313916 -1.7621403
v 0.0017631532 0.36588064 -1.5702175
v 0.28385317 0.49311617 -1.5516381
v 0.28385276 0.36574358 -1.5526253
v 0.0017635829 0.49325317 -1.5692301
v -0.28033724 0.36574668 -1.5527962
v -0.28033683 0.49311927 -1.5518091
v -0.035634544 0.17232011 2.1348145
v 0.00062514585 0.15434743 2.131186
v 0.00062336365 0.17230038 2.1373255
v -0.03563261 0.1553709 2.128183
v 0.00063397246 0.1305729 2.1020014
v -0.13380478 0.14908846 2.0356016
v 0.00065494166 0.10996346 2.033339
v -0.10814267 0.1770529 2.1048286
v -0.106630385 0.1645919 2.0997324
v -0.14237186 0.19143246 2.0559278
v -0.17253998 0.14513542 1.9005553
v 0.0006958891 0.09369855 1.8997089
v 0.1739318 0.14513333 1.9006604
v 0.13511372 0.149087 2.0356832
v 0.036884736 0.15537034 2.128205
v 0.036882803 0.17231964 2.1348367
v 0.107900105 0.16459067 2.0997975
v 0.109409384 0.17705159 2.1048946
v 0.14366882 0.19143076 2.0560145
v 0.19658613 0.23993662 1.9264027
v 0.2500709 0.14257087 1.5861537
v 0.2933804 0.35406026 1.5883063
v 0.2950078 0.14302771 1.2046593
v 0.3362756 0.39382225 1.2966188
v 0.33793515 0.14560442 0.80768055
v 0.38325945 0.4360955 0.8099464
v 0.00079229166 0.082632765 1.5856137
v 0.0009094376 0.07508995 1.204044
v 0.0010313782 0.07766713 0.8070522
v 0.35869667 0.14848764 0.4356984
v 0.409057 0.46647787 0.43817824
v 0.42018807 0.4852871 0.2693224
v 0.41968384 0.30379263 0.26791528
v -0.24848592 0.14257361 1.5860031
v -0.29318848 0.14303093 1.2044815
v -0.33587193 0.14560841 0.80747646
v -0.356405 0.14849181 0.43548173
v 0.0011456416 0.08055045 0.43506324
v -0.195209 0.23993896 1.926284
v -0.29179433 0.35406363 1.5881289
v -0.3345099 0.39382607 1.2964157
v -0.38119426 0.4360997 0.8097147
v -0.40676317 0.4664826 0.43793103
v -0.4177902 0.4852919 0.2690689
v -0.4172872 0.30379722 0.26766223
v 0.09688304 0.1891519 1.8984778
v 0.106925175 0.12090962 1.993955
v 0.093827695 0.13880466 2.0075898
v 0.10994274 0.076314166 2.006111
v 0.07415097 0.17037757 2.1273322
v 0.07367186 0.19099312 2.0479898
v 0.110416725 0.1745555 2.1043754
v 0.14014381 0.19143473 2.0555134
v 0.14518018 0.18894629 2.053996
v 0.1880015 0.13335477 2.0010762
v 0.19759302 0.23842901 1.9273909
v 0.19003895 0.23942521 1.9278966
v 0.14921716 0.07866652 2.0251417
v 0.44382346 0.07878114 2.0102315
v 0.44382688 0.13286097 2.0001497
v 0.22328132 0.20406161 1.9101322
v 0.27976584 0.336619 1.6451689
v 0.19054253 0.23942521 1.9278966
v 0.27271584 0.33612695 1.6441629
v 0.44382945 0.07643245 1.9907119
v 0.443832 0.11599322 1.9830184
v 0.32047817 0.18615074 1.8985223
v 0.44385839 0.18615009 1.8985596
v 0.44385487 0.20406024 1.910199
v 0.32047468 0.2040612 1.9101613
v 0.32055497 0.32107282 1.6510607
v 0.2817803 0.32412332 1.6445725
v 0.2727158 0.32362738 1.6440657
v 0.27271575 0.30262792 1.6439031
v 0.3205549 0.3015734 1.6509098
v 0.1905522 0.18717463 1.8954908
v -0.27974918 0.36594442 -1.5573697
v -0.28025237 0.49294052 -1.5563854
v -0.27874753 0.4922896 -1.5368893
v -0.27874798 0.36629334 -1.5378658
v -0.28734177 0.49795237 -1.4288447
v -0.29385057 0.49190968 -1.5523973
v -0.293851 0.36691356 -1.5533661
v -0.28734225 0.3594563 -1.4299185
v 0.29231727 0.5520441 -1.5052525
v 0.31344005 0.5513349 -1.4137487
v 0.31192866 0.36784023 -1.4151713
v 0.29130915 0.36854196 -1.5056746
v 0.21175341 0.5223245 -1.5415082
v 0.21175358 0.57082295 -1.5411322
v 0.20268787 0.58279574 -1.5375422
v 0.20268767 0.5222975 -1.5380111
v 0.1845327 0.5216504 -1.4545189
v 0.18453309 0.63764673 -1.45362
v 0.21175244 0.36881757 -1.541198
v 0.20268896 0.5148284 -1.5420688
v 0.20016986 0.51930135 -1.5385349
v 0.0017285226 0.51865155 -1.4545974
v 0.0017550918 0.519322 -1.5410949
v -0.1966612 0.51930374 -1.538655
v -0.18107562 0.5216524 -1.4546298
v 0.0017544307 0.36882246 -1.5417615
v 0.0017558446 0.5148413 -1.5436296
v -0.19917819 0.5148307 -1.5421904
v -0.1991793 0.5222998 -1.5381328
v -0.1991791 0.58279806 -1.5376639
v -0.18107523 0.637649 -1.4537303
v -0.20824386 0.3688199 -1.5413251
v -0.2082429 0.5223268 -1.5416353
v -0.20824273 0.5708256 -1.5412594
v -0.28882873 0.55204755 -1.5054284
v -0.28782246 0.3685453 -1.5058501
v -0.31000772 0.5513383 -1.4139373
v -0.30849755 0.36784372 -1.4153594
v -0.31900784 0.301577 1.6507158
v -0.27116442 0.30263114 1.6437383
v -0.1891567 0.1871769 1.895376
v -0.31908458 0.18615432 1.8983288
v 0.0017587208 0.3659312 -1.5557843
v 0.0017651661 0.36459395 -1.5767953
v 0.2832675 0.36594135 -1.557199
v 0.2822543 0.36629 -1.5376961
v 0.28225473 0.4922862 -1.5367194
v 0.2837715 0.49293748 -1.5562147
v 0.0017656046 0.49459016 -1.5757878
v 0.0017591491 0.49292728 -1.5548
v -0.28075632 0.5059287 -1.5547849
v 0.0017204909 0.50495034 -1.4287028
v 0.0017651826 0.50607824 -1.5741987
v 0.2842747 0.5059253 -1.5546137
v 0.29078266 0.4979489 -1.4286698
v -0.28075683 0.35393313 -1.555963
v 0.0017646699 0.35408264 -1.5753767
v 0.0017199782 0.35295486 -1.4298811
v 0.29078218 0.35945308 -1.4297433
v 0.2842742 0.35392997 -1.555792
v 0.2973669 0.36691004 -1.5531873
v 0.2973673 0.49190614 -1.5522183
v -0.14388204 0.18894796 2.0539083
v -0.13884656 0.19143619 2.055429
v -0.18866275 0.23942724 1.9277817
v -0.19621648 0.23843122 1.9272716
v -0.18667151 0.13335685 2.0009627
v -0.109149694 0.17455666 2.1043086
v -0.07237002 0.19099407 2.0479457
v -0.072898105 0.17037846 2.1272876
v -0.092501625 0.13880576 2.0075338
v -0.22189462 0.20406409 1.9099973
v -0.44249627 0.13286598 1.9998814
v -0.4424997 0.07878624 2.0099628
v -0.14790252 0.07866831 2.0250516
v -0.10861649 0.07631533 2.0060444
v -0.27821487 0.33662236 1.6449997
v -0.28022918 0.32412666 1.6444024
v -0.31908804 0.2040646 1.9099678
v -0.4424683 0.20406546 1.9099305
v -0.44249114 0.11599825 1.9827504
v -0.4424937 0.07643746 1.9904438
v -0.2711643 0.33613002 1.643998
v -0.27116436 0.32363024 1.6439013
v -0.31900778 0.32107642 1.6508672
v -0.18916634 0.23942724 1.9277817
v -0.44246477 0.18615498 1.8982915
v -0.10559095 0.12091096 1.9938905
v -0.09548938 0.18915306 1.8984196
v 0.24803516 0.41450074 1.6607633
v 0.23947488 0.4125201 1.658245
v 0.24653625 0.42379874 1.6223336
v 0.256105 0.42781025 1.6208677
v 0.28582558 0.35303718 1.5912961
v 0.76001954 0.4229307 0.5729511
v 0.41251883 0.43238217 0.6439213
v 0.41757908 0.42999843 0.5644019
v 0.7570244 0.42059758 0.4869294
v 0.77161205 0.13021456 0.53518486
v 0.7761332 0.12393178 0.57163817
v 0.3822963 0.12974016 0.66106707
v 0.3771878 0.12141107 0.89700764
v 0.59836817 0.37419522 -1.074025
v 0.5847712 0.37419537 -1.0740293
v 0.59232605 0.44371277 -1.0759882
v 0.6079367 0.44369322 -1.073484
v 0.530446 0.39178035 -1.2784154
v 0.5500869 0.4437941 -1.2800066
v 0.5349785 0.44377887 -1.2780112
v 0.5450508 0.39179587 -1.2804112
v 0.48165476 0.42372128 -1.4641885
v 0.48769742 0.4237097 -1.4626865
v 0.33054897 0.62178355 0.27035344
v 0.3295414 0.5872769 0.2710856
v 0.23579863 0.61639297 0.5142902
v 0.2378132 0.6743914 0.51474017
v 0.10829767 0.65706736 0.8145758
v 0.11081578 0.700066 0.8149099
v 0.10714171 0.6243165 1.2983359
v 0.09797419 0.54223025 1.6317072
v 0.6004745 0.11883594 0.26153648
v 0.6004756 0.43882623 0.26401666
v 0.5561233 0.43791583 0.38149968
v 0.5561216 0.117909804 0.38101918
v 0.4165993 0.4371879 0.4754548
v 0.38132733 0.11670937 0.5359618
v 0.36002263 0.6364761 -0.5930499
v 0.42196417 0.670463 -0.5912674
v 0.43297282 0.6476888 -0.36243415
v 0.35995173 0.61519 -0.3627078
v 0.36297306 0.53969234 -0.36329216
v 0.36305138 0.5441688 -0.6182651
v 0.4257693 0.5283361 0.13415374
v 0.4041148 0.5248365 0.13411988
v 0.40411472 0.50583696 0.1339727
v -0.24497025 0.42380154 1.6221848
v -0.23793103 0.41252276 1.6581005
v -0.24649286 0.4145035 1.6606135
v -0.25453803 0.42781317 1.6207131
v -0.28424132 0.3530405 1.5911236
v -0.41536328 0.43000308 0.5641498
v -0.4103517 0.4323868 0.64367217
v -0.7578089 0.4229394 0.5724916
v -0.754761 0.42060602 0.48647177
v -0.7739253 0.12394066 0.57116896
v -0.76938164 0.13022341 0.5347181
v -0.38014317 0.12974451 0.6608358
v -0.3751797 0.12141557 0.89677984
v -0.58910245 0.44371948 -1.0763459
v -0.5815495 0.37420192 -1.0743823
v -0.59514654 0.3742021 -1.0743866
v -0.6047146 0.4437001 -1.0738509
v -0.546738 0.44380048 -1.2803386
v -0.52709866 0.39178652 -1.2787358
v -0.5316308 0.44378483 -1.278334
v -0.5417022 0.39180207 -1.2807399
v -0.47819296 0.42372674 -1.4644793
v -0.4842365 0.4237152 -1.4629812
v -0.26688394 0.3347261 1.6444886
v -0.27494216 0.33420673 1.6469824
v -0.16802494 0.29618126 1.9597292
v -0.08237775 0.45058298 1.8439484
v -0.19209254 0.5133025 1.6223948
v -0.30731556 0.4958227 1.2972149
v -0.12424919 0.21926095 2.0781498
v -0.06731636 0.35142326 1.9931887
v 0.0006677494 0.35589945 1.9962442
v 0.00071446603 0.4565668 1.84602
v -0.09641261 0.5422315 1.6316481
v -0.048213977 0.2480736 2.1023967
v 0.0006334542 0.2500461 2.105927
v -0.10537441 0.6243177 1.2982719
v -0.21666852 0.5883195 1.2979591
v -0.23263368 0.6520926 0.8114337
v -0.348964 0.5455965 0.8105733
v -0.10875064 0.70006716 0.8148434
v -0.23556396 0.67439395 0.5145971
v -0.38958865 0.59378844 0.26991802
v -0.41381344 0.46998233 0.43795615
v -0.40027794 0.44843274 0.6377991
v -0.34799224 0.105253056 0.9176636
v -0.34582976 0.09199332 0.43504685
v -0.32815027 0.62178737 0.27015373
v -0.39961168 0.6090206 0.11102855
v -0.42328805 0.5283409 0.13389681
v -0.43018508 0.6476938 -0.3626954
v -0.430185 0.67019284 -0.36252075
v -0.4190356 0.67046803 -0.59152234
v -0.326589 0.62556213 0.1056788
v -0.32652313 0.7112146 -0.10716407
v -0.3314806 0.7466901 -0.3618983
v -0.30365098 0.7400232 -0.7919541
v -0.3912763 0.6655261 -0.79255813
v -0.44918957 0.6400269 -0.7927733
v -0.47543722 0.650992 -0.5946904
v -0.2399051 0.7167138 -0.10709493
v -0.23982666 0.7526894 -0.36182392
v -0.2084719 0.74152243 -0.7919138
v -0.2204046 0.6859038 -1.2928635
v -0.28838983 0.6139063 -1.2934421
v -0.3634253 0.5884074 -1.2936625
v -0.23997098 0.62556165 0.10570496
v -0.22278307 0.6807149 -0.10736896
v -0.22269236 0.7200003 -0.40207297
v -0.18289001 0.7444644 -0.46187317
v -0.17170961 0.74652207 -0.791864
v -0.11867884 0.6914029 -1.2927899
v -0.32558268 0.5885441 0.1078919
v -0.22335288 0.58855504 0.10642287
v -0.21666108 0.67120737 -0.3644485
v -0.16881391 0.6718542 -0.3834293
v -0.15570545 0.71722883 -0.43157536
v -0.11943807 0.75194436 -0.45929593
v -0.11842949 0.94045824 -0.46033454
v -0.1132923 0.9130169 -0.79055566
v -0.07637669 0.8013995 -1.2919247
v 0.0015269556 0.9480152 -0.79024976
v 0.0016802825 0.83139807 -1.2916683
v -0.15570945 0.67213315 -0.4194243
v 0.0014257178 0.9824562 -0.45997256
v -0.09375429 0.91643935 -0.45801324
v 0.0014248437 0.9509378 -0.45771694
v 0.096603744 0.9164383 -0.45795554
v 0.12128065 0.94045687 -0.46026182
v 0.11634597 0.91301566 -0.7904863
v 0.12228642 0.75194293 -0.45922273
v 0.18573983 0.7444622 -0.4617617
v 0.17476216 0.7465202 -0.7917587
v 0.12203847 0.69140154 -1.2927172
v 0.07973706 0.8013986 -1.2918777
v 0.15853642 0.7172269 -0.43147993
v 0.17161475 0.6718523 -0.38332653
v 0.21945022 0.6712047 -0.36431617
v 0.22550516 0.71999776 -0.40193772
v 0.21152441 0.74152 -0.7917864
v 0.0014154557 0.7172278 -0.4315279
v 0.0014241725 0.7519438 -0.45925957
v 0.15853241 0.67213136 -0.4193293
v 0.0007802031 0.55071515 1.6337432
v 0.0010324498 0.6685675 0.81463253
v -0.10623282 0.65706855 0.8145108
v -0.55379504 0.43792194 0.38116372
v -0.5980751 0.4388331 0.26365408
v -0.5980762 0.11884265 0.26117337
v -0.55379677 0.11791615 0.38068324
v -0.41432866 0.4371928 0.47520328
v -0.37909764 0.11671387 0.53573155
v -0.086893246 0.6389043 -1.4866933
v -0.12925442 0.65190417 -1.2930993
v -0.08840399 0.6521539 -1.486591
v -0.17149663 0.6479083 -1.4871491
v -0.23897828 0.58191055 -1.487681
v -0.3215676 0.5574119 -1.4878961
v -0.39263374 0.5619084 -1.2938768
v -0.14024785 0.6245677 -1.5723231
v -0.21402842 0.5747169 -1.5594816
v -0.31047615 0.54872584 -1.5284613
v -0.34221497 0.5449122 -1.4879992
v -0.4001877 0.53790915 -1.2940651
v -0.49552023 0.60102844 -0.79308957
v 0.0017671349 0.6296133 -1.5782411
v -0.14024822 0.60906035 -1.5714433
v -0.21075557 0.5612057 -1.5580852
v -0.3104765 0.5347187 -1.5275699
v -0.33364546 0.5311258 -1.5156043
v -0.33414888 0.54212934 -1.5160192
v 0.0017397335 0.65541875 -1.4885386
v 0.0017667755 0.614106 -1.5773613
v -0.34422937 0.52991277 -1.4881159
v -0.4852434 0.50271285 -1.4623687
v -0.542201 0.5114107 -1.2943139
v -0.512139 0.54803 -0.7935056
v -0.55198455 0.5436725 -0.59254515
v -0.52881813 0.6079936 -0.5950399
v -0.3376827 0.52241296 -1.4881722
v -0.47869623 0.49972454 -1.4638902
v -0.6707708 0.5270314 -0.79371613
v -0.36018607 0.5396964 -0.36351132
v -0.36010778 0.54417306 -0.61848414
v -0.77694243 0.43901265 0.56311
v -0.7885272 0.1054994 0.5635213
v -0.8201205 0.106855884 0.13050967
v -0.81407607 0.48984426 0.13348001
v -0.77162284 0.11071159 -0.36696076
v -0.40163365 0.50584143 0.13372886
v -0.76557827 0.5191992 -0.36379278
v -0.66926086 0.279539 -0.7956343
v -0.3570934 0.63648015 -0.593267
v -0.35716426 0.61519414 -0.36292493
v -0.40163356 0.5248408 0.133876
v 0.08380786 0.45058206 1.8439988
v 0.19365948 0.51330024 1.6225116
v 0.21843559 0.5883171 1.2980905
v 0.23470034 0.65208995 0.8115752
v 0.06865367 0.35142243 1.9932299
v 0.16938217 0.29617926 1.9598314
v 0.3090819 0.49581936 1.297401
v 0.049483012 0.2480731 2.1024263
v 0.12553279 0.21925949 2.0782256
v 0.27649188 0.33420375 1.6471492
v 0.26843515 0.33472311 1.6446506
v 0.091882214 0.6521527 -1.4865365
v 0.090371385 0.6389033 -1.4866397
v 0.1326138 0.65190274 -1.2930202
v 0.17497516 0.6479063 -1.4870441
v 0.2237642 0.68590117 -1.2927293
v 0.29174894 0.613903 -1.2932667
v 0.24245636 0.5819079 -1.4875354
v 0.14377844 0.624566 -1.5722373
v 0.3067034 0.74001944 -0.79176944
v 0.39432827 0.66552144 -0.7923202
v 0.36678416 0.5884032 -1.2934415
v 0.32504547 0.55740815 -1.4877003
v 0.21755053 0.5747144 -1.5593507
v 0.33426902 0.7466862 -0.36169666
v 0.43297288 0.6701879 -0.36225945
v 0.4522414 0.64002186 -0.7925003
v 0.39599243 0.56190383 -1.2936383
v 0.24261515 0.7526867 -0.361678
v 0.24253671 0.7167112 -0.10694899
v 0.32915464 0.7112107 -0.10696535
v 0.40210795 0.6090159 0.11127138
v 0.22541444 0.68071234 -0.10723321
v 0.24247082 0.62555903 0.105850905
v 0.32908875 0.6255585 0.10587707
v 0.39198726 0.59378415 0.27015463
v 0.22585185 0.5885524 0.10655907
v 0.32808065 0.58854014 0.10809013
v 0.3510299 0.5455925 0.81078506
v 0.41610736 0.46997756 0.43820772
v 0.779159 0.43900385 0.56358117
v 0.47836745 0.65098655 -0.5944015
v 0.4985718 0.60102284 -0.79278857
v 0.40354624 0.5379045 -1.2938218
v 0.3456927 0.5449083 -1.4877907
v 0.31397882 0.5487224 -1.5282723
v 0.53174806 0.6079876 -0.5947185
v 0.5549122 0.5436661 -0.59221023
v 0.5151901 0.5480241 -0.79319435
v 0.5455593 0.5114046 -1.2939842
v 0.48870492 0.5027074 -1.462074
v 0.34770703 0.5299088 -1.4879066
v 0.33714005 0.53112197 -1.5154012
v 0.3376438 0.5421255 -1.5158159
v 0.67382175 0.527024 -0.7933094
v 0.7683651 0.5191906 -0.3633284
v 0.77440685 0.11070277 -0.366493
v 0.6723102 0.27953142 -0.79522806
v 0.816557 0.48983514 0.1339735
v 0.822599 0.106846556 0.13100702
v 0.7932576 0.10399054 0.5639886
v 0.48215863 0.4997192 -1.4635993
v 0.34116033 0.52240914 -1.4879667
v 0.3139785 0.53471524 -1.5273808
v 0.21427667 0.5612032 -1.5579563
v 0.14377807 0.6090587 -1.5713573
v 0.34998736 0.105249 0.9178749
v 0.34812105 0.09198938 0.43525726
v 0.40244886 0.4484282 0.63804245
v -0.32714352 0.5872807 0.2708869
v -0.2335498 0.6163957 0.5141482
v 0.6617347 0.27903146 -0.7952352
v 0.40376258 0.09820534 -0.36670214
v 0.0011456801 0.09199135 0.43515205
v 0.001392022 0.09820755 -0.3668238
v 0.38585308 0.2885222 0.56079584
v 0.0011079513 0.28851646 0.5616788
v -0.4009786 0.09820975 -0.3669455
v -0.38363662 0.2885266 0.5605627
v -0.6586854 0.27903894 -0.79563516
v -0.041110527 0.73627704 -1.3409203
v 0.0017145782 0.7552723 -1.4047621
v 0.00169492 0.7547763 -1.3407639
v -0.04109087 0.7367731 -1.4049182
v 0.0017144753 0.770268 -1.4041456
v -0.053680807 0.74776906 -1.4043368
v -0.07029977 0.57627803 -1.4061714
v -0.096486755 0.57627434 -1.405679
v -0.07233381 0.57578206 -1.3421737
v 0.04450023 0.73627657 -1.3408942
v 0.07372773 0.57627726 -1.4061278
v 0.07572245 0.5757812 -1.3421291
v 0.04451989 0.7367726 -1.4048924
v 0.05710959 0.7477686 -1.4043033
v 0.099914394 0.57627314 -1.4056194
v 0.32551324 0.58729243 0.2690844
v 0.31040528 0.62428373 0.27036628
v 0.33709586 0.58729243 0.26908782
v 0.29882267 0.6217837 0.27034372
v 0.23534717 0.67970115 0.3457758
v 0.23534848 0.66573644 0.34116727
v 0.2343324 0.66201174 0.37013894
v 0.23533963 0.67901117 0.37027115
v 0.1119014 0.69354665 0.55935174
v 0.111901194 0.7240377 0.5605884
v 0.2639544 0.53775585 0.6606937
v 0.107309 0.54854715 0.7522324
v 0.0010506671 0.56053966 0.7532932
v 0.0011039808 0.7048685 0.58240706
v 0.001103763 0.73136 0.583612
v 0.07606876 0.6895897 0.81181824
v 0.10578063 0.6615903 0.8116102
v 0.106637724 0.5983097 1.2991345
v 0.058292907 0.62480915 1.299325
v 0.0010334742 0.69908994 0.81186885
v 0.00088337465 0.6343092 1.2993815
v -0.30800658 0.62428725 0.27017918
v -0.3231142 0.587296 0.26888806
v -0.3346968 0.58729625 0.26888472
v -0.29642394 0.6217871 0.2701634
v -0.26179644 0.53775877 0.6605342
v -0.10520712 0.5485483 0.75216836
v -0.109679386 0.6935478 0.55928487
v -0.23299405 0.6797038 0.34563377
v -0.23299274 0.66573906 0.34102523
v -0.23199446 0.6620144 0.36999786
v -0.2330016 0.67901385 0.3701291
v -0.109679595 0.7240391 0.56052107
v 0.33105257 0.62078357 0.27034548
v 0.24234535 0.6683875 0.515195
v 0.11132027 0.6965891 0.8118831
v 0.0008840193 0.64332443 1.2974513
v 0.0618187 0.6328245 1.2973883
v 0.10965992 0.60682493 1.297201
v -0.10925333 0.6965905 0.8118162
v -0.060050737 0.63282514 1.2973515
v -0.24009646 0.6683902 0.5150491
v -0.32865387 0.6207874 0.27014577
v -0.05652623 0.62480986 1.2992901
v -0.10789213 0.6068261 1.2971351
v -0.10487122 0.59831095 1.2990705
v -0.10371394 0.66159153 0.81154674
v -0.07400188 0.6895905 0.8117727
v 0.14137669 0.7837717 -0.30796587
v 0.13684528 0.7837948 -0.31096697
v 0.13381071 0.84245986 -0.26751214
v 0.14186758 0.8419443 -0.26551366
v 0.14285612 0.8259759 -0.2051353
v 0.1438599 0.7264014 -0.19590645
v 0.14134164 0.7258937 -0.19491126
v 0.13781974 0.8269642 -0.2036288
v 0.08045559 0.9071017 -0.3500297
v 0.081947684 0.9246282 -0.28889143
v 0.100060835 0.9062217 -0.23652686
v 0.11016072 0.8884314 -0.32816482
v 0.07644173 0.8554831 -0.39943254
v 0.1081594 0.83776635 -0.37155944
v 0.069384076 0.67981774 -0.37879527
v 0.1010981 0.6715078 -0.33884937
v 0.13733844 0.831026 -0.27609956
v 0.1378523 0.78129095 -0.31048596
v 0.14486924 0.7269555 -0.20290183
v 0.12020906 0.6508649 -0.25600088
v 0.12271186 0.6619809 -0.20641233
v 0.08696156 0.6241062 -0.22271724
v 0.08645032 0.6349122 -0.19763292
v 0.109099336 0.8435685 -0.15250735
v 0.1327779 0.7978179 -0.18485586
v 0.1121166 0.79946524 -0.1393479
v 0.06426255 0.79914385 -0.09786357
v 0.0013086939 0.7985241 -0.082386956
v 0.0013155221 0.8651888 -0.10337113
v -0.10643834 0.8435698 -0.1525728
v -0.061635632 0.79914457 -0.097901866
v -0.10946419 0.7994665 -0.1394148
v -0.13009752 0.7978193 -0.18493538
v -0.13460164 0.83102757 -0.27618194
v 0.0013493889 0.9350353 -0.2123328
v -0.09734749 0.9062229 -0.23658694
v -0.10739132 0.8884327 -0.32823068
v -0.105363905 0.83776754 -0.37162387
v -0.13509494 0.7812926 -0.3105688
v -0.12757955 0.79731935 -0.18493862
v -0.1341211 0.7334569 -0.20293619
v 0.0013726098 0.94462043 -0.28776067
v -0.079201974 0.92462915 -0.28894037
v 0.0013952637 0.9226945 -0.36193287
v -0.077672526 0.9071025 -0.3500777
v 0.0014136529 0.86566514 -0.422877
v -0.07362891 0.8554837 -0.39947766
v 0.0014058241 0.6844885 -0.40078068
v -0.066585965 0.67981845 -0.37883693
v 0.13025993 0.7973179 -0.18486057
v 0.13681178 0.73345536 -0.20285429
v 0.12471194 0.7056153 -0.15907235
v 0.12823679 0.70360744 -0.1580865
v 0.11162494 0.6497837 -0.18100972
v 0.09600475 0.63056344 -0.15266217
v 0.10304618 0.68583304 -0.122731015
v 0.055194046 0.66756266 -0.08788626
v 0.058720537 0.6106029 -0.09332664
v 0.10002539 0.68785244 -0.1252165
v 0.055698954 0.6700955 -0.09211646
v 0.0013056995 0.66196436 -0.07519527
v 0.001304308 0.6591793 -0.070716664
v 0.0013075839 0.60601825 -0.08237906
v -0.0560986 0.61060363 -0.09336154
v -0.05257479 0.66756314 -0.08791877
v -0.0933461 0.6305645 -0.15271984
v -0.05307707 0.67009604 -0.09214942
v -0.10040528 0.68583417 -0.12279259
v -0.12557395 0.70360893 -0.15816353
v -0.10894866 0.6497848 -0.18107615
v -0.12001984 0.66198236 -0.206486
v -0.09738294 0.6878535 -0.12527613
v -0.1220485 0.7056167 -0.15914701
v -0.14217861 0.72695726 -0.20298906
v -0.11748671 0.6508662 -0.25607264
v -0.08425997 0.6241073 -0.2227691
v -0.08376401 0.634913 -0.19768433
v -0.09832462 0.6715087 -0.3389095
v -0.13107908 0.8424615 -0.26759207
v -0.13408759 0.7837965 -0.31104934
v -0.13862087 0.78377324 -0.3080507
v -0.13913716 0.8419458 -0.26559854
v -0.13512751 0.82696587 -0.20371164
v -0.14016297 0.8259774 -0.20522065
v -0.13865592 0.7258951 -0.19499563
v -0.14117357 0.726403 -0.19599272
v 0.3691092 0.6305303 -0.6645954
v 0.4219865 0.6580295 -0.66436636
v 0.36936074 0.5565328 -0.66516906
v 0.36002195 0.5436674 -0.59226936
v 0.5317694 0.5570317 -0.66511595
v 0.5116258 0.6030306 -0.6647653
v 0.46680626 0.64002967 -0.664492
v -0.508653 0.60303634 -0.66507405
v -0.52879685 0.5570377 -0.66543686
v -0.36638817 0.5565368 -0.6653916
v -0.3570942 0.5436713 -0.592486
v -0.36613616 0.6305346 -0.6648179
v -0.4190133 0.65803415 -0.6646209
v -0.46383312 0.6400348 -0.6647737
v 0.12609863 0.6144981 -1.3089606
v 0.24228893 0.7098748 -1.2278628
v 0.20316039 0.5849019 -1.2209462
v 0.18809019 0.72949433 -1.2939358
v 0.2312025 0.7149554 -1.224431
v 0.2911744 0.7644047 -0.7730184
v 0.30298102 0.75991815 -0.7710298
v 0.26548925 0.6362948 -0.7517924
v 0.21291395 0.686081 -0.65549606
v 0.1490024 0.7535138 -1.2914476
v 0.18616669 0.7308931 -1.2816614
v 0.07413777 0.6458565 -1.3055904
v 0.112644106 0.7887605 -1.2195256
v 0.15202536 0.751784 -1.2794793
v 0.021562409 0.6956428 -1.209294
v 0.08389132 0.74703556 -0.74014026
v 0.17333622 0.8388037 -0.76269203
v 0.18281326 0.83073217 -0.7660927
v 0.12284131 0.7812828 -1.2175055
v 0.16095304 0.71743935 -0.65212584
v 0.2279611 0.8186187 -0.6971207
v 0.2278414 0.8142976 -0.7088066
v 0.26704878 0.79459924 -0.6996088
v 0.26198268 0.7934068 -0.71098965
v -0.12272992 0.6144996 -1.3090357
v -0.14564282 0.7535154 -1.2915368
v -0.07077076 0.6458573 -1.305634
v -0.18472932 0.72949654 -1.2940487
v -0.18281336 0.7308952 -1.2817733
v -0.14867313 0.7517857 -1.27957
v -0.11952684 0.78128415 -1.2175786
v -0.10932833 0.7887618 -1.2195929
v -0.018253999 0.6956431 -1.2093061
v -0.08087048 0.7470365 -0.7401902
v -0.23896888 0.7098776 -1.2280087
v -0.22788452 0.7149579 -1.2245703
v -0.28813317 0.76440805 -0.7731939
v -0.29994106 0.7599215 -0.77121204
v -0.2640523 0.7946023 -0.69976926
v -0.25897923 0.7934097 -0.7111471
v -0.224839 0.8143001 -0.7089438
v -0.19984604 0.5849044 -1.2210683
v -0.26246253 0.63629776 -0.75195235
v -0.20994577 0.6860835 -0.655624
v -0.22496583 0.8186212 -0.69725794
v -0.17030048 0.83880574 -0.7627962
v -0.17977548 0.83073425 -0.76620275
v -0.1579866 0.71744126 -0.65222275
v 0.1358029 0.7319129 -0.1973659
v 0.13882352 0.7303897 -0.19437699
v 0.12571834 0.7050958 -0.1565757
v 0.11614662 0.8144958 -0.14323057
v 0.068795055 0.80414754 -0.09832351
v 0.07936929 0.67413193 -0.09682791
v 0.0013259773 0.69654363 -0.14057235
v 0.1398332 0.8279409 -0.20062073
v 0.0013263759 0.8147542 -0.13965587
v 0.0013076188 0.79849696 -0.07888715
v -0.07674445 0.67413294 -0.096875384
v -0.12305644 0.70509744 -0.15665127
v -0.1331156 0.73191434 -0.19744734
v 0.14235403 0.8135149 -0.21023192
v -0.1361381 0.7303912 -0.19446038
v -0.113491654 0.81449705 -0.14329992
v -0.13714279 0.82794243 -0.20070459
v -0.1396579 0.81351644 -0.21031721
v -0.0661678 0.80414826 -0.09836425
v -1.0150168 0.66985464 1.7871205
v -0.71789706 0.6698529 1.7872106
v -0.71785575 0.6444129 1.6525062
v -1.0149755 0.64441454 1.6524161
v -0.717821 0.56881285 1.5379074
v -1.0149407 0.5688145 1.5378172
v -0.7177978 0.45541868 1.460512
v -1.0149176 0.45542043 1.460422
v -0.7177902 0.32113153 1.432954
v -1.01491 0.32113326 1.432864
v -0.8686608 0.5366494 2.0030825
v -0.8685257 0.54011405 1.5630964
v -0.8685272 0.10012777 1.5596316
v -0.8686623 0.09666291 1.9996183
v -1.015126 0.3155977 2.1358418
v -0.7180061 0.31559616 2.1359322
v -0.7179975 0.45030063 2.1104915
v -1.0151172 0.45030212 2.1104019
v -0.71797365 0.5648995 2.0348918
v -1.0150933 0.56490093 2.034802
v -0.7179383 0.6422945 1.921498
v -1.0150583 0.6422963 1.9214078
v -1.0150192 -0.033123404 1.7815849
v -0.71789944 -0.033125192 1.781675
v -0.7179405 -0.007685274 1.9163793
v -1.0150604 -0.007683575 1.9162896
v -0.71797526 0.067914814 2.0309782
v -1.015095 0.06791651 2.0308886
v -0.71799845 0.18130879 2.1083736
v -1.0151181 0.18131047 2.1082838
v -0.7177987 0.18642692 1.4583939
v -1.0149186 0.18642873 1.4583038
v -0.7178226 0.07182832 1.5339938
v -1.0149424 0.07183011 1.5339037
v -0.71785796 -0.005567074 1.6473881
v -1.0149777 -0.0055652857 1.647298
v -0.76164067 0.090186104 1.5521258
v -0.7616391 0.55017173 1.5557476
v -0.76178044 0.54654956 2.0157337
v -0.761782 0.086564034 2.0121114
v -1.015995 0.07666431 1.6819464
v -1.0159688 0.13433187 1.5973978
v -1.0159509 0.21977822 1.5410687
v -1.0159445 0.32043242 1.5218606
v -1.016026 0.055873573 1.7822856
v -1.0160568 0.07508159 1.8829397
v -1.0160828 0.13141051 1.9683863
v -1.0160997 0.21595904 2.026054
v -0.8665007 0.17978618 1.9208109
v -0.86648154 0.13828364 1.8574823
v -0.86645865 0.124370635 1.78287
v -1.0161057 0.31629863 2.0468447
v -0.86651343 0.24245349 1.9633055
v -1.0160992 0.41695282 2.0276365
v -0.86651766 0.3168371 1.9783916
v -1.0160813 0.5023991 1.9713074
v -0.86651295 0.39144883 1.9644787
v -1.0160551 0.5600667 1.8867589
v -0.8664998 0.45477775 1.9229763
v -1.0160241 0.5808574 1.7864197
v -1.0159934 0.5616493 1.685765
v -1.0159674 0.5053203 1.600319
v -0.8664346 0.49844575 1.7113136
v -0.86645734 0.5123587 1.7859254
v -0.8664803 0.49727255 1.860309
v -1.0159502 0.42077175 1.5426514
v -0.8664153 0.45694298 1.6479849
v -0.8664027 0.39427575 1.60549
v -0.86639845 0.31989214 1.5904038
v -0.86640316 0.24528041 1.6043167
v -0.8664162 0.1819514 1.6458197
v -0.8664358 0.13945672 1.7084869
v -0.7178684 0.0791547 1.683056
v -0.717899 0.05837187 1.7823954
v -0.71784234 0.13631438 1.5995036
v -0.71782476 0.22075689 1.5436666
v -0.7178183 0.320411 1.5244507
v -0.71792954 0.07758774 1.8820502
v -0.7179551 0.13342457 1.9664922
v -0.71797216 0.21697696 2.023652
v -0.717978 0.31631646 2.0444348
v -0.71797156 0.4159708 2.025219
v -0.7179539 0.5004132 1.9693819
v -0.7179279 0.55757296 1.8858296
v -0.71789724 0.5783558 1.7864903
v -0.71786684 0.55913985 1.6868359
v -0.71784115 0.5033031 1.6023935
v -0.7178241 0.41975063 1.5452341
v -0.89368457 0.24112698 1.8889568
v -0.893692 0.31734118 1.9143858
v -0.9848423 0.31734154 1.9143581
v -0.98483443 0.39394683 1.8901325
v -1.0095243 0.3183656 1.7843546
v -0.9848349 0.24112757 1.8889291
v -0.8936648 0.19441485 1.823587
v -0.9848151 0.19441544 1.8235593
v -0.9847905 0.19504812 1.7432176
v -0.89364016 0.19504753 1.7432452
v -0.8936841 0.39394626 1.8901602
v -0.9848143 0.44168246 1.8255066
v -0.89366394 0.4416821 1.8255342
v -0.98478967 0.4423151 1.7451649
v -0.9847699 0.39560324 1.679795
v -0.9847625 0.31938902 1.654366
v -0.98477036 0.24278373 1.6785916
v -0.89363927 0.44231486 1.745192
v -0.89361954 0.39560273 1.6798222
v -0.89361215 0.31938845 1.6543937
v -0.89362 0.24278337 1.6786193
v -0.97744334 0.25350565 1.9747266
v -0.97746086 0.23510823 2.0315518
v -1.0230677 0.23707514 2.0291188
v -1.021107 0.23608238 2.031546
v -1.0211108 0.31631586 2.0453248
v -1.0210896 0.2555195 1.9747293
v -0.9308415 0.26455823 1.9314915
v -0.97497815 0.26657206 1.9314942
v -0.9307509 0.26688138 1.6364352
v -0.9774604 0.39773017 2.032832
v -1.0211065 0.39675662 2.032811
v -1.0210893 0.3782162 1.9756956
v -0.97497773 0.36784574 1.9322914
v -0.9748875 0.26889554 1.6364374
v -1.0209715 0.2575669 1.5910504
v -0.9773255 0.25506595 1.5910442
v -1.0230672 0.39580193 2.0303683
v -0.97744286 0.38178977 1.9757369
v -0.93084115 0.37141922 1.9323331
v -0.97488713 0.37016913 1.637235
v -0.9307506 0.3737427 1.6372764
v -1.0209713 0.3822115 1.5920321
v -1.0209506 0.320426 1.5233763
v -1.022917 0.24093999 1.5383314
v -0.9773086 0.23901118 1.5358953
v -1.0209548 0.23998523 1.5358901
v -0.9773081 0.40163302 1.5371761
v -0.977325 0.38627186 1.5920773
v -1.0229166 0.3996667 1.5395814
v -1.0209544 0.40065974 1.5371552
v -0.9774033 0.5087334 1.849229
v -0.97740865 0.56555843 1.8676262
v -1.0230157 0.5631396 1.8656456
v -1.0210545 0.56556636 1.866639
v -1.02103 0.57934517 1.7864056
v -1.021049 0.5087496 1.8472022
v -0.9308117 0.46548402 1.8381903
v -0.97494763 0.4655002 1.8361629
v -0.9308127 0.17042752 1.8358666
v -0.97735864 0.566839 1.7050043
v -1.0210054 0.56683147 1.7059648
v -1.0210111 0.5097157 1.7245052
v -0.9749166 0.46629757 1.7348895
v -0.9749486 0.17044361 1.8338398
v -1.0210505 0.12507097 1.8451543
v -0.97740495 0.1250509 1.8476682
v -1.0229671 0.5643895 1.7069187
v -0.9773639 0.50974345 1.7209446
v -0.9307789 0.46632546 1.731329
v -0.9749176 0.17124107 1.7325659
v -0.9307799 0.17126888 1.7290058
v -1.0210123 0.12605253 1.7205101
v -1.0210316 0.05739656 1.7822956
v -1.0230174 0.072352186 1.861781
v -0.9774103 0.06990224 1.863723
v -1.0210562 0.069910124 1.8627363
v -0.9773603 0.07118276 1.7011012
v -0.9773647 0.12608418 1.7164626
v -1.0229688 0.07360208 1.7030541
v -1.0210068 0.07117538 1.7020617
v 1.0164707 0.66985345 1.7821865
v 0.71935076 0.6698517 1.7820963
v 0.7193095 0.64441174 1.9168006
v 1.0164294 0.6444134 1.9168909
v 0.7192747 0.5688118 2.0313995
v 1.0163944 0.56881344 2.0314896
v 0.7192515 0.45541763 2.108795
v 1.0163715 0.45541936 2.1088848
v 0.7192438 0.32113045 2.1363533
v 1.0163639 0.3211322 2.1364431
v 0.87011456 0.5366481 1.5662243
v 0.8699794 0.5401129 2.0062106
v 0.8699809 0.10012667 2.0096755
v 0.87011606 0.0966616 1.5696889
v 1.0165799 0.31559634 1.4334654
v 0.7194599 0.3155948 1.4333751
v 0.7194513 0.45029926 1.4588153
v 1.016571 0.45030072 1.4589051
v 0.7194274 0.56489813 1.5344151
v 1.0165472 0.5648996 1.5345049
v 0.7193921 0.6422933 1.6478089
v 1.0165119 0.64229506 1.6478992
v 1.0164728 -0.033124626 1.7877223
v 0.7193531 -0.033126384 1.7876323
v 0.71939427 -0.0076865554 1.6529279
v 1.0165141 -0.0076848567 1.6530176
v 0.719429 0.0679135 1.538329
v 1.0165489 0.06791517 1.5384187
v 0.7194522 0.18130742 1.4609336
v 1.016572 0.1813091 1.4610233
v 0.7192524 0.18642588 2.1109133
v 1.0163722 0.18642765 2.1110034
v 0.7192763 0.07182723 2.0353134
v 1.0163963 0.07182902 2.0354035
v 0.71931165 -0.005568236 1.9219191
v 1.0164313 -0.005566448 1.9220093
v 0.76309437 0.090185 2.0171814
v 0.7630928 0.5501706 2.0135593
v 0.7632342 0.54654825 1.5535733
v 0.76323575 0.08656272 1.5571958
v 1.0174487 0.07666314 1.8873608
v 1.0174224 0.13433073 1.9719093
v 1.0174046 0.21977712 2.0282385
v 1.0173981 0.32043132 2.0474465
v 1.0174797 0.05587235 1.7870218
v 1.0175104 0.07508032 1.6863675
v 1.0175364 0.1314092 1.6009209
v 1.0175536 0.21595772 1.5432533
v 0.86795443 0.1797849 1.6484962
v 0.8679353 0.13828239 1.7118249
v 0.8679124 0.12436943 1.7864372
v 1.0175595 0.3162973 1.5224625
v 0.8679672 0.24245217 1.6060017
v 1.0175531 0.41695148 1.5416704
v 0.8679714 0.3168358 1.5909154
v 1.0175352 0.5023977 1.5979996
v 0.8679667 0.39144754 1.6048284
v 1.017509 0.56006545 1.682548
v 0.86795354 0.45477647 1.6463307
v 1.017478 0.58085614 1.7828872
v 1.017447 0.56164813 1.883542
v 1.0174212 0.5053192 1.9689881
v 0.8678883 0.49844456 1.8579934
v 0.8679111 0.51235753 1.7833816
v 0.86793405 0.4972713 1.708998
v 1.0174038 0.42077065 2.0266557
v 0.867869 0.45694184 1.9213221
v 0.8678564 0.39427462 1.963817
v 0.86785215 0.319891 1.9789033
v 0.86785686 0.24527928 1.9649904
v 0.8678699 0.18195026 1.9234875
v 0.8678895 0.13945554 1.8608203
v 0.7193221 0.07915355 1.8862511
v 0.7193528 0.05837068 1.7869118
v 0.71929604 0.13631324 1.9698036
v 0.71927845 0.22075579 2.0256405
v 0.719272 0.3204099 2.0448563
v 0.7193833 0.07758649 1.687257
v 0.71940887 0.13342327 1.602815
v 0.7194259 0.21697563 1.545655
v 0.71943176 0.3163151 1.5248722
v 0.7194253 0.4159695 1.544088
v 0.7194077 0.5004119 1.599925
v 0.71938163 0.5575717 1.6834774
v 0.719351 0.5783546 1.7828166
v 0.7193206 0.5591387 1.882471
v 0.71929485 0.503302 1.9669135
v 0.7192778 0.41974956 2.024073
v 0.8951383 0.24112572 1.6803503
v 0.8951458 0.3173399 1.6549213
v 0.98629606 0.31734025 1.654949
v 0.9862882 0.39394557 1.6791744
v 1.010978 0.31836438 1.7849525
v 0.98628867 0.2411263 1.680378
v 0.89511853 0.19441362 1.7457201
v 0.9862689 0.1944142 1.7457478
v 0.9862442 0.19504692 1.8260895
v 0.89509386 0.19504634 1.8260618
v 0.89513785 0.39394498 1.6791469
v 0.98626804 0.4416812 1.7438005
v 0.8951177 0.44168085 1.7437729
v 0.98624337 0.4423139 1.8241422
v 0.9862236 0.39560205 1.889512
v 0.9862162 0.31938788 1.9149411
v 0.98622406 0.24278255 1.8907155
v 0.89509296 0.44231367 1.824115
v 0.89507324 0.39560157 1.8894849
v 0.89506584 0.3193873 1.9149134
v 0.8950737 0.2427822 1.8906878
v 0.9788971 0.25350434 1.5945805
v 0.9789146 0.23510689 1.5377554
v 1.0245216 0.2370738 1.5401884
v 1.0225608 0.23608103 1.5377611
v 1.0225646 0.31631452 1.5239823
v 1.0225434 0.2555182 1.5945778
v 0.93229526 0.26455694 1.6378156
v 0.9764319 0.26657078 1.6378129
v 0.9322046 0.2668802 1.9328719
v 0.97891414 0.3977288 1.5364751
v 1.0225604 0.39675528 1.536496
v 1.022543 0.3782149 1.5936115
v 0.9764315 0.36784446 1.6370157
v 0.9763412 0.26889437 1.9328697
v 1.0224254 0.25756577 1.9782567
v 0.9787792 0.25506485 1.9782629
v 1.0245211 0.3958006 1.5389388
v 0.9788966 0.38178846 1.5935702
v 0.9322949 0.3714179 1.6369739
v 0.97634083 0.37016797 1.9320719
v 0.9322043 0.37374154 1.9320307
v 1.0224252 0.38221037 1.9772749
v 1.0224042 0.32042488 2.0459306
v 1.0243709 0.24093889 2.0309758
v 0.97876227 0.23901008 2.0334117
v 1.0224085 0.23998412 2.033417
v 0.9787618 0.40163192 2.032131
v 0.9787787 0.38627073 1.9772297
v 1.0243702 0.3996656 2.0297256
v 1.022408 0.4006586 2.032152
v 0.97885704 0.50873214 1.720078
v 0.9788624 0.5655572 1.7016808
v 1.0244696 0.5631383 1.7036613
v 1.0225084 0.56556505 1.702668
v 1.0224836 0.579344 1.7829014
v 1.0225027 0.50874835 1.7221048
v 0.93226546 0.46548277 1.7311168
v 0.9764014 0.46549898 1.733144
v 0.9322665 0.17042626 1.7334405
v 0.97881234 0.5668378 1.8643026
v 1.022459 0.56683034 1.8633422
v 1.022465 0.5097145 1.8448019
v 0.9763703 0.46629637 1.8344175
v 0.97640234 0.17044237 1.7354674
v 1.0225043 0.12506974 1.7241529
v 0.9788587 0.12504965 1.7216389
v 1.0244207 0.56438833 1.8623884
v 0.9788176 0.5097423 1.8483623
v 0.9322326 0.46632427 1.837978
v 0.9763713 0.17123988 1.8367413
v 0.9322336 0.17126769 1.8403013
v 1.022466 0.12605134 1.8487971
v 1.0224853 0.05739537 1.7870116
v 1.0244713 0.072350934 1.7075262
v 0.9788641 0.06990099 1.7055842
v 1.02251 0.06990887 1.7065709
v 0.978814 0.07118158 1.868206
v 0.9788184 0.12608299 1.8528446
v 1.0244224 0.0736009 1.8662531
v 1.0224607 0.071174204 1.8672456
v 1.0415528 0.6930046 -1.2049606
v 0.74443287 0.6930029 -1.2050508
v 0.7443916 0.6675629 -1.0703465
v 1.0415115 0.6675646 -1.0702562
v 0.7443568 0.59196293 -0.9557476
v 1.0414765 0.5919646 -0.95565736
v 0.7443336 0.4785688 -0.87835217
v 1.0414536 0.47857052 -0.87826216
v 0.74432594 0.3442816 -0.850794
v 1.041446 0.34428337 -0.85070395
v 0.8951967 0.55979925 -1.4209228
v 0.8950615 0.5632641 -0.9809365
v 0.895063 0.12327783 -0.97747153
v 0.89519817 0.11981276 -1.4174582
v 1.041662 0.3387475 -1.5536819
v 0.744542 0.33874595 -1.553772
v 0.7445334 0.47345042 -1.5283318
v 1.0416532 0.47345188 -1.528242
v 0.7445095 0.5880493 -1.452732
v 1.0416293 0.5880508 -1.4526422
v 0.74447423 0.66544443 -1.3393382
v 1.041594 0.6654462 -1.339248
v 1.0415549 -0.009973466 -1.1994247
v 0.7444352 -0.009975225 -1.1995149
v 0.7444764 0.015464604 -1.3342192
v 1.0415962 0.015466303 -1.3341295
v 0.7445111 0.09106466 -1.4488181
v 1.041631 0.09106633 -1.4487284
v 0.7445343 0.20445858 -1.5262135
v 1.0416541 0.20446026 -1.5261238
v 0.7443345 0.20957704 -0.87623394
v 1.0414543 0.20957881 -0.87614375
v 0.7443584 0.09497839 -0.95183384
v 1.0414784 0.09498018 -0.9517436
v 0.74439377 0.017582923 -1.065228
v 1.0415134 0.017584711 -1.0651377
v 0.7881765 0.11333616 -0.96996576
v 0.7881749 0.57332176 -0.9735878
v 0.7883163 0.5696994 -1.4335738
v 0.78831786 0.10971388 -1.4299513
v 1.0425308 0.099814296 -1.0997863
v 1.0425045 0.1574819 -1.0152378
v 1.0424867 0.24292828 -0.9589086
v 1.0424802 0.34358248 -0.9397006
v 1.0425618 0.07902351 -1.2001253
v 1.0425925 0.09823148 -1.3007796
v 1.0426185 0.15456036 -1.3862262
v 1.0426357 0.23910888 -1.4438938
v 0.89303654 0.20293605 -1.338651
v 0.8930174 0.16143355 -1.2753222
v 0.8929945 0.14752059 -1.2007099
v 1.0426416 0.33944845 -1.4646846
v 0.8930493 0.26560333 -1.3811454
v 1.0426352 0.44010264 -1.4454767
v 0.89305353 0.33998695 -1.3962317
v 1.0426173 0.5255489 -1.3891475
v 0.8930488 0.4145987 -1.3823187
v 1.0425911 0.5832166 -1.304599
v 0.89303565 0.47792763 -1.3408164
v 1.0425601 0.6040073 -1.2042599
v 1.0425291 0.5847993 -1.1036052
v 1.0425034 0.52847034 -1.018159
v 0.8929704 0.5215957 -1.1291537
v 0.8929932 0.5355087 -1.2037655
v 0.89301616 0.52042246 -1.2781491
v 1.042486 0.4439218 -0.9604915
v 0.89295113 0.480093 -1.065825
v 0.8929385 0.41742578 -1.0233301
v 0.89293426 0.34304217 -1.0082438
v 0.892939 0.26843044 -1.0221567
v 0.892952 0.20510142 -1.0636595
v 0.89297163 0.1626067 -1.1263268
v 0.7444042 0.10230471 -1.100896
v 0.7444349 0.08152184 -1.2002352
v 0.74437815 0.1594644 -1.0173435
v 0.74436057 0.24390694 -0.96150666
v 0.7443541 0.34356105 -0.9422907
v 0.7444654 0.100737646 -1.29989
v 0.744491 0.15657443 -1.3843321
v 0.744508 0.24012679 -1.4414921
v 0.74451387 0.33946627 -1.4622749
v 0.74450743 0.43912065 -1.4430591
v 0.7444898 0.5235631 -1.387222
v 0.74446374 0.58072287 -1.3036697
v 0.7444331 0.60150576 -1.2043304
v 0.7444027 0.5822899 -1.1046761
v 0.74437696 0.52645314 -1.0202336
v 0.7443599 0.44290072 -0.96307415
v 0.92022043 0.26427686 -1.3067968
v 0.9202279 0.34049106 -1.3322258
v 1.0113783 0.3404914 -1.3321981
v 1.0113704 0.41709673 -1.3079727
v 1.0360601 0.34151554 -1.2021946
v 1.0113709 0.26427746 -1.3067691
v 0.92020065 0.21756478 -1.241427
v 1.0113511 0.21756536 -1.2413993
v 1.0113263 0.21819808 -1.1610576
v 0.92017597 0.2181975 -1.1610852
v 0.92021996 0.41709614 -1.3080002
v 1.0113502 0.46483237 -1.2433466
v 0.9201998 0.464832 -1.2433742
v 1.0113256 0.46546507 -1.1630049
v 1.0113058 0.4187532 -1.0976351
v 1.0112984 0.34253904 -1.072206
v 1.0113063 0.2659337 -1.0964316
v 0.9201751 0.46546483 -1.163032
v 0.92015535 0.41875273 -1.0976622
v 0.92014796 0.34253845 -1.0722337
v 0.9201558 0.26593336 -1.0964593
v 1.0039792 0.2766555 -1.3925666
v 1.0039968 0.25825804 -1.4493917
v 1.0496037 0.26022494 -1.4469587
v 1.047643 0.2592322 -1.449386
v 1.0476468 0.33946568 -1.4631648
v 1.0476255 0.27866936 -1.3925693
v 0.9573774 0.2877081 -1.3493315
v 1.001514 0.28972194 -1.3493342
v 0.9572867 0.29003137 -1.0542752
v 1.0039964 0.42087996 -1.450672
v 1.0476425 0.41990644 -1.450651
v 1.0476251 0.40136606 -1.3935356
v 1.0015137 0.39099562 -1.3501314
v 1.0014234 0.29204553 -1.0542774
v 1.0475075 0.28071693 -1.0088904
v 1.0038614 0.278216 -1.0088842
v 1.0496032 0.41895175 -1.4482083
v 1.0039787 0.40493962 -1.3935769
v 0.957377 0.39456907 -1.3501732
v 1.0014229 0.39331913 -1.0550752
v 0.9572864 0.3968927 -1.0551164
v 1.0475073 0.40536153 -1.0098722
v 1.0474863 0.34357604 -0.94121635
v 1.049453 0.26409006 -0.95617133
v 1.0038445 0.26216125 -0.9537353
v 1.0474906 0.26313528 -0.9537301
v 1.003844 0.42478308 -0.95501614
v 1.003861 0.4094219 -1.0099174
v 1.0494523 0.42281675 -0.95742154
v 1.0474901 0.42380977 -0.95499516
v 1.0039392 0.5318833 -1.2670691
v 1.0039446 0.58870834 -1.2854663
v 1.0495517 0.58628947 -1.2834858
v 1.0475905 0.5887162 -1.2844791
v 1.0475657 0.60249513 -1.2042457
v 1.0475848 0.5318995 -1.2650423
v 0.9573476 0.48863393 -1.2560303
v 1.0014834 0.48865014 -1.254003
v 0.9573486 0.19357742 -1.2537066
v 1.0038946 0.58998895 -1.1228445
v 1.0475411 0.5899815 -1.1238049
v 1.0475471 0.53286564 -1.1423452
v 1.0014524 0.48944753 -1.1527296
v 1.0014844 0.19359353 -1.2516797
v 1.0475864 0.1482209 -1.2629942
v 1.0039408 0.14820081 -1.2655082
v 1.0495028 0.5875395 -1.1247587
v 1.0038998 0.5328935 -1.1387848
v 0.9573147 0.48947543 -1.1491691
v 1.0014534 0.19439104 -1.1504058
v 0.9573157 0.19441885 -1.1468458
v 1.047548 0.1492025 -1.13835
v 1.0475674 0.08054653 -1.2001355
v 1.0495534 0.09550209 -1.2796209
v 1.0039463 0.09305215 -1.2815629
v 1.0475922 0.09306003 -1.2805762
v 1.0038962 0.09433274 -1.1189411
v 1.0039005 0.14923415 -1.1343025
v 1.0495045 0.09675206 -1.120894
v 1.0475428 0.09432536 -1.1199015
v -0.055207767 0.75229585 -1.4653938
v -0.051790632 0.62912107 -1.4653748
v -0.051791 0.6291387 -1.398028
v -0.055208135 0.75231355 -1.3980467
v 0.06072142 0.75551194 -1.4653939
v 0.06072105 0.75552964 -1.3980469
v 0.064138554 0.63233715 -1.4653751
v 0.06413819 0.63235486 -1.3980281
v -0.06474836 -0.06500659 -0.06500659
v -0.06474836 0.06500658 -0.06500659
v 0.065391794 0.065006584 -0.06500657
v 0.0653918 -0.065006584 -0.06500657
v -0.064748384 0.065006584 0.06500658
v 0.06539177 0.06500659 0.0650066
v -0.06474838 -0.065006584 0.06500658
v 0.06539178 -0.06500658 0.0650066
vn -0.26342422 0.96309024 -0.05536233
vn 0.2705804 0.9600952 0.070735
vn 0.27139634 0.9141831 -0.30102044
vn -0.2634953 0.86795086 -0.4209888
vn 0.2712394 0.7287159 -0.6288103
vn -0.26316202 0.64196885 -0.72015405
vn 0.27122492 0.43392655 -0.85915357
vn -0.26348627 0.31649005 -0.91126776
vn 0.27088666 0.07064952 -0.9600152
vn -0.2631546 -0.055280175 -0.9631686
vn -1 5.8046367E-06 -0.00030706316
vn -0.99999994 5.8048054E-06 -0.00030706334
vn -0.99999994 5.804466E-06 -0.00030706296
vn -0.2637382 0.05528451 0.96300876
vn 0.2703044 -0.07065186 0.96017903
vn 0.27102414 0.30110177 0.9142667
vn -0.26388702 0.42090884 0.8678706
vn 0.27082753 0.6288904 0.7288
vn -0.26357484 0.72007537 0.64188766
vn 0.2708342 0.85923433 0.43401065
vn -0.26385444 0.9111895 0.31640878
vn -0.2634686 -0.9630874 0.055200282
vn 0.27061218 -0.96009856 -0.07056826
vn 0.27120262 -0.91418606 0.30118605
vn -0.26375958 -0.8679492 0.42082667
vn 0.27084962 -0.7287181 0.62897575
vn -0.2636054 -0.6419676 0.71999294
vn 0.27069876 -0.43392962 0.85931796
vn -0.2640417 -0.31648785 0.9111078
vn -0.26373816 0.055284508 0.9630087
vn 0.27088663 0.07064951 -0.9600151
vn 0.27157488 -0.301105 -0.9141022
vn -0.26336655 -0.42090553 -0.8680303
vn 0.27126163 -0.6288957 -0.7286339
vn -0.26319358 -0.72007173 -0.6420482
vn 0.27108753 -0.85923815 -0.433845
vn -0.26367366 -0.9111858 -0.31657025
vn -0.26346856 -0.9630873 0.05520028
vn 0.99999994 -5.7879397E-06 0.00030718694
vn 1 -5.787779E-06 0.00030718677
vn 0.99999994 -5.7881007E-06 0.0003071871
vn -0.7658292 0.6049076 0.21815711
vn -0.2634686 -0.9630874 0.05520029
vn -0.7654839 0.47548684 0.43352798
vn -0.76585793 0.27310863 0.5821283
vn -0.71914643 -0.005825826 0.6948342
vn -0.8265733 0.5628096 0.0046836426
vn -0.765879 0.6083453 -0.20819566
vn -0.76519877 0.48283404 -0.42584294
vn -0.76527774 0.28312954 -0.57808965
vn -0.010032903 0.6551527 -0.7554299
vn -0.009997379 0.8942917 -0.44737282
vn -0.009952772 0.99991953 0.007870282
vn -0.8265733 0.5628096 0.004683642
vn -0.7655276 0.039561693 -0.6421856
vn -0.009355764 0.3140609 -0.94935673
vn -0.7657625 -0.20795667 -0.6085737
vn -0.009154576 -0.0722082 -0.9973476
vn -0.76518714 -0.42560345 -0.48306364
vn -0.120336704 -0.4169234 -0.9009406
vn -0.7653723 -0.57785094 -0.28336143
vn -0.010085011 -0.702176 -0.71193206
vn -0.2634242 0.9630902 -0.055362325
vn -0.7657148 -0.6419481 -0.03979249
vn -0.7660132 -0.60833687 0.2077259
vn -0.7654646 -0.48282516 0.42537487
vn -0.008878208 -0.9269578 0.37506074
vn -0.009490284 -0.9999261 -0.0076051205
vn -0.010974598 -0.9214877 -0.38825256
vn -0.7656332 -0.28312305 0.57762194
vn -0.010513422 -0.7119285 0.7021733
vn -0.011368707 -0.38824886 0.9214845
vn 0.10284946 -0.057679284 0.9930232
vn -0.0099318605 0.2990741 0.9541782
vn -0.010492886 0.64317596 0.7656466
vn -0.010272071 0.88713527 0.4613952
vn 0.76697606 0.60336196 0.21840829
vn 0.82828534 0.56028724 0.0046664653
vn 0.766077 0.47499737 0.43301684
vn 0.76588714 0.2739144 0.5817112
vn 0.27088663 0.07064951 -0.9600152
vn 0.7663828 0.028940713 0.64173186
vn 0.7666127 0.6072816 -0.2086002
vn 0.76633894 0.48175538 -0.42501342
vn 0.76673585 0.2827774 -0.5763272
vn 0.7667747 0.03904074 -0.64072806
vn 0.2703044 -0.07065187 0.9601791
vn 0.71881944 -0.26111928 -0.64429444
vn 0.76633596 -0.47500756 -0.4325473
vn 0.7671017 -0.6033724 -0.2179375
vn 0.76656604 -0.6415022 0.029181758
vn 0.76597685 -0.5814806 0.27415293
vn 0.7660592 -0.43278548 0.47523677
vn 0.76685315 -0.2181772 0.6036016
vn -0.00026492807 -0.5040739 0.86366045
vn -0.00030126845 0.09984609 0.99500287
vn -0.625812 -0.07737217 0.7761269
vn -0.62577707 0.39371654 0.67334276
vn -1 5.722581E-06 -0.00030713723
vn -0.6257547 -0.51890343 0.58238333
vn -9.757309E-05 -0.9534599 0.30151975
vn -0.7465709 -0.63440806 0.20039567
vn -0.6255254 -0.7595141 -0.17848355
vn 0.00012125299 -0.90899855 -0.41679937
vn -0.00022294247 0.66562426 0.74628705
vn -0.6256656 0.71441627 0.31329218
vn -6.1088365E-05 0.9771576 0.21251595
vn -0.5317129 0.8074625 -0.2555108
vn -0.6253696 0.40427223 -0.6674405
vn -0.6253385 -0.065136336 -0.77763045
vn -0.62539715 -0.50966215 -0.5908662
vn 9.2402304E-05 0.95346045 -0.30151835
vn 0.0002223092 0.67729384 -0.73571265
vn 0.00030030246 0.11550148 -0.9933073
vn 0.00026226087 -0.49040926 -0.87149227
vn 0.10284947 -0.057679284 0.9930232
vn 0.8282853 0.56028724 0.004666465
vn 0.71881944 -0.26111928 -0.6442945
vn -0.1203367 -0.4169234 -0.90094054
vn -0.036576997 -0.950508 -0.30853972
vn 0.19575673 -0.3199563 0.92698836
vn -0.6908828 -0.6858865 -0.22856222
vn -0.060746536 -0.19855873 0.97820467
vn -0.75205547 2.105413E-05 0.6590998
vn -0.85994816 -0.22052522 -0.4602801
vn -0.045514643 -0.9961733 -0.07461333
vn -0.78076583 -0.61318415 -0.12004145
vn -0.04632108 -0.9983514 0.033894833
vn 0.19418167 0.30337295 0.9328764
vn -0.806165 0.09019142 0.58477646
vn -0.8910951 0.28404874 -0.35392922
vn -0.9672744 0.20558591 -0.14870988
vn -0.9713426 -0.22495236 0.076746486
vn -0.8598628 -0.22807497 0.456747
vn -0.04388395 -0.95472527 0.29423448
vn -0.049599912 0.9561402 -0.28867933
vn -0.05820816 0.95408654 -0.29382086
vn -0.08067736 0.9961395 -0.03460241
vn -0.8148389 0.5374277 0.21727665
vn -0.081844665 0.9926039 0.08966056
vn -0.8845404 0.28064004 0.37259835
vn -0.7414334 0.005286076 -0.6710057
vn -0.6938073 -0.6889063 0.20985602
vn 0.19569407 -0.2958203 -0.9349836
vn -0.060154997 -0.18313012 -0.9812466
vn 0.19413012 0.3086335 -0.93116003
vn -0.06575833 0.94864315 0.30943826
vn -0.70150614 0.68115497 0.20956397
vn -0.060150918 0.19856219 -0.9782408
vn -0.036955018 -0.3085254 0.95049804
vn 0.19594835 0.9269272 0.32001618
vn -0.69116 -0.22834519 0.68567944
vn -0.060502935 0.97822315 0.19854209
vn -0.7518521 0.6593318 -0.0002469751
vn -0.8601575 -0.4600131 0.22026595
vn -0.04584242 -0.07460257 0.9961591
vn -0.78098625 -0.119798675 0.61295086
vn -0.046606 0.03390765 0.99833775
vn 0.19456221 0.93281627 -0.30331388
vn -0.8059574 0.58502537 -0.09043215
vn -0.89112043 -0.35365137 -0.28431526
vn -0.9672593 -0.14840724 -0.20587584
vn -0.971386 0.07705074 0.22466077
vn -0.8597885 0.4570156 0.22781685
vn -0.04407244 0.2942496 0.9547119
vn -0.049403325 -0.28866106 -0.9561559
vn -0.05801268 -0.29380104 -0.95410454
vn -0.08039022 -0.034577575 -0.9961636
vn -0.81460994 0.21753056 -0.53767204
vn -0.08151456 0.08968429 -0.99262893
vn -0.8843398 0.3728732 -0.28090692
vn -0.74164176 -0.67077357 -0.0055097127
vn -0.6939483 0.21007514 0.68869746
vn 0.19532217 -0.9350428 0.29587898
vn -0.060507372 -0.9812283 0.18311183
vn 0.19393277 -0.93122035 -0.30857527
vn -0.065383054 0.30946246 -0.9486612
vn -0.70123833 0.20978542 -0.68136257
vn -0.060393177 -0.9782226 -0.19857791
vn -0.060482748 -0.99746025 -0.037616484
vn -0.98465943 0.11080628 0.13478824
vn -0.9674077 0.022939991 0.25218272
vn 0.967253 0.02292933 0.25277632
vn 0.9845789 0.11079717 0.13538276
vn 0.060494244 -0.9974609 -0.03757919
vn -0.53522885 -0.7799752 -0.32429752
vn -0.46855345 -0.7218144 -0.5093541
vn -0.89593875 -0.3880763 -0.21608013
vn 0.46885526 -0.7218208 -0.5090673
vn 0.5354167 -0.77998275 -0.32396898
vn 0.8960662 -0.38808787 -0.21553044
vn 0.6189203 0.668869 -0.41176692
vn 0.22533253 0.9065194 0.35699844
vn 0.5509072 0.83240885 0.059972804
vn 0.48195514 0.8655499 0.13617101
vn 0.294728 0.77067095 0.56497943
vn -0.0002563354 0.51692456 0.85603094
vn -0.33163834 0.7167838 0.61338156
vn -0.023707798 0.9525251 0.30353573
vn -0.00019164057 0.76323605 0.64611983
vn 0.023534501 0.95252484 0.30355012
vn 0.66619813 0.7224744 -0.18496168
vn 0.7429649 0.18457058 0.6433792
vn -0.0003040442 0.077077106 0.99702513
vn -0.2950623 0.77067524 0.564799
vn -0.22553805 0.90652287 0.3568599
vn 0.33127454 0.71677935 0.61358345
vn 0.5254597 0.41300303 -0.74385524
vn 0.7848124 0.037163068 -0.6186182
vn 0.9720456 0.20226364 0.11923446
vn -0.7433557 0.18458143 0.64292467
vn -0.6660767 0.7224814 -0.18537126
vn -0.48202828 0.86555576 0.13587515
vn -0.6186616 0.6688744 -0.41214687
vn -0.55093306 0.8324161 0.059634157
vn -0.97211623 0.20227528 0.11863751
vn -0.78443253 0.037170216 -0.6190993
vn -0.52500063 0.41300508 -0.7441782
vn -0.10045174 0.99349034 0.053725895
vn -0.12449206 0.9921498 -0.011859847
vn -0.09870928 0.99369496 0.05316857
vn -0.10226647 0.9946953 -0.011082712
vn -0.023707798 0.9525251 0.30353576
vn -1.7056427E-06 0.9997026 0.02439088
vn 0.023534503 0.95252484 0.30355012
vn 0.124509566 0.9921485 -0.011783338
vn 0.10228314 0.99469435 -0.011019811
vn 0.10042916 0.99348927 0.05378814
vn 0.098687015 0.99369395 0.053229738
vn -0.7243707 -0.6878966 0.045665737
vn -0.7084074 -0.70391726 0.051570088
vn -0.20962603 -0.9737897 -0.08826354
vn -0.22762309 -0.96973264 -0.088353805
vn 3.0911502E-05 -0.99272656 -0.120391436
vn 3.04137E-05 -0.9929142 -0.11883392
vn 0.20966847 -0.9737923 -0.08813469
vn 0.22766584 -0.9697354 -0.08821385
vn 0.7243347 -0.6879048 0.046110943
vn 0.7083673 -0.70392567 0.05200565
vn -0.36749575 0.8481499 -0.3815608
vn -0.39633852 0.6580752 -0.6401975
vn -0.12932667 0.99157256 0.0076446515
vn -0.4707922 0.47522005 -0.7433173
vn 0.23885205 -0.9633665 0.121962
vn -0.21569963 -0.8872985 -0.40764576
vn 0.31729174 -0.82443875 0.46864355
vn 0.47480115 -0.69655687 0.53793347
vn 0.13911863 -0.8568348 -0.49646768
vn -0.14081216 0.81686026 0.55938476
vn 0.016523993 -0.8478831 -0.5299257
vn 0.06834148 -0.98709774 -0.14480154
vn 0.09856772 -0.78841615 -0.60719395
vn -0.22277609 0.97139806 0.08219944
vn -0.066946425 0.962651 0.26233807
vn -0.00010411871 0.93233395 0.3615984
vn 0.39673427 0.65807277 -0.6399549
vn 0.36773488 0.848149 -0.3813324
vn 0.12933233 0.9915713 0.0077238507
vn 0.4712503 0.47521526 -0.74303
vn 0.1404811 0.81686026 0.55946803
vn 0.22273749 0.9713957 0.0823321
vn 0.06679829 0.9626512 0.26237515
vn -0.09820917 -0.788419 -0.6072483
vn -0.1388273 -0.856834 -0.4965507
vn -0.23893495 -0.96336484 0.121812515
vn -0.016212998 -0.84788394 -0.529934
vn -0.06826556 -0.9870975 -0.14483939
vn -0.00010430189 0.9323346 0.36159676
vn 0.2159385 -0.8872981 -0.40752015
vn -0.3175851 -0.8244359 0.46844977
vn -0.47513443 -0.6965544 0.53764224
vn -0.00030321817 -0.0077512413 0.9999699
vn -0.00030451856 -0.0077519785 0.99996996
vn -0.0003020984 -0.007750607 0.99996996
vn -0.00030591007 -0.0077478895 0.99996996
vn -0.00030840928 -0.007748166 0.99996996
vn -0.00094793626 -0.006506793 0.9999784
vn -0.0003027322 -0.0077528893 0.9999699
vn -0.0003022091 -0.007753059 0.9999699
vn -0.00030089353 -0.007756413 0.9999699
vn -0.00030314212 -0.0077545936 0.99996996
vn -0.0003061074 -0.007756914 0.99996984
vn -0.00030320787 -0.00808019 0.99996734
vn 0.9015851 0.26792186 0.33965018
vn 0.90175503 0.2769757 0.3318469
vn 0.90110487 0.25462055 0.3509677
vn -0.8743209 -0.44665128 -0.18990953
vn -0.89676976 -0.4103987 -0.16545968
vn -0.89797264 -0.40713024 0.16700347
vn -0.82747614 -0.5346824 0.17145889
vn -0.27874428 -0.9300041 -0.23957042
vn -0.10185246 -0.9798604 0.17175469
vn 0.17925468 -0.9805436 -0.08001211
vn 0.17681135 -0.97034836 0.16480814
vn 0.80426097 -0.5207085 0.28640348
vn 0.8847973 -0.45259497 -0.11086779
vn 0.90753853 -0.4108761 0.08691799
vn 0.8588285 -0.39164406 -0.33019495
vn 0.110380724 0.98633903 0.12227584
vn -0.18439807 0.93784076 0.2940276
vn -0.8607191 0.5026056 0.08093446
vn -0.87070435 0.3956951 0.2920607
vn 0.9075385 -0.41087607 0.08691798
vn 0.8551613 0.4989236 0.14062126
vn 0.89741623 0.40894043 0.16556536
vn -0.99507296 -0.0576763 -0.080643214
vn 0.9509667 -0.30928594 -0.0021050128
vn -0.98703474 -0.16049954 -0.0015468986
vn 0.986263 -0.04679377 -0.1584165
vn -0.9185578 -0.059777465 -0.3907406
vn 0.97772527 -0.031814672 -0.20746388
vn 0.986263 -0.046793774 -0.15841651
vn 0.9966939 0.016977098 0.07945496
vn 0.9625071 0.09298403 0.25482166
vn 0.9988414 0.048120063 0.0006799023
vn -0.98711073 0.033639275 0.15646377
vn -0.9902781 0.04783515 0.13061759
vn -0.99538845 0.09592545 0.0004378372
vn -0.99507296 -0.057676304 -0.080643214
vn 0.21399838 0.007571173 -0.97680473
vn 0.71245646 0.005434306 -0.7016953
vn 0.7124579 0.0054355315 -0.7016939
vn 0.25016585 0.0075034406 -0.9681739
vn 0.0003023073 0.0077518425 -0.99996996
vn 0.00030228813 0.0077527473 -0.99996996
vn -0.21340686 0.0075739794 -0.9769341
vn -0.24957861 0.007506385 -0.9683255
vn -0.71202904 0.0054453025 -0.702129
vn -0.71203005 0.005446202 -0.7021279
vn -0.00030313228 -0.0077516474 0.99996996
vn -0.0003043327 -0.0077509675 0.99996996
vn -0.00030209863 -0.0077522337 0.99996996
vn -0.00030413267 -0.0077539864 0.9999699
vn -0.00029672455 -0.008255753 0.99996597
vn -0.00030200926 -0.007752099 0.9999699
vn -0.00030252055 -0.0077504045 0.99996996
vn -0.00030366512 -0.00775225 0.9999699
vn -0.00029780704 -0.007756835 0.9999699
vn -0.00030032764 -0.00774735 0.99996996
vn -0.00029900277 -0.0077458667 0.99996996
vn 0 -0.0071654897 0.9999743
vn -0.00030735094 -0.007761293 0.9999699
vn -0.0003037528 -0.0077612926 0.99996984
vn -0.0003001547 -0.0077612926 0.99996984
vn -0.9017903 0.26793334 0.339096
vn -0.9019553 0.27698746 0.33129233
vn -0.90131724 0.25463164 0.35041422
vn -0.7621938 0.5727145 0.3017593
vn -0.87633556 0.32956702 0.3513142
vn -0.5942884 0.24923548 0.76465875
vn -0.9968482 0.069077775 -0.03901292
vn -0.67847544 0.7343655 -0.019452415
vn -0.93064827 0.16221233 -0.32799545
vn -0.5930558 -0.41057083 -0.6926157
vn 0.00019049863 0.78850883 -0.6150234
vn 0.8629188 -0.18436638 -0.4705107
vn 0.9178175 0.18734749 -0.35001716
vn 0.87896544 0.47310677 -0.059914283
vn 0.97767216 0.1527767 -0.14427952
vn 0.91949755 0.27209112 0.28370887
vn 0.55658895 0.72940004 0.39772412
vn 0.59382606 0.24922709 0.7650206
vn -0.9306483 0.16221233 -0.32799545
vn -2.2907864E-06 0.99968207 0.025215616
vn 0.85516137 0.4989236 0.14062127
vn 0.8983892 0.41180795 -0.15267944
vn 0.85106117 0.4988327 -0.16389315
vn 0.29585177 0.94187176 -0.1592149
vn -0.18989557 0.970024 -0.15163532
vn -0.82903117 0.48690027 -0.27501896
vn -0.9064159 0.4149458 -0.07893286
vn -0.8743209 -0.44665128 -0.18990952
vn -0.8290312 0.4869003 -0.275019
vn -0.9509692 -0.30927396 -0.0026893655
vn 0.9849492 -0.06921616 -0.15838006
vn 0.9870338 -0.16051042 -0.00094068603
vn -0.9961357 -0.034996375 -0.08055354
vn -0.91855705 -0.05977767 -0.39074245
vn 0.977725 -0.031814806 -0.20746483
vn 0.99884135 0.04812015 0.00067985913
vn 0.9890506 0.067521036 0.13122451
vn -0.9953885 0.09592504 0.00043749102
vn -0.96424484 0.07389336 0.25450274
vn 0.9870149 0.033629987 0.15706916
vn -0.9967422 0.016986514 0.078844644
vn -0.918557 -0.059777666 -0.39074242
vn -0.00029064598 0.26646662 0.9638441
vn -0.029817179 0.3636804 0.9310465
vn 0.1785069 0.27123937 0.94581425
vn 0.26329395 0.3071493 0.9145139
vn -0.00018807968 0.7738582 0.6333589
vn -0.2638441 0.30715314 0.914354
vn -0.17907526 0.27124193 0.945706
vn 0.029256433 0.3636758 0.93106604
vn -0.7621938 0.57271457 0.30175933
vn -0.96203434 0.27228794 -0.018688891
vn -0.6923648 0.14694522 -0.7064263
vn -0.979565 0.20020847 -0.019209318
vn -0.75023186 0.34204072 -0.56582713
vn 0.5155043 0.23822068 -0.8231077
vn 0.83496714 0.17456026 -0.52188
vn 0.96204865 0.27227736 -0.018098209
vn 0.9795788 0.20019762 -0.018608036
vn -0.4292383 0.90310025 -0.012826136
vn -0.1881971 0.9785237 -0.084102884
vn 0.30943143 0.9508374 -0.012667483
vn 0.28491697 0.893467 -0.34718746
vn -0.18819709 0.9785237 -0.08410288
vn -2.9983123E-06 -0.99996996 -0.0077513186
vn -2.0847785E-06 -0.99996996 -0.0077529615
vn -3.7305888E-06 -0.99997 -0.0077516534
vn -3.185451E-06 -0.99996996 -0.007750527
vn -3.110027E-06 -0.99997 -0.00775062
vn -3.0135313E-06 -0.99996996 -0.007749842
vn -3.3072652E-06 -0.99996996 -0.007750948
vn -4.0394107E-06 -0.99996996 -0.0077521107
vn -4.226928E-06 -0.99997 -0.007752588
vn -6.1050787E-06 -0.99996996 -0.0077540814
vn -0.8596551 -0.50373495 -0.08511373
vn -0.99205506 0.12259029 0.028256204
vn -0.9904467 0.13672677 0.017921414
vn -0.5064132 -0.8468671 -0.16236326
vn -0.94551474 -0.113782555 0.30504978
vn -0.2378551 -0.955943 -0.17204073
vn -0.11994654 -0.9863827 -0.112526
vn -0.0124213025 -0.56523263 0.82483804
vn -0.28606 -0.94659084 -0.14878032
vn -0.26533976 -0.9527224 -0.1480371
vn -0.18881308 -0.49912652 -0.8457082
vn -0.45535445 -0.83668864 0.30431002
vn -0.34098157 -0.9191007 0.19744746
vn -0.21740556 -0.3834088 -0.89762604
vn -0.7709257 -0.6304897 0.09031246
vn -0.08938502 -0.882563 -0.46161973
vn -0.287802 -0.9541054 0.08278322
vn -0.6853117 -0.7274957 0.033136092
vn -0.16591962 -0.9169969 -0.36274976
vn 5.6913355E-05 -0.9784811 -0.20633623
vn 0.00022510506 -0.65433633 -0.7562037
vn 0.089654796 -0.8825643 -0.46156508
vn 0.16612881 -0.9169995 -0.36264732
vn 0.6852821 -0.7275043 0.03355651
vn 0.2877426 -0.95410794 0.082959965
vn -0.96174455 0.03573465 0.2716073
vn -0.9670007 0.0044365423 0.254735
vn 0.96157837 0.035721783 0.27219674
vn 0.96684456 0.0044233366 0.2553276
vn 0.0014462563 -0.99966365 0.025895407
vn 0.0018952386 -0.9998278 -0.018462272
vn 7.871517E-06 -0.99900264 -0.044652652
vn 0.060494244 -0.99746096 -0.03757919
vn 3.056659E-05 -0.9928096 -0.119704515
vn 0.19747029 -0.9640078 -0.17802934
vn 0.00013708054 -0.8828249 -0.4697023
vn 0.41840392 -0.39321887 -0.818729
vn -0.0018954237 -0.9998278 -0.018463224
vn -0.06048275 -0.99746025 -0.037616484
vn -0.44149032 -0.8546716 -0.2731716
vn -0.18305935 -0.76637256 -0.61576164
vn 0.0003024598 0.0077509284 -0.99996996
vn -0.0014734385 -0.99966365 0.025894305
vn 0.54824114 0.018501803 -0.83611566
vn 0.92283225 0.020052185 -0.38467985
vn -0.6481987 0.023658905 -0.7611036
vn -0.97019094 0.01668459 -0.24176675
vn 0.9920389 0.12257931 0.028865613
vn 0.8597011 -0.5037452 -0.0845861
vn 0.9904371 0.13671578 0.018529763
vn 0.50650215 -0.8468735 -0.16205208
vn 0.28614077 -0.946594 -0.14860472
vn 0.2654193 -0.95272565 -0.14787354
vn 0.12000309 -0.9863843 -0.11245202
vn 0.2379469 -0.9559464 -0.1718947
vn 0.9453265 -0.11379042 0.30562997
vn 0.01191405 -0.5652212 0.82485336
vn -0.3704655 -0.86772364 0.33137757
vn -0.16290717 -0.9864569 0.01908223
vn -0.44504392 -0.85173506 0.2765563
vn -0.40637755 -0.8617171 0.30381072
vn -0.45535442 -0.83668864 0.30431
vn -0.3604214 -0.8677239 0.34227455
vn -0.17982054 -0.9328435 0.3121981
vn -8.758619E-05 -0.96278644 0.27026328
vn -8.7714776E-05 -0.9627276 0.27047294
vn 0.17962065 -0.932845 0.31230852
vn 0.36020383 -0.86772704 0.3424953
vn 0.4551598 -0.83669347 0.30458772
vn 0.40618348 -0.86172074 0.3040598
vn 0.34085068 -0.91910446 0.197656
vn 0.37025675 -0.8677242 0.33160934
vn 0.44486725 -0.8517374 0.27683315
vn 0.16288243 -0.986459 0.019184802
vn -0.21740557 -0.3834088 -0.8976261
vn 0.00030237614 0.007745149 -0.99996996
vn 0.18931894 -0.49913177 -0.845592
vn 0.21794508 -0.38341156 -0.8974941
vn 0.4551598 -0.8366934 0.30458772
vn 0.7708651 -0.6304959 0.09078529
vn 0.0014827545 -0.9994459 -0.03325276
vn 0.037740223 0.96003115 0.27733728
vn 0.04175627 0.9730737 0.22668017
vn -0.008928496 -0.93861884 -0.34484068
vn 0.03600283 -0.7097284 -0.70355487
vn 0.011829261 0.83228296 0.55422485
vn -0.03789707 0.96003145 0.277315
vn -0.00147441 -0.99944586 -0.033255275
vn -0.041882202 0.97307384 0.22665638
vn 0.009126218 -0.9386189 -0.34483528
vn -0.035585407 -0.7097268 -0.70357776
vn -0.012155104 0.8322835 0.554217
vn -0.09012425 0.52210826 0.8481042
vn 0.45106116 0.8897756 -0.06959391
vn -0.5438712 0.67145556 0.5033403
vn 0.5148401 0.85466474 -0.06699103
vn 0.49057317 0.8342933 -0.2515804
vn 0.33408624 0.8956881 -0.2934779
vn -0.48025614 0.87710685 0.0061420337
vn -0.73000795 0.68254656 0.03490799
vn 0.22733197 0.27570763 0.93397295
vn 0.5807064 0.10812004 0.8069016
vn 0.61976343 0.7840904 -0.033099
vn 0.557135 0.79231507 -0.24867141
vn 0.3522069 -0.082423165 -0.9322858
vn -0.025673678 0.06405519 -0.99761605
vn -0.31764415 0.3322033 -0.8881122
vn 0.886348 -0.2120385 0.411615
vn -0.63745993 0.53146285 -0.55784595
vn -0.7357463 0.6769854 -0.019187277
vn -0.6708309 0.741604 -0.0030885732
vn 0.756407 -0.31926602 -0.570892
vn 0.975031 -0.17875782 -0.1317582
vn 0.9306921 -0.34891665 -0.10986108
vn 0.9355743 -0.34534916 -0.07372064
vn 0.9790557 -0.19194031 -0.06788912
vn -0.45100683 0.8897814 -0.0698706
vn 0.08961542 0.5221077 0.84815836
vn 0.54357255 0.6714477 0.50367343
vn -0.514791 0.8546695 -0.067307346
vn -0.22789566 0.27571267 0.9338341
vn -0.5811961 0.10812876 0.8065477
vn -0.6197366 0.7840954 -0.03347978
vn -0.88660187 -0.21202722 0.41107363
vn -0.49041125 0.8342976 -0.2518817
vn -0.5569759 0.79231954 -0.24901341
vn -0.9749519 -0.17874673 -0.13235684
vn -0.9790161 -0.19192854 -0.06849055
vn -0.935533 -0.34533784 -0.07429532
vn -0.33389378 0.89569265 -0.29368284
vn 0.31818244 0.3322024 -0.88791984
vn 0.02627651 0.06405822 -0.9976002
vn -0.3516368 -0.08241584 -0.93250155
vn -0.75606203 -0.3192585 -0.57135284
vn 0.48026568 0.87709945 0.0064374087
vn 0.6708407 0.7415967 -0.0026764076
vn 0.7357641 0.6769787 -0.018735494
vn 0.6378029 0.53145975 -0.55745685
vn 0.7299939 0.6825386 0.03535643
vn -0.9306288 -0.34890524 -0.110432796
vn 0.06497012 0.16650984 0.9838971
vn -0.5187351 0.8545317 0.026256215
vn 0.18790756 0.3149045 0.9303364
vn -0.9980629 -0.057453964 0.023862947
vn -0.8767497 -0.48094198 0.0021894416
vn -0.66935134 0.7429157 0.006724635
vn 0.22294743 0.13768864 0.9650577
vn -0.026736822 -0.9996042 0.008750819
vn 0.7464489 -0.6621826 0.065790266
vn 0.6285184 -0.77677953 0.039725754
vn 0.16148815 0.23369704 0.9588052
vn 0.199505 0.19631252 0.96003085
vn 0.8287714 0.5514673 0.09498374
vn 0.4446224 0.8936671 0.060581453
vn 0.51872927 0.8545255 0.026574835
vn -0.065596186 0.16651115 0.9838553
vn -0.18848984 0.31487998 0.9302269
vn 0.9980475 -0.05746552 0.02447615
vn -0.22353087 0.13765518 0.9649275
vn 0.026719779 -0.9996045 0.008767298
vn -0.1620649 0.2336869 0.9587103
vn -0.6285514 -0.77677256 0.039339792
vn -0.74649596 -0.66217494 0.065332025
vn 0.8767427 -0.48095205 0.0027283565
vn 0.6693555 0.742908 0.00713576
vn -0.20008144 0.19629307 0.9599148
vn -0.8288231 0.551477 0.09447502
vn -0.4446488 0.8936724 0.06030832
vn 0.99999046 0.004354258 0.00034093257
vn 0.7373908 -0.6753151 0.014300785
vn 0.98588866 -0.16731586 -0.0053953608
vn 0.9999204 0.012343846 0.0026169776
vn 0.04314175 0.9990389 0.0077572884
vn 0.018431192 0.98950094 0.14334656
vn 2.638715E-06 0.99996996 0.007750732
vn -4.07415E-05 0.98804295 0.154179
vn 0.010190174 0.93910366 0.34348297
vn -0.00019335556 0.9409714 0.33848622
vn 0.9999992 0.0009280323 0.0008649443
vn 0.9803196 0.17055495 -0.09942116
vn 0.005800938 0.9731155 -0.23024483
vn 0.9913926 -0.123422146 -0.043676138
vn 0.9918293 -0.06106621 -0.11200753
vn -0.8040341 -0.4266804 -0.41409308
vn -0.89872485 -0.4301472 -0.085247554
vn 0.9858886 -0.16731586 -0.0053953608
vn -0.5443579 -0.838846 -0.0034448572
vn -0.85479826 -0.5188567 0.010373653
vn 0.052244037 0.99862427 0.0044882167
vn 0.0906394 -0.99581325 0.011857379
vn 0.024410328 -0.99912965 -0.03382331
vn 0.07197914 0.9972279 0.0188538
vn 0.1329261 -0.98356724 0.122173116
vn 0.06466867 0.9953784 0.07099238
vn -0.9970299 0.06409172 -0.04270374
vn -0.98317003 -0.0014128204 0.1826878
vn -0.50911236 0.8549702 0.099149704
vn -0.65216583 0.68078846 -0.333477
vn 0.00029045285 0.23799959 -0.97126526
vn 0.00025147753 0.54053223 -0.8413233
vn 0.00018852751 0.7932983 -0.6088332
vn 0.00012363824 0.91891265 -0.39446118
vn 0.00030243595 0.007751505 -0.9999699
vn 0.00030191574 0.0077523356 -0.9999699
vn 3.4117468E-06 0.99996996 0.0077517093
vn 0.50906175 0.85496396 0.099462554
vn 0.00018955718 0.7932976 -0.6088341
vn 0.00030794268 0.0077488124 -0.99996996
vn 0.652376 0.6807832 -0.33307624
vn 0.00025798273 0.5405328 -0.84132296
vn 0.00029775457 0.23800433 -0.97126406
vn 0.9970567 0.06408089 -0.04209095
vn 0.98305774 -0.0014236025 0.18329108
vn -0.8547983 -0.51885676 0.010373654
vn -0.020277433 -0.9997831 0.0047524036
vn -0.102893226 -0.99324685 -0.05360773
vn -0.10289226 -0.88795006 -0.44828334
vn -0.284092 -0.63043445 -0.7223878
vn -0.8040341 -0.4266804 -0.41409305
vn 0.0058009373 0.97311544 -0.23024482
vn 0.9999922 -0.0039406163 0.00037507163
vn 0.35142395 -0.93537325 0.039725382
vn 0.9909233 -0.1337944 -0.013047357
vn 0.99999374 -0.0035513812 0.00020344225
vn 0.9999957 -0.0028956602 0.00046681613
vn 0.9945841 -0.094095826 -0.044141397
vn 0.9639519 -0.047190003 -0.2618586
vn 4.044024E-06 0.99997 0.0077508977
vn -8.754283E-05 0.9508565 0.3096319
vn -9.570189E-05 0.9426359 0.3338228
vn 0.009914206 0.9871376 -0.15956537
vn 0.013874911 -0.7305741 -0.68269247
vn -0.10289226 -0.88795006 -0.4482833
vn 6.417845E-05 -0.9730787 -0.2304731
vn -0.10289322 -0.9932468 -0.053607725
vn 1.5321845E-06 -0.9997272 -0.023356616
vn -7.247021E-06 -0.99998873 0.0047599017
vn 0.020263672 -0.99978334 0.0047651506
vn 0.10291486 -0.993248 -0.053544395
vn 6.409908E-05 -0.97307867 -0.23047322
vn 0.10315305 -0.8879516 -0.44822037
vn -0.013470667 -0.7305738 -0.682701
vn 0.28452235 -0.6304389 -0.7222146
vn -0.009805414 0.98713756 -0.1595722
vn -0.0056503145 0.9731152 -0.23024961
vn -9.604414E-08 0.9409714 0.33848625
vn -9.4403564E-05 0.9426359 0.33382273
vn -8.781614E-05 0.95085657 0.30963176
vn -4.237971E-05 0.98804295 0.15417907
vn 2.759524E-06 0.99997 0.007750976
vn 1.7281E-06 0.99997 0.0077512297
vn -0.985887 -0.16730462 -0.006000932
vn -0.7374098 -0.67530376 0.013847758
vn -0.99999046 0.004365475 -0.000273323
vn -0.99992174 0.012354959 0.0020027056
vn -0.9999995 0.00093940034 0.0002507701
vn -0.9913671 -0.123410754 -0.04428499
vn -0.9917611 -0.061054748 -0.112616315
vn -0.9802566 0.17056489 -0.10002282
vn -0.043116845 0.9990401 0.0077303816
vn -0.01850629 0.9895012 0.14333537
vn -0.010393914 0.93910366 0.34347683
vn -0.991761 -0.061054748 -0.11261632
vn 0.8042808 -0.42669177 -0.41360193
vn -0.99136704 -0.12341075 -0.04428499
vn 0.89877146 -0.4301587 -0.08469605
vn 0.5443439 -0.8388564 -0.0031105229
vn 0.85478544 -0.5188671 0.010898757
vn 0.9492426 -0.31453764 -0.0021464352
vn 0.8267207 -0.5625977 -0.0041068387
vn 0.8267206 -0.5625978 -0.0041068145
vn 0.94924265 -0.31453744 -0.0021464191
vn 0.8878724 -0.46007818 -0.003293473
vn 0.8878724 -0.46007812 -0.0032936544
vn 0.3369732 -0.9414868 -0.0071940715
vn 0.15312448 -0.98817766 -0.0076121907
vn -3.469088E-06 -0.99997 -0.0077507324
vn -2.9551582E-06 -0.99997 -0.0077505643
vn -0.15313186 -0.98817575 -0.007706535
vn -0.33697954 -0.94148296 -0.0074012573
vn -0.88787526 -0.4600683 -0.0038388614
vn -0.88787526 -0.46006835 -0.0038388385
vn -0.94924474 -0.31452662 -0.0027294958
vn -0.9492448 -0.31452662 -0.0027295072
vn -0.8267245 -0.5625881 -0.004614595
vn -0.82672447 -0.5625882 -0.0046145734
vn -1.620617E-05 0.9973399 0.072891176
vn 3.3962501E-06 0.99996996 0.007750896
vn -0.071979746 0.99722874 0.018809551
vn -0.064700134 0.99537915 0.070953
vn 1.8129955E-05 0.9991395 -0.04147752
vn -0.05223575 0.9986248 0.0044561042
vn -1.4516924E-05 -0.99955845 0.029714605
vn -2.7654637E-06 -0.9999599 -0.008960591
vn 0.02441033 -0.9991297 -0.033823315
vn 4.597892E-06 -0.99942994 -0.03376309
vn -0.024400795 -0.9991294 -0.033838436
vn -0.09065818 -0.9958122 0.011801804
vn -0.13301294 -0.98356545 0.12209264
vn -0.00030396882 -0.0077513806 0.99996996
vn -0.00030257922 -0.0077505363 0.99996996
vn -0.00030298097 -0.007751293 0.9999699
vn -0.00030283816 -0.007751899 0.99996996
vn -0.0003019932 -0.0077512073 0.99996996
vn -0.000303848 -0.0077500804 0.9999699
vn 0.54434395 -0.83885646 -0.003110523
vn 0.8987714 -0.4301587 -0.08469605
vn 0.10315304 -0.88795155 -0.44822034
vn 0.8042808 -0.4266918 -0.41360193
vn -0.99091655 -0.13378307 -0.013656011
vn -0.3514598 -0.93536896 0.03950963
vn -0.9999923 -0.0039289985 -0.0002392063
vn -0.9999937 -0.0035398107 -0.00041077856
vn -0.9999958 -0.0028841875 -0.0001474073
vn -0.9945579 -0.09408429 -0.04475218
vn -0.96379167 -0.047178563 -0.26244965
vn -0.23860714 -0.8668315 -0.4378011
vn 0.24027932 -0.43071005 -0.8699165
vn 0.09677988 -0.7125085 0.69495714
vn -0.19151966 -0.7026604 0.6852654
vn 0.19151992 0.7026606 -0.68526506
vn 0.238607 0.86683184 0.43780062
vn -0.09677996 0.71250844 -0.69495714
vn -0.24027947 0.43070972 0.8699167
vn 0.35142398 -0.9353733 0.039725382
vn -0.0026915965 -0.9994525 -0.032977227
vn -0.5352288 -0.7799752 -0.32429752
vn 0.043943733 -0.009853064 -0.99898547
vn 0.0026987214 -0.9994526 -0.032975253
vn -0.35145977 -0.93536896 0.03950963
vn 0.8960661 -0.38808784 -0.21553043
vn -0.043338094 -0.009844211 -0.99901205
vn 0.00029893004 0.0077503417 -0.99996996
vn 0.00030017173 0.007749945 -0.99996996
vn 0.00030095634 0.0077504707 -0.99996996
vn 0.00030092898 0.007751234 -0.9999699
vn 0.00030255486 0.007751492 -0.99996996
vn 0.00030008805 0.0077522798 -0.99996996
vn 0.043398928 0.9976817 0.05241975
vn 0.54481053 0.83746725 0.04278051
vn 0.55090725 0.8324089 0.059972808
vn -0.035545647 0.9406689 -0.3374591
vn 0.5592892 0.80464524 -0.19935319
vn 0.13208923 0.9120262 -0.388279
vn 0.5276211 0.8493554 -0.014537832
vn -0.055175047 0.9983823 0.013732921
vn 0.3994146 0.8402531 0.36666447
vn -0.5496804 0.82076377 -0.15555812
vn -0.51794904 0.74059606 -0.42807278
vn -0.6342759 0.5547052 -0.538513
vn -0.757039 0.6081842 -0.23875514
vn -0.15707766 0.80206424 0.5762115
vn -0.043417472 0.9976823 0.0523928
vn 0.54978585 0.8207571 -0.15522063
vn 0.035758957 0.9406691 -0.33743602
vn 0.5182166 0.7405917 -0.4277564
vn 0.63461006 0.5546999 -0.53812474
vn -0.13184546 0.9120267 -0.3883607
vn 0.05517909 0.99838156 0.013766434
vn 0.7571944 0.608173 -0.2382902
vn -0.22553805 0.9065228 0.3568599
vn -0.54482734 0.8374733 0.042446848
vn -0.55916125 0.8046499 -0.19969325
vn -0.52760154 0.849362 -0.014863068
vn -0.3996258 0.8402606 0.36641678
vn 0.1567386 0.8020641 0.5763039
vn 0.11271507 0.9213608 0.37200767
vn 0.00019049393 0.78965837 -0.6135468
vn -0.00025329858 0.5284921 0.8489382
vn 0.35805118 0.7373558 -0.57280517
vn 0.12978226 -0.524042 -0.84174615
vn 0.00010796862 -0.92728156 -0.3743648
vn 0.18801634 -0.77554804 0.6026402
vn -0.0001911706 -0.7896607 0.6135438
vn -0.13334988 -0.78262585 0.6080416
vn 0.00010871788 -0.9272811 -0.37436587
vn -0.00019070401 -0.7896559 0.6135498
vn -0.34376737 -0.4962332 -0.7972306
vn 0.00019115808 0.7896586 -0.6135464
vn -0.25932956 0.7626085 -0.5926015
vn -0.30354312 0.8835624 0.35662174
vn -0.00025271744 0.52848566 0.8489422
vn -0.11264849 -0.90399486 -0.41243616
vn -0.44648424 -0.7487986 0.48984948
vn -0.3586515 -0.9302795 0.077130385
vn -0.105606094 0.78745496 0.60725784
vn -0.1941488 -0.8671184 -0.4587069
vn 0.36586264 0.8956216 -0.2529953
vn 0.3944045 0.8823199 -0.25682044
vn 0.19105437 0.9463701 0.26054144
vn 0.046811286 0.61906546 0.7839431
vn 0.50191826 0.53695524 -0.678054
vn -0.3033306 0.18302733 0.9351426
vn 0.69121265 0.43305537 -0.57852244
vn 0.3611379 -0.2083968 -0.9089281
vn 0.031827368 -0.6555288 -0.7544992
vn -0.39424354 -0.57838154 0.7141757
vn -0.50099564 -0.53735286 0.67842114
vn -0.18838967 -0.775549 0.6025224
vn 0.00010796915 -0.9272808 -0.37436658
vn -0.0001911706 -0.7896607 0.61354387
vn -0.12927854 -0.5240297 -0.8418314
vn 0.00019116762 0.7896607 -0.6135438
vn -0.35769135 0.73736423 -0.57301915
vn -0.11292978 0.9213609 0.37194222
vn -0.00025453616 0.5284841 0.8489432
vn 0.3033365 0.8835579 0.35680875
vn 0.00019111953 0.7896608 -0.61354357
vn -0.0002550709 0.5284842 0.8489432
vn 0.25969544 0.76260597 -0.5924445
vn 0.34424692 -0.49623153 -0.7970247
vn 0.00010821863 -0.9272808 -0.3743667
vn 0.1329727 -0.7826287 0.6081206
vn -0.00019153702 -0.78966075 0.61354375
vn 0.4461778 -0.748803 0.49012193
vn 0.105246 0.7874547 0.6073207
vn -0.19120187 0.946373 0.2604229
vn 0.35859403 -0.9302834 0.07735089
vn 0.19441837 -0.8671225 -0.458585
vn -0.36569855 0.8956253 -0.25321928
vn -0.3942382 0.8823238 -0.25706214
vn 0.11288911 -0.9039973 -0.4123652
vn 0.39380372 -0.578382 0.7144179
vn -0.03138008 -0.6555258 -0.7545206
vn 0.5005771 -0.5373509 0.6787317
vn -0.36058354 -0.20840082 -0.9091472
vn -0.50149953 0.5369574 -0.6783621
vn -0.6908557 0.43306258 -0.57894325
vn -0.047281537 0.61906946 0.7839116
vn 0.30276975 0.18301949 0.9353258
vn -0.15478821 0.95452 -0.25481787
vn -0.10913383 0.6740153 -0.73061156
vn -0.15430331 0.9505527 0.26951826
vn 0.14027275 -0.86367434 -0.4841385
vn 0.14027278 -0.86367434 -0.4841385
vn 0.14116076 -0.87092954 0.47069684
vn 0.14116071 -0.87092936 0.47069696
vn -0.107750155 0.6627399 0.7410573
vn -0.05856405 0.36614913 0.92871153
vn -0.11922398 0.747755 0.6531831
vn 0.060278825 -0.38044137 0.92283845
vn -0.15673375 0.98478466 -0.075058445
vn -0.13424493 0.84434646 -0.5187074
vn -0.00093064876 0.0077457908 -0.9999696
vn -0.0009313916 0.0077458243 -0.9999696
vn 0.14903188 -0.9356504 -0.31991863
vn 0.1204065 -0.757646 0.64146304
vn 0.1490325 -0.9356514 -0.31991535
vn 0.15415089 0.9505517 0.2696091
vn 0.10958448 0.67401654 -0.73054296
vn 0.15495327 0.9545182 -0.25472456
vn -0.13998911 -0.86367416 -0.48422107
vn -0.13998875 -0.8636744 -0.48422068
vn -0.14145558 -0.87092894 0.47060937
vn -0.14145589 -0.8709284 0.4706102
vn 0.10730892 0.6627404 0.7411208
vn -0.14884847 -0.9356476 -0.32001215
vn -0.120803975 -0.7576487 0.6413851
vn -0.14884807 -0.9356473 -0.32001293
vn -0.06084145 -0.38044247 0.92280114
vn 0.058005683 0.3661458 0.9287479
vn 0.118836924 0.74775076 0.65325844
vn 0.15678976 0.9847832 -0.07496035
vn 0.13456757 0.8443463 -0.5186241
vn 0.0015362649 0.007752726 -0.9999688
vn 0.0015350629 0.0077485894 -0.9999688
vn 0.50008726 0.85479736 0.13868774
vn -0.4744867 -0.86486834 -0.16390578
vn -0.42848676 -0.8875042 -0.16951525
vn -0.35230598 -0.9134283 -0.20378737
vn 0.56084466 0.8235416 -0.08504509
vn 0.35377914 0.9253535 0.1362394
vn 0.26093632 0.94814694 0.18146542
vn -4.83607E-05 0.9839941 0.17820099
vn -5.1843333E-05 0.98186064 0.18960416
vn -0.26103547 0.9481503 0.18130518
vn -0.26293704 -0.94416106 -0.19855502
vn 6.295025E-05 -0.9740053 -0.22652529
vn 5.8203113E-05 -0.9777011 -0.21000122
vn 0.26304665 -0.9441644 -0.19839384
vn 0.35241914 -0.9134329 -0.20357108
vn -0.3538513 0.92535794 0.13602236
vn 0.47457683 -0.86487406 -0.16361459
vn 0.42858028 -0.88750935 -0.16925178
vn -0.56078386 0.82354736 -0.08538863
vn -0.50016177 0.8548035 0.13838057
vn -0.00012481233 0.9028599 0.42993486
vn -0.03789707 0.9600314 0.27731496
vn -0.00016443465 0.8292108 0.55893594
vn 0.00021043158 -0.7058365 -0.7083748
vn -5.7684487E-05 0.9778564 0.20927711
vn 0.03774022 0.96003115 0.27733725
vn 9.4316536E-05 -0.944224 -0.32930413
vn -0.0014744101 -0.99944586 -0.033255275
vn 3.053846E-05 -0.9927968 -0.11981052
vn 0.0014827546 -0.9994459 -0.033252757
vn 0.852873 -0.10854912 -0.51071006
vn 0.66108954 0.60811627 -0.43949446
vn 0.9530021 -0.24773398 -0.17439863
vn 0.33907813 0.7816172 -0.52354616
vn -0.6236352 0.7685532 -0.14284657
vn -0.89576775 0.41177484 0.16745643
vn -0.93541616 -0.14206329 0.32375097
vn -0.65891266 -0.45640114 0.59793997
vn 0.30396843 -0.90925676 0.28435096
vn 0.53598934 -0.8352237 0.12295078
vn 0.08571684 -0.9944932 0.06029893
vn 0.11463884 -0.5846812 -0.8031226
vn 0.098049685 0.36295512 -0.9266336
vn -0.08807856 0.96253383 0.2564583
vn -0.051129397 0.11392909 0.99217236
vn -0.00028172228 -0.38545153 0.92272806
vn 6.217782E-05 -0.9746946 -0.22354065
vn 0.0002892398 -0.2790919 -0.9602644
vn 0.00022371695 0.68780684 -0.72589374
vn -0.0002142514 0.693291 0.7206577
vn 0.05052959 0.11392788 0.99220324
vn -0.085765004 -0.99449223 0.060246404
vn -0.11415952 -0.5846786 -0.80319273
vn -0.097484455 0.36295575 -0.926693
vn 0.087934196 0.96253204 0.25651425
vn 0.6585411 -0.4564087 0.5983433
vn -0.53607297 -0.83521837 0.122622006
vn -0.85256207 -0.10853972 -0.51123106
vn -0.33874935 0.78162086 -0.5237536
vn 0.8956695 0.41176465 0.16800605
vn 0.6237321 0.7685456 -0.14246379
vn 0.9352155 -0.14207533 0.32432485
vn -0.66081536 0.60812134 -0.43989953
vn -0.95289797 -0.24772176 -0.17498425
vn -0.3041495 -0.9092545 0.28416443
vn 0.00017019405 -0.8160614 -0.5779652
vn -0.043338094 -0.009844211 -0.999012
vn 0.00012176898 -0.9078417 -0.41931316
vn 0.0026987211 -0.99945253 -0.03297525
vn -1.1037266E-05 -0.9998847 0.015186357
vn -1.9559064E-05 -0.9991076 0.04223916
vn 0.00030245745 0.007744768 -0.99996996
vn -0.46855342 -0.7218144 -0.5093541
vn -0.0026915967 -0.99945253 -0.03297723
vn -0.061916556 -0.9976444 -0.029530065
vn -0.26886147 0.9122258 0.30912414
vn -0.070969515 -0.9751385 0.20992458
vn -0.13534637 0.99076074 -0.00863629
vn 0.1582972 0.916831 -0.36655545
vn 0.23304088 0.8377688 -0.49379694
vn 0.44044876 -0.56944805 -0.69407046
vn 0.14940532 -0.9763213 -0.15644422
vn 0.04766521 -0.8919546 0.4496055
vn 0.065001585 -0.98878825 0.13443498
vn 0.06582334 -0.94590867 -0.31768546
vn -0.06335006 0.96309125 -0.26161438
vn -0.059197843 0.98010087 0.1894675
vn -0.05170669 0.83132714 0.553373
vn 0.26868373 0.91222227 0.30928898
vn 0.061922636 -0.99764514 -0.029492581
vn 0.07083328 -0.9751381 0.2099723
vn 0.13536267 0.9907592 -0.00855153
vn 0.06351862 0.96309036 -0.2615767
vn -0.065641575 -0.945907 -0.31772834
vn -0.06509442 -0.9887873 0.13439684
vn -0.04794731 -0.8919528 0.44957903
vn -0.24020785 -0.91674644 -0.31918058
vn -0.3369119 -0.803537 -0.4907329
vn -0.06272523 0.9759929 -0.20857488
vn 0.05909402 0.9801005 0.18950154
vn 0.051380686 0.8313271 0.55340344
vn -0.3726278 0.59952396 -0.70832163
vn -0.034229007 0.92862695 0.36943254
vn 0.19851105 -0.94327307 -0.2661379
vn -0.09624545 0.99535716 -0.0010012136
vn 0.13392949 -0.99023867 -0.038603164
vn 0.09318708 -0.96349216 -0.25099632
vn -0.20247929 0.9774909 -0.05927635
vn -0.13211457 0.9714613 0.19699937
vn 0.043242455 -0.9940398 0.10007529
vn 0.90306556 -0.38593283 -0.18848978
vn -0.40640894 -0.9003146 -0.15577373
vn -0.26025295 0.9064536 -0.3325812
vn -0.11087863 -0.98436415 0.13686904
vn -0.27595377 0.9572868 0.08632298
vn -0.91598845 0.38801116 -0.102041945
vn -0.8780443 -0.22587393 -0.42192325
vn 0.9380956 0.28342554 -0.19911459
vn 0.95068294 0.28474078 0.12298251
vn 0.8733326 -0.3770939 0.30836722
vn -0.88407785 0.37148476 0.2835584
vn -0.94936574 -0.24918835 0.19133721
vn -0.46408778 -0.8813084 -0.08898431
vn -0.17639495 0.973539 -0.14528129
vn -0.5809023 0.79910946 0.15484434
vn -0.43200675 -0.8236254 0.36743894
vn -0.19836001 -0.94327044 -0.26625973
vn -0.13391714 -0.99023724 -0.038685642
vn 0.03401598 0.9286268 0.36945266
vn -0.09304589 -0.9634911 -0.25105283
vn -0.043314155 -0.9940393 0.10004948
vn 0.13200596 0.97145975 0.19707975
vn 0.09625746 0.995356 -0.0009415511
vn 0.2025254 0.9774889 -0.05915145
vn -0.87352574 -0.37708482 0.30783102
vn 0.8839081 0.37147352 0.28410178
vn 0.9492453 -0.24919929 0.19191983
vn 0.11078339 -0.9843656 0.13693593
vn 0.27591375 0.9572828 0.086495064
vn 0.9160549 0.3880019 -0.10147887
vn -0.9507547 0.2847525 0.122399256
vn -0.90295434 -0.38592178 -0.18904455
vn 0.40649593 -0.900318 -0.15552674
vn 0.26046336 0.90645254 -0.33241934
vn 0.87829936 -0.2258853 -0.42138606
vn 0.43177757 -0.823627 0.36770463
vn 0.5808177 0.7991016 0.15520155
vn 0.17649269 0.9735374 -0.14517343
vn -0.9379701 0.28343606 -0.19968997
vn 0.46413252 -0.8813135 -0.088699184
vn 0.42900634 -0.8122965 -0.3951302
vn -0.13581988 -0.9671519 -0.21487258
vn -0.009584263 -0.51012033 -0.86004966
vn 0.009822335 -0.7122571 -0.70184994
vn 0.35716623 0.9323766 -0.055732884
vn 0.79360783 0.5813471 -0.17950524
vn 0.4290064 -0.81229657 -0.39513022
vn 0.7888646 0.61219764 -0.053914014
vn 0.6600247 -0.39666837 0.6379824
vn 6.705261E-05 -0.9709241 -0.23938774
vn 0.13593896 -0.96715325 -0.21479121
vn -0.016005151 -0.17516594 -0.98440886
vn -0.0010647954 0.99769586 0.06783693
vn 0.15392058 0.97577846 0.15545051
vn -0.42877758 -0.8122881 -0.39539585
vn 0.010898329 -0.103749014 0.99454385
vn -8.225977E-05 0.95712554 0.28967345
vn -0.00030177532 -0.096132316 0.99536854
vn -0.011503073 -0.10374483 0.9945375
vn -0.15400365 0.9757804 0.155356
vn -0.6604158 -0.39666253 0.63758117
vn -0.78882456 0.6122064 -0.054398425
vn -0.42877755 -0.8122881 -0.39539582
vn -0.36324695 0.9315716 -0.015038042
vn -0.79349184 0.581355 -0.17999238
vn 0.020985434 0.0077495123 -0.9997498
vn 0.06224438 0.007735739 -0.99803096
vn 0.062244803 0.007734807 -0.99803096
vn -0.020379785 0.007749747 -0.9997623
vn -0.061639454 0.0077364435 -0.9980685
vn -0.061639026 0.007735505 -0.9980685
vn -0.30430454 0.24455665 0.92064697
vn -0.000253492 -0.58164036 0.8134461
vn -0.0002867037 0.32291913 0.9464265
vn -0.28930804 -0.8069059 0.5149794
vn -0.00011513972 -0.93221873 0.36189538
vn -0.42411846 -0.86712366 0.26118973
vn -5.0935643E-05 -0.98881197 0.14916754
vn -0.64948565 -0.0625257 0.7577988
vn -0.3877779 -0.7957526 0.46519488
vn -0.91749465 -0.1991239 0.34431556
vn -0.56281865 -0.8108096 0.16069545
vn -0.08031815 -0.9948116 0.062441427
vn 0.4488904 -0.8859978 0.116213106
vn 0.42394927 -0.867128 0.26144993
vn 0.2889862 -0.8069097 0.5151542
vn 0.30374867 0.24455409 0.92083114
vn 0.38748798 -0.7957558 0.46543083
vn 0.6490233 -0.06253387 0.7581941
vn 0.91728103 -0.19913396 0.3448786
vn 0.95572364 -0.1317683 0.26311487
vn 0.7167443 -0.6854367 0.12827358
vn 0.9772198 -0.14761013 0.15248853
vn 0.6603089 -0.74755204 0.07182075
vn 0.993006 -0.023735309 0.11565344
vn 0.700743 -0.71172196 0.04910388
vn 0.9950831 -0.06517396 0.07457874
vn 0.025810763 -0.999184 0.031067159
vn -8.582544E-06 -0.99995345 0.009649104
vn -4.7719222E-06 -0.999993 -0.003743603
vn 0.7653839 -0.6412901 0.054170668
vn 0.6784673 0.6760996 0.28735277
vn 0.7723707 0.6126304 0.16771258
vn 0.9413701 -0.005230671 0.33733523
vn -0.6620486 -0.7405237 0.11539647
vn -0.660361 -0.7475448 0.07141498
vn -0.7007809 -0.71171415 0.048673306
vn -0.765424 -0.64128184 0.053700596
vn -3.486973E-06 -0.99996996 -0.007750846
vn -0.95588636 -0.13175754 0.2625286
vn -0.97731495 -0.14759871 0.15188855
vn -0.99307716 -0.023724128 0.11504348
vn -0.9951295 -0.06516263 0.07396758
vn -0.6786322 0.6761111 0.28693593
vn -0.4423773 0.882812 0.1579408
vn -0.94157666 -0.0052195913 0.33675846
vn -0.06262342 -0.8016475 -0.594508
vn -0.09533423 -0.69283295 -0.7147684
vn -0.9425934 -0.30324084 -0.13986717
vn -0.31572413 -0.6149485 -0.72260404
vn -0.72401583 -0.51886445 0.45451158
vn -0.7083084 0.6743233 0.20877582
vn 0.66874975 0.1431759 0.7295714
vn 0.085308194 0.9297157 0.35826156
vn 0.8195634 0.27479705 0.5027947
vn 0.3248288 0.4498583 0.83193374
vn 0.7969963 0.40298033 0.44989306
vn 0.3045848 0.84193593 0.4453898
vn 0.23985039 -0.44182062 0.8644457
vn 0.09022504 0.107953176 0.9900533
vn 0.06042081 0.69057304 0.7207345
vn 0.20667614 0.8141615 0.5426104
vn 0.7562308 0.526626 0.3883042
vn 0.02197552 0.94329953 0.33121473
vn -0.10169746 0.973579 0.20445447
vn -0.72401583 -0.51886445 0.4545116
vn 0.013376278 -0.79296696 -0.6091177
vn 0.042646766 -0.6719587 -0.7393598
vn 0.07695336 -0.8013445 -0.59323287
vn 0.1632236 -0.6287161 -0.7603119
vn 0.32702133 0.9019832 0.28192797
vn 0.20149997 0.8635392 0.46227467
vn 0.042646762 -0.6719587 -0.7393598
vn 0.13260731 0.9102797 0.39218146
vn 0.3028766 0.90652865 0.2940606
vn 0.055394787 0.007741883 -0.9984346
vn 0.04902903 -0.8785076 -0.47520587
vn 0.22866425 -0.8707871 -0.43525007
vn 0.013376279 -0.792967 -0.6091177
vn 0.012981811 -0.90836656 -0.4179735
vn 0.22123605 0.68453735 -0.6945958
vn 0.14041701 -0.4427139 -0.88560003
vn 0.396119 -0.91489846 -0.07778539
vn 0.40834358 0.9120668 -0.03727794
vn -0.67701846 0.7319543 0.07673985
vn -0.984062 0.090177625 -0.15326434
vn -0.998852 -0.047439083 -0.0066519864
vn -0.23958676 -0.97052604 0.026026828
vn 0.8461184 -0.0033013555 -0.53298473
vn 0.9743461 -0.0062813815 -0.2249674
vn 0.9746701 -0.0055675586 -0.22357826
vn 0.68232524 -0.002610041 -0.7310441
vn 0.37602013 0.0012419757 -0.92661065
vn 0.34113735 0.0072861174 -0.9399853
vn -0.96363175 0.0020742912 -0.26722595
vn -0.95079523 0.04790096 -0.30609486
vn -0.6886689 0.7051746 -0.16871257
vn -0.9771668 0.0016498592 -0.21246745
vn 0.12602855 -0.004600576 -0.99201596
vn 0.0059489417 0.003287481 -0.99997693
vn -0.014448706 0.99780023 -0.064699374
vn 8.996305E-06 0.9999443 -0.010551702
vn 1.8968365E-05 0.99908555 -0.042756908
vn 0.014499213 0.99780005 -0.06469005
vn 0.6887806 0.70516694 -0.16828842
vn 0.00030250344 -0.009218185 -0.9999575
vn 0.00030262544 0.027026191 -0.9996347
vn 1.8968363E-05 0.9990855 -0.042756908
vn -0.005343809 0.0032872166 -0.99998033
vn 0.950983 0.047890004 -0.30551264
vn 0.9637955 0.002063677 -0.26663476
vn 0.97729707 0.001639549 -0.21186736
vn -0.20285633 -0.003445204 -0.97920245
vn -0.3497758 0.0023492714 -0.9368305
vn -0.34056664 0.0072876727 -0.94019216
vn -0.6608002 -0.001725771 -0.7505599
vn -0.87307113 -0.004212468 -0.48757467
vn -0.9745328 -0.005556042 -0.22417635
vn -0.9748485 -0.006296571 -0.22277983
vn -0.22840896 -0.87078404 -0.43539014
vn -0.048747342 -0.87850654 -0.4752367
vn -0.012737164 -0.9083665 -0.41798103
vn -0.07672943 -0.8222478 -0.56393373
vn 1.806169E-05 0.99913496 -0.041585896
vn 0.00016155619 0.8556935 -0.51748306
vn -0.2208091 0.6845382 -0.69473076
vn -0.40831095 0.9120717 -0.037516683
vn -0.3960777 -0.914895 -0.07803594
vn -0.13988651 -0.44270986 -0.88568604
vn 9.60982E-05 -0.9424001 -0.33448777
vn 1.7907487E-05 -0.996876 -0.07898347
vn -0.036835436 0.999197 -0.015768778
vn -4.0860036E-06 0.99944717 0.03324815
vn 5.2792613E-05 0.9879087 -0.15503652
vn 0.036856815 0.99919647 -0.015744999
vn 0.676981 0.7319453 0.07715584
vn -0.23958676 -0.9705261 0.026026828
vn -0.04728354 -0.9974427 -0.053593636
vn 1.4200112E-05 -0.9978725 -0.065196805
vn -3.2177234E-06 -0.99997 -0.00775101
vn 0.23955983 -0.9705287 0.026174106
vn 0.04730411 -0.9974433 -0.053565126
vn 0.9988554 -0.047450606 -0.0060383044
vn 0.98415685 0.090166606 -0.15266086
vn 0.23955984 -0.9705287 0.02617411
vn -0.036835436 0.99919695 -0.015768776
vn 0.14041702 -0.44271392 -0.8856001
vn 0.22123602 0.68453735 -0.69459575
vn 0.03685682 0.9991965 -0.015745
vn 0.99885535 -0.047450606 -0.006038304
vn 0.047304105 -0.9974433 -0.053565122
vn -0.819867 0.27480885 0.50229305
vn -0.08551633 0.9297164 0.35820988
vn -0.30483505 0.84194547 0.4452004
vn -0.76642835 0.45321628 0.4551732
vn -0.32532805 0.44986215 0.83173656
vn -0.6691927 0.1431828 0.72916377
vn 0.7081872 0.67431533 0.20921223
vn 0.72373164 -0.51887214 0.45495537
vn 0.94267577 -0.30325103 -0.13928868
vn -0.23314139 0.79700583 0.5571596
vn -0.060848724 0.69057405 0.7206976
vn -0.09082218 0.10795269 0.98999876
vn -0.24037832 -0.44181752 0.8643006
vn 0.7237316 -0.5188721 0.45495537
vn 0.31615406 -0.6149521 -0.722413
vn -0.8015892 0.46295223 0.37832522
vn -0.09455304 0.92030436 0.37960446
vn -0.16595824 0.8927117 0.4189556
vn -0.33712736 0.83376324 0.43724602
vn -0.04220685 -0.6719574 -0.73938614
vn -0.013016781 -0.79296523 -0.6091278
vn -0.026811661 0.95738536 0.28756633
vn -0.054764025 0.0077425223 -0.99846935
vn -0.43784174 0.84154034 0.31639308
vn -0.15597409 0.9203359 0.35868382
vn -0.15221544 -0.4941215 -0.85596406
vn -0.07672944 -0.8222478 -0.5639338
vn -0.15221545 -0.4941215 -0.85596406
vn -0.01301678 -0.79296523 -0.6091278
vn -0.04220685 -0.67195743 -0.73938614
vn 0.09575909 -0.69283307 -0.7147116
vn 0.0629743 -0.8016486 -0.59446937
vn 0.0629743 -0.8016487 -0.59446937
vn 0.73771906 0.552669 0.38772106
vn 0.3121437 -0.15796812 -0.93680966
vn 0.37928137 -0.75687426 0.5322472
vn 0.8449539 0.4441167 0.29801565
vn 0.3100542 -0.24052419 0.9197905
vn -0.4932414 -0.83876675 0.2306151
vn 0.7285044 -0.52383184 0.44145387
vn 0.8179778 -0.57392097 0.039078858
vn -0.6435385 -0.7641975 0.04313382
vn -0.9306981 0.3449846 0.12160104
vn 0.08409018 0.9521497 0.29383627
vn 0.08409019 0.95214975 0.2938363
vn 0.5906075 0.80496633 0.056675024
vn 0.74905187 0.6396573 0.17251045
vn 0.59060746 0.8049663 0.05667502
vn 0.86492234 -0.28505972 -0.41309845
vn 0.01871864 -0.8997998 -0.43590128
vn 0.04647756 -0.83173174 -0.55322874
vn 0.9661871 -0.042145226 -0.25437438
vn 0.048211288 -0.93393564 0.35417494
vn 0.9596564 -0.107877776 -0.25965732
vn 0.01630955 -0.99213386 0.1241145
vn 0.86213964 -0.42627642 -0.27386814
vn 0.052341297 -0.91828424 -0.39244685
vn 0.9411054 -0.05524077 -0.3335702
vn -0.34758562 0.9178483 -0.19167401
vn -0.9876173 0.025074404 -0.15486616
vn -0.92607063 0.03181299 -0.37600693
vn 0.060990088 0.9902116 -0.12554426
vn -0.3413048 0.93803567 0.060002033
vn 0.13921961 0.9857332 0.09459408
vn -0.077555746 0.97648025 0.20117532
vn -0.004413723 0.96720624 0.25395396
vn 0.9365359 -0.001625959 0.35056803
vn 0.9355551 -0.0027406868 0.3531704
vn 0.82320815 -0.0015458433 0.56773764
vn 0.71603423 0.030506112 0.6973983
vn 0.62017167 0.03927329 0.78348243
vn 0.6615283 0.068191804 0.74681336
vn 0.90175086 -0.43205655 -0.013134781
vn 0.8395655 0.53854203 -0.07142957
vn 0.8344264 -0.5454942 -0.07854141
vn 0.78488445 -0.6017532 -0.14781605
vn 0.23193718 0.972232 0.031146701
vn 0.50995284 0.8600671 0.015256347
vn 0.88053113 -0.46556768 -0.088947855
vn 0.96486217 -0.22627021 -0.13357696
vn 0.05907474 0.9949334 0.08134866
vn -0.37961036 -0.7568742 0.53201276
vn -0.31157124 -0.1579673 -0.93700045
vn -0.7314337 0.542302 0.41341677
vn -0.8836814 0.40389553 0.23659162
vn -0.31062466 -0.24051529 0.91960037
vn -0.8180086 -0.57391095 0.038577672
vn -0.7287803 -0.5238215 0.44101056
vn 0.49309245 -0.83877075 0.23091906
vn 0.64350295 -0.7642048 0.043531217
vn -0.080503985 0.9554094 0.28409865
vn 0.9306264 0.34497583 0.12217303
vn -0.5906322 0.8049738 0.056311537
vn -0.080503985 0.95540947 0.28409865
vn -0.7491489 0.63966763 0.17205054
vn -0.04615178 -0.83172876 -0.55326074
vn -0.01846357 -0.89979935 -0.43591312
vn -0.8646727 -0.28504872 -0.41362828
vn -0.9660313 -0.042134013 -0.25496706
vn -0.95949817 -0.10786819 -0.26024568
vn -0.04842394 -0.9339335 0.35415164
vn -0.016404923 -0.9921339 0.12410159
vn -0.861977 -0.42626572 -0.27439624
vn -0.052109316 -0.91828424 -0.3924777
vn -0.9409014 -0.055229995 -0.33414716
vn -0.2583835 0.25441056 -0.9319406
vn -0.90976 0.2553593 0.32730472
vn -0.7370097 0.50894547 0.4447373
vn -0.4456407 0.75721407 0.47752613
vn -0.5484564 0.78044474 0.3001694
vn -0.8836815 0.40389556 0.23659164
vn -0.79899246 0.57910943 0.16199784
vn -0.99307716 -0.023724126 0.11504348
vn -0.61766124 0.44993228 0.6450237
vn -0.3623657 0.70275605 0.61222965
vn -0.00017619229 0.8020365 0.59727484
vn -0.00012999176 0.8954692 0.44512358
vn -0.032324776 0.97558117 0.21724764
vn -0.9174947 -0.19912392 0.34431556
vn -0.28768745 0.5417432 0.78977865
vn -0.00022266922 0.6634256 0.74824226
vn 0.07744449 0.9764793 0.20122269
vn -0.48951843 0.85645676 0.16387083
vn -0.58377564 0.8041148 0.11227406
vn -0.8659956 0.4864388 0.115883306
vn -0.99512947 -0.06516262 0.073967576
vn -0.67863214 0.6761111 0.28693593
vn -0.13926582 0.9857348 0.09450854
vn -0.060904667 0.99021214 -0.12558104
vn -0.77306426 0.6274659 0.09304933
vn -0.44237733 0.8828121 0.1579408
vn -0.039529916 0.99407566 0.10124758
vn 0.48013616 0.84876084 0.22152734
vn 0.515215 -0.85463804 0.06440034
vn 0.17665562 -0.9811977 0.07774277
vn 0.46528068 0.86694044 -0.178685
vn -0.74264973 0.6550359 0.13928121
vn -0.8804828 -0.46555543 -0.0894885
vn -0.83438504 -0.54548347 -0.079053864
vn -0.6642244 0.746723 0.03479654
vn -0.8022383 0.5916316 -0.0799114
vn -0.012415273 0.932438 0.3611166
vn -0.2923006 0.92502034 0.24268852
vn -0.37001732 0.92755884 0.052171268
vn -0.42513505 0.90011245 -0.09517273
vn -0.555861 0.8130617 -0.17305854
vn -0.52557033 0.83636993 -0.15576024
vn -0.54483026 0.83601546 -0.065101735
vn 0.23654851 0.94087464 0.2424866
vn 0.25423202 0.9660169 0.04666474
vn -0.023897935 0.9979543 -0.059297983
vn -0.417111 0.8881569 -0.19286218
vn -0.54897064 0.8070848 -0.21736002
vn -0.40749052 0.89368796 -0.18781199
vn 0.4427532 0.7364507 0.5114783
vn 0.8979571 0.42038375 0.13019438
vn 0.6506888 0.75121284 0.11083009
vn -0.7644566 0.61056274 0.20692822
vn -0.89672536 0.43500668 -0.08156499
vn -0.7050789 0.6789855 -0.20455441
vn 0.8549291 0.045351613 0.51675874
vn 0.7738643 0.35765043 0.5227047
vn 0.3797125 0.67137575 0.6364535
vn 0.3328934 0.6793996 0.65391
vn 0.099973954 0.64173657 0.76038116
vn -0.040409263 0.32361457 0.9453258
vn -0.855231 0.5120923 0.07963316
vn -0.7477128 0.64866537 -0.14198211
vn -0.5992397 0.76324415 -0.2415994
vn 6.524279E-05 0.98025477 -0.19773875
vn 9.7331824E-05 0.952286 -0.30520722
vn 0.93546116 0.09187508 0.34127924
vn 7.698772E-06 0.9999761 -0.0069234436
vn -0.05215998 0.044065204 0.9976661
vn -0.0003019236 0.07138258 0.99744904
vn 0.05155458 0.044063773 0.9976976
vn 0.855188 0.51208216 0.08015853
vn 0.7478068 0.6486574 -0.1415229
vn 0.03984114 0.32361528 0.94534963
vn 0.7643373 0.6105527 0.20739773
vn 0.8967803 0.43499634 -0.08101413
vn 0.71070373 0.67299503 -0.20488498
vn 0.59939516 0.76323843 -0.24123156
vn -0.10042351 0.6417401 0.7603188
vn -0.33328146 0.67940426 0.65370744
vn -0.3800907 0.6713826 0.63622046
vn -0.6507488 0.75121987 0.11043048
vn 0.023946645 0.99795395 -0.059283458
vn -0.0002332228 0.62413126 0.7813195
vn -0.00023289134 0.62413 0.78132045
vn -0.9356689 0.09188386 0.3407067
vn 0.032029692 0.9826011 0.18294565
vn -0.027846659 0.9895214 0.1416757
vn 0.5984468 0.8011589 -0.002410642
vn -0.82355535 -0.0015362637 0.56723386
vn -0.9357714 -0.0027301835 0.35259685
vn -0.9367508 -0.0016151783 0.34999323
vn -0.7164593 0.030514734 0.69696134
vn -0.6206478 0.03928084 0.7831049
vn -0.6619821 0.068199925 0.74641037
vn 0.9646745 -0.1673676 0.2034484
vn 0.9626655 -0.2570851 -0.084749
vn 0.10503571 0.97774565 -0.18160693
vn -0.24331841 0.92834044 -0.2810341
vn -0.52046996 0.8073034 -0.27815872
vn -0.3926645 0.89099956 -0.2278913
vn -0.7169601 0.664711 -0.21006559
vn -0.36531895 0.7990498 -0.47755778
vn -0.4211621 0.8202297 -0.3870991
vn -0.42103043 0.61895627 -0.6630434
vn -0.81002283 0.5189385 -0.2730677
vn -0.45252132 0.8812904 -0.13620493
vn -0.8251548 0.5323777 -0.18892753
vn 0.00013026361 0.91057944 -0.41333413
vn -0.06157374 -0.056532204 -0.9965003
vn -0.20397072 -0.102831125 -0.9735614
vn -0.31289864 -0.060316518 -0.9478694
vn -0.77505445 0.0018364516 -0.6318918
vn -0.6835347 0.54572207 -0.48473483
vn 8.91351E-05 0.9610237 -0.27646592
vn 0.00030221284 -0.05664117 -0.99839455
vn -0.31977043 0.9313856 -0.17397676
vn -0.4209091 0.87887377 -0.22453596
vn -0.50391483 0.8476448 -0.16603641
vn -0.25063375 0.9670355 -0.04500122
vn -0.44757754 0.89119256 0.07382583
vn -0.81152195 0.57698584 -0.09230148
vn -0.164543 -0.057293482 -0.98470455
vn -0.20266114 0.05380514 -0.9777697
vn -0.9660314 -0.042134017 -0.2549671
vn -0.7758097 0.608537 -0.16673927
vn -0.2319452 0.97223467 0.031004313
vn -0.50995255 0.86007273 0.014944005
vn -0.861977 -0.42626572 -0.2743962
vn -0.7287804 -0.5238215 0.44101056
vn -0.71190727 0.67982465 0.1761434
vn -0.66036934 -0.74450666 0.09809309
vn -0.4862891 -0.87376654 0.0074168686
vn -0.7965883 0.60412025 0.022039952
vn -0.87814176 -0.427338 -0.21505676
vn -0.06963496 0.99529207 0.06741504
vn -0.56804967 0.8217069 -0.046014905
vn -0.69329345 -0.599384 -0.4001038
vn -0.8022383 0.5916316 -0.079911396
vn -0.88757515 -0.46063465 -0.005097617
vn -0.78480184 -0.60174245 -0.148298
vn -0.88048285 -0.46555543 -0.0894885
vn -0.96478283 -0.22625828 -0.13416933
vn -0.06963496 0.99529207 0.067415036
vn 0.032029692 0.98260117 0.18294565
vn -0.004413724 0.96720624 0.253954
vn 0.45468318 0.75334674 0.4751126
vn 0.547591 0.78176403 0.29831064
vn 0.48942852 0.8564505 0.16417147
vn 0.1392196 0.98573315 0.09459408
vn 0.58371645 0.8041076 0.112632655
vn 0.36200243 0.7027503 0.6124511
vn 0.73674405 0.5089354 0.44518873
vn 0.8449539 0.4441167 0.29801568
vn 0.79889995 0.57909966 0.16248839
vn 0.28721458 0.5417397 0.7899532
vn 0.6172735 0.4499242 0.6454004
vn 0.90956223 0.25534827 0.32786256
vn 0.25894758 0.25440824 -0.9317847
vn 0.91728103 -0.19913398 0.34487864
vn -0.54672086 0.83419067 -0.07226553
vn -0.9726657 0.10931654 0.20486927
vn -0.99513364 -0.098081745 0.009439815
vn 0.33411714 0.89753777 -0.28773552
vn 0.39444032 0.90026563 -0.18422438
vn 0.5660377 0.7919945 -0.22879249
vn 0.4674916 0.8422631 -0.26841104
vn 0.3656175 0.7990463 -0.47733518
vn 0.4252035 0.9001077 -0.09491175
vn 0.5559748 0.8130566 -0.17271692
vn 0.4076144 0.893684 -0.1875617
vn 0.39281365 0.8909954 -0.2276504
vn 0.42140675 0.82022506 -0.38684243
vn 0.2897229 0.9567039 0.027898027
vn 0.6662717 0.7442082 0.047288835
vn 0.83956563 0.53854203 -0.07142957
vn 0.52567315 0.8363654 -0.15543748
vn 0.71709573 0.66470355 -0.2096256
vn -0.25424907 0.9660199 0.046508364
vn -0.23668447 0.940878 0.24234119
vn 0.43186504 0.87880206 0.20297667
vn 0.7667514 0.62584305 0.14287308
vn -0.8980324 0.42039347 0.12964253
vn -0.4430548 0.7364576 0.51120704
vn -0.06841889 0.9303818 0.36015078
vn 0.7730147 0.6274565 0.09352412
vn 0.77237076 0.6126304 0.1677126
vn 0.8805312 -0.46556768 -0.08894785
vn -0.77417856 0.3576624 0.5222309
vn -0.65309167 0.049030736 0.7556899
vn 0.8659301 0.48642847 0.11641526
vn 0.6784672 0.6760996 0.28735274
vn 0.039479673 0.99407524 0.10127152
vn 0.6558631 0.73368394 0.1776275
vn 0.99300605 -0.02373531 0.11565345
vn 0.99508315 -0.06517397 0.07457874
vn 0.55720663 0.82552755 -0.08958345
vn 0.8252765 0.5323686 -0.18842098
vn 0.45261377 0.88128585 -0.13592678
vn 0.81019574 0.5189299 -0.27257037
vn 0.42143896 0.6189552 -0.6627848
vn 0.85869354 0.5101464 -0.04894988
vn 0.44754395 0.8911866 0.07410114
vn 0.25067112 0.96703297 -0.04484763
vn 0.5040249 0.8476399 -0.16572706
vn 0.421056 0.8788696 -0.22427689
vn 0.3198851 0.93138295 -0.17377926
vn 0.7754411 0.0018344248 -0.63141733
vn 0.68383634 0.54572046 -0.48431098
vn 0.77591836 0.60852885 -0.16626304
vn 0.9661871 -0.04214523 -0.25437438
vn 0.56808704 0.8217005 -0.04566594
vn 0.8757239 -0.4317503 -0.21610005
vn 0.9639408 -0.07226499 -0.25611714
vn 0.82601404 0.5634804 0.013813869
vn 0.4855543 -0.87418354 0.0063423137
vn 0.6603011 -0.7445136 0.09849874
vn 0.2032421 0.053781804 -0.9776504
vn 0.16513447 -0.05731858 -0.9846041
vn 0.31347108 -0.06031976 -0.94768
vn 0.20455821 -0.1028354 -0.97343767
vn 0.06217426 -0.056542113 -0.99646246
vn -0.5152588 -0.8546546 0.0638278
vn -0.17671372 -0.98119587 0.07763407
vn -0.48026133 0.8487669 0.22123262
vn 0.46528065 0.86694044 -0.17868498
vn -0.012415271 0.932438 0.36111656
vn 0.9746616 0.02371047 -0.22242431
vn 0.92630136 0.031802554 -0.37543908
vn 0.59844685 0.80115896 -0.0024106423
vn -0.13926584 0.9857349 0.09450855
vn 0.07744449 0.97647923 0.20122266
vn -0.032324776 0.97558117 0.21724762
vn 0.03205916 -0.9277451 -0.37183508
vn 0.87572396 -0.43175036 -0.21610007
vn 0.016513938 -0.9983262 -0.05542761
vn 0.48555428 -0.87418354 0.0063423137
vn -6.5127286E-05 -0.98044246 0.19680631
vn -3.1368033E-06 -0.99997 -0.007750873
vn 0.0008975392 -0.53988653 0.8417374
vn -0.0002578671 -0.5413303 0.84081006
vn -0.48628914 -0.87376654 0.007416869
vn -0.016596857 -0.9982568 -0.05663941
vn -0.001413928 -0.53988665 0.8417366
vn -0.044214997 -0.9344723 -0.3532798
vn 0.9258363 -0.37778103 0.010421427
vn 3.13458E-05 -0.9922153 -0.12453501
vn -3.5482751E-06 -0.99997 -0.00775045
vn 0.8850925 -0.3518917 -0.3046039
vn 0.00018972208 0.78770864 -0.616048
vn -0.6984261 0.4604294 -0.5479103
vn -0.59923965 0.76324415 -0.2415994
vn -0.7050789 0.6789855 -0.20455442
vn 0.93774664 -0.17398144 -0.30060208
vn -0.82091033 0.21183196 -0.53031456
vn 0.9811205 -0.19110274 0.029702073
vn -0.9258467 -0.37777096 0.009852429
vn -0.9375639 -0.17397061 -0.30117783
vn -0.98114073 -0.1910917 0.02909927
vn -0.8849098 -0.351881 -0.30514666
vn 0.69876546 0.46042258 -0.54748327
vn 0.8212366 0.21182272 -0.52981275
vn 0.71070373 0.6729951 -0.20488499
vn 0.5993951 0.76323843 -0.24123156
vn -0.7707724 -0.5874992 -0.24648422
vn 0.26165694 0.8038753 -0.5341537
vn 0.0034841364 0.037051473 -0.9993073
vn -0.60871464 -0.7151718 -0.34350517
vn -0.11530074 0.8693903 -0.4804855
vn -0.8242514 -0.4413129 -0.35475713
vn -0.8768502 -0.13217364 -0.46223795
vn 0.26200646 0.9565692 -0.12778112
vn -0.6042499 -0.57346386 -0.55319196
vn 0.23278728 0.97208446 -0.02935845
vn -0.34021527 -0.91257864 -0.22683428
vn -0.4849151 -0.78264934 -0.39027867
vn 0.00018395792 -0.7817032 -0.62365067
vn 0.00022870125 -0.6417236 -0.766936
vn -2.1583488E-05 0.99579185 0.09164456
vn -0.3828174 -0.9148331 -0.12857392
vn -0.6832066 -0.7243027 -0.09281326
vn -0.56978047 -0.8148493 -0.10663446
vn -0.242019 -0.962896 -0.119407445
vn 3.4751076E-05 -0.99094754 -0.13424957
vn 2.2800514E-05 -0.9953855 -0.095957085
vn -0.261325 0.8038763 -0.53431475
vn 0.7709153 -0.5875098 -0.24601176
vn -0.0028828348 0.037050314 -0.9993093
vn 0.60891587 -0.71517986 -0.34313178
vn 0.34034303 -0.91258293 -0.22662555
vn 0.4851433 -0.78265613 -0.38998124
vn 0.6045796 -0.57347304 -0.55282205
vn 0.11559877 0.86939025 -0.480414
vn 0.8244621 -0.4413281 -0.3542482
vn 0.8771316 -0.13218759 -0.46169978
vn -0.2619174 0.956572 -0.12794271
vn -0.2327581 0.9720871 -0.029502165
vn 0.5084859 0.85973537 -0.047929745
vn 0.26200646 0.9565692 -0.12778111
vn 0.44616562 0.8922123 0.06995433
vn 0.20298985 0.97092104 0.12691526
vn -3.4622662E-05 0.99098027 0.13400824
vn 0.31297684 0.9325222 0.18013321
vn 0.46891016 0.86139596 0.19524439
vn -0.20305543 0.9709236 0.1267906
vn -0.3130759 0.93252605 0.17994113
vn -0.44619808 0.89221746 0.069680125
vn -0.26191738 0.956572 -0.12794271
vn -0.50844616 0.8597414 -0.048242174
vn 0.24208003 -0.9628991 -0.119258896
vn -0.4690194 0.8614017 0.19495638
vn 0.56983536 -0.8148566 -0.10628463
vn 0.68325377 -0.7243119 -0.09239379
vn 0.3828846 -0.914838 -0.12833874
vn 0.9969563 0.04274974 -0.06519749
vn 0.46591547 0.5421046 -0.6993179
vn 0.25190055 0.8368786 -0.48598394
vn 0.9643093 0.25464758 -0.07254243
vn 0.99876386 0.031687748 0.038297597
vn 0.9999272 0.01061214 0.005742839
vn 0.31828374 0.09157459 0.9435622
vn 0.21594135 0.75443757 0.6198333
vn 0.39551628 0.79957503 -0.45193657
vn 0.35585344 0.9344234 0.014875765
vn 0.6136934 0.7239555 0.31506965
vn 0.84998983 0.4688735 -0.24015625
vn 0.4286605 0.0527014 -0.90192723
vn 0.8326787 -0.0033063293 -0.55374664
vn 0.5326519 -0.13542542 -0.8354292
vn 0.90029305 -0.19072402 -0.39127594
vn 0.96042484 0.27849945 0.004715131
vn 0.97725827 -0.065870225 -0.20156252
vn 0.97462755 -0.19263673 -0.11398368
vn 0.9471139 -0.2969566 -0.12162315
vn 0.873828 -0.46300402 0.14849919
vn 0.6709533 -0.7161196 0.19233936
vn 0.6151392 -0.71945643 0.3224689
vn 0.6632782 0.51675874 0.54131556
vn 0.9209523 0.30652708 0.2405992
vn 0.765993 0.23136306 0.5997715
vn 0.38152122 0.5388027 0.7510881
vn -0.00026880915 0.44943872 0.8933112
vn -0.00020080883 0.7372444 0.67562616
vn -0.66360205 0.5167684 0.54090923
vn -0.38196975 0.5388085 0.75085574
vn -0.766355 0.23137714 0.5993035
vn -0.9210962 0.30653843 0.24003349
vn -0.96042436 0.2785105 0.004125252
vn -0.00010718986 0.9286909 0.37085465
vn -0.6138768 0.7239638 0.3146931
vn -0.8498374 0.46888182 -0.24067894
vn -0.83234006 -0.0032963613 -0.55425555
vn -0.97713506 -0.06585854 -0.20216276
vn -0.99781984 0.03640878 0.055046357
vn -0.9700142 0.21195017 0.11895177
vn 4.859795E-05 0.99000156 -0.14105655
vn -0.35585138 0.9344276 0.014656889
vn 0.00015797348 0.8633967 -0.5045258
vn -0.39523324 0.79957736 -0.45218006
vn 0.00028946094 0.29401636 -0.9558004
vn -0.4281116 0.05270692 -0.9021876
vn 0.00030035689 -0.1247886 -0.9921834
vn -0.53214663 -0.13541584 -0.8357526
vn 0.99778616 0.036397036 0.055659313
vn 0.9699433 0.21193942 0.11954799
vn 0.42664933 0.7089819 0.5615293
vn 0.90474963 -0.30086863 0.3015066
vn 0.8988512 -0.37441942 0.22776465
vn 0.8157807 -0.2744308 0.5091067
vn 0.73345274 -0.30920273 0.60534364
vn 0.6454443 -0.115587935 0.75501066
vn 0.52279073 -0.09097793 0.8475925
vn 0.15613897 0.81382 0.5597478
vn 0.05771184 0.84445447 0.5325092
vn -0.00015403656 0.8525748 0.52260524
vn -0.0002856603 -0.3584984 0.93353033
vn -0.00029827314 -0.21428291 0.97677165
vn -0.52330804 -0.09097463 0.8472735
vn -0.6459064 -0.11558336 0.75461614
vn -0.8160947 -0.2744239 0.5086069
vn -0.05802625 0.84445393 0.5324758
vn -0.73382705 -0.30919805 0.6048921
vn -0.9049378 -0.30085897 0.30095097
vn -0.8989953 -0.37440732 0.22721504
vn -0.87392473 -0.4629932 0.14796251
vn -0.15647896 0.81381613 0.5596586
vn -0.42699727 0.7089785 0.5612689
vn -0.97455955 -0.19262554 -0.1145823
vn -0.9470425 -0.29694533 -0.12220478
vn -0.6710786 -0.71611273 0.19192734
vn -0.61534756 -0.71945065 0.32208428
vn -0.9000554 -0.19071302 -0.39182752
vn -0.39523324 0.79957736 -0.45218003
vn -0.3558514 0.9344277 0.01465689
vn -0.25162584 0.83687407 -0.48613405
vn -0.4655299 0.5420999 -0.69957817
vn -0.9969156 0.042761553 -0.06580957
vn -0.96426225 0.2546562 -0.07313419
vn -0.21627697 0.75444543 0.61970675
vn -0.99878675 0.03169938 0.0376842
vn -0.3188365 0.09157995 0.94337505
vn -0.9999304 0.010623759 0.00512881
vn 0.75123113 -0.6415675 0.15505758
vn 0.095242955 -0.98135453 0.16694936
vn 0.9017509 -0.43205655 -0.013134781
vn 0.40890196 0.887603 0.21203819
vn 0.4196655 0.8831426 0.20961891
vn -0.3003708 0.9167296 0.2634089
vn -0.8327596 -0.4928013 0.25230604
vn -0.49252942 -0.84556437 0.20599927
vn 0.77988696 -0.5752737 0.2466507
vn 0.30022207 0.91672564 0.2635922
vn -0.40901995 0.8876086 0.21178703
vn -0.4197819 0.8831485 0.20936106
vn -0.87742215 -0.45606223 0.14878732
vn -0.25643906 -0.953956 0.15558581
vn -0.80223835 0.5916316 -0.079911396
vn 0.4405082 -0.87621546 0.19544573
vn 0.50002396 -0.14674063 -0.8534889
vn 0.94015807 -0.16466083 -0.29831153
vn 0.9388108 -0.30300274 -0.16377899
vn 0.5508945 -0.0298161 -0.83404213
vn 0.3783253 0.91687536 -0.12731695
vn 0.37376195 0.91425836 -0.15631306
vn 0.9704347 -0.24116018 0.009916322
vn 0.95786834 -0.28512856 0.034497138
vn 0.6817336 -0.031850938 0.73090684
vn -0.25768194 0.39398494 -0.88225615
vn 0.4671172 0.883826 -0.025555804
vn -0.50684196 0.4605027 -0.7287308
vn -0.65310365 0.7495789 -0.107644014
vn 0.60012573 0.7977184 -0.059115034
vn -0.7165338 0.68868506 -0.110870495
vn -0.70233715 0.7063162 0.088544175
vn -0.6186991 0.76084065 0.19578807
vn 0.60345674 0.7773714 -0.17757745
vn 0.60403377 0.7814624 -0.15639661
vn -0.3515561 0.5736106 0.7398508
vn -0.058577113 0.5403993 0.8393673
vn 0.54083824 0.787787 -0.29476392
vn 0.72597855 0.059461612 0.685142
vn 0.3957213 0.8810729 -0.25906634
vn -0.49950525 -0.146735 -0.85379356
vn 0.23349047 0.41960233 -0.8771637
vn 0.5072895 0.4604969 -0.728423
vn -0.5353112 -0.0793669 -0.8409178
vn -0.44340023 0.8955389 -0.03750015
vn -0.5996757 0.79941934 -0.036302797
vn -0.6085571 0.7801739 -0.1448686
vn 0.6567767 0.7464475 -0.10705365
vn 0.7166093 0.6886772 -0.110430606
vn 0.702291 0.7063078 0.08897565
vn -0.9414037 -0.15664133 -0.2987016
vn -0.376845 0.9158798 -0.13839126
vn -0.3728968 0.9134466 -0.16298242
vn -0.96927875 -0.24573736 0.0105753
vn -0.73974544 0.10852665 0.6640773
vn -0.40871802 0.87071663 -0.2734998
vn -0.55463976 0.785231 -0.2752947
vn -0.9387137 -0.30299157 -0.16435555
vn -0.9578925 -0.28511775 0.033908777
vn -0.6821781 -0.031843685 0.7304924
vn 0.0813266 0.5133857 0.85429573
vn 0.61272913 0.7662057 0.19362818
vn -0.60262495 0.7795192 -0.17086002
vn 0.35111478 0.573605 0.74006474
vn -0.010259884 -0.83438164 -0.5510916
vn 0.9362854 0.01099476 0.35106823
vn 0.80129176 -0.51576656 0.30317715
vn 0.67258847 0.51350665 0.5328562
vn 0.5250394 0.33922085 0.7805529
vn 0.52707595 -0.39978436 0.7499089
vn 0.00014362669 -0.870974 -0.49132907
vn 0.5709528 0.7932151 0.21171385
vn -2.6811524E-05 0.99418604 0.1076758
vn -0.00029317927 0.23565784 0.9718361
vn -0.52753687 -0.39978078 0.7495867
vn -0.80148226 -0.5157589 0.3026863
vn 0.010584142 -0.8343828 -0.55108386
vn 0.010063576 0.5556442 -0.8313593
vn -0.9365004 0.011004895 0.35049397
vn -0.6729073 0.5135159 0.53244454
vn -0.5710725 0.7932226 0.21136239
vn -0.0095471 0.5556375 -0.83136994
vn -0.5255102 0.33922678 0.7802335
vn -0.2634244 0.9630902 -0.055362586
vn 0.2705804 0.9600952 0.07073503
vn 0.2713964 0.9141831 -0.30102062
vn -0.26349527 0.8679509 -0.42098868
vn 0.27122483 0.43392622 -0.85915375
vn -0.26348624 0.31648973 -0.91126794
vn 0.2708867 0.07064952 -0.9600152
vn -0.2631544 -0.055279907 -0.96316874
vn -1 5.8045944E-06 -0.00030706316
vn -1 5.804805E-06 -0.00030706337
vn -1 5.804384E-06 -0.00030706296
vn -0.26373813 0.05528508 0.9630087
vn 0.27030438 -0.07065184 0.96017903
vn 0.27102405 0.30110228 0.9142666
vn -0.26388726 0.4209089 0.8678705
vn 0.2708274 0.62889045 0.7288
vn -0.263575 0.7200755 0.6418875
vn 0.27083412 0.8592343 0.4340108
vn -0.26385453 0.91118944 0.31640902
vn -0.2634686 -0.9630874 0.055200215
vn 0.27061227 -0.96009856 -0.070568286
vn 0.27120262 -0.91418606 0.30118608
vn -0.2637595 -0.8679493 0.42082658
vn 0.2708497 -0.7287182 0.6289756
vn -0.26360548 -0.64196765 0.7199929
vn 0.27069882 -0.43392977 0.8593179
vn -0.2640418 -0.31648818 0.91110766
vn 0.27088666 0.07064951 -0.9600151
vn 0.27157515 -0.30110472 -0.91410226
vn -0.26336655 -0.42090547 -0.86803037
vn 0.2710875 -0.85923815 -0.43384495
vn -0.26367372 -0.9111858 -0.31657022
vn -0.26346856 -0.9630873 0.05520021
vn -0.7658294 0.60490733 0.21815728
vn -0.2634686 -0.9630874 0.05520022
vn -0.71914667 -0.0058256974 0.69483393
vn -0.26315436 -0.055279903 -0.96316874
vn -0.8265735 0.56280935 0.0046832105
vn -0.765879 0.6083453 -0.20819579
vn -0.7651986 0.48283428 -0.42584294
vn -0.76527745 0.28313002 -0.5780899
vn -0.010032987 0.655153 -0.75542957
vn -0.009997377 0.89429164 -0.44737288
vn -0.8265735 0.5628094 0.004683211
vn -0.26373813 0.05528508 0.96300876
vn -0.7655278 0.039561257 -0.6421854
vn -0.009356191 0.31406063 -0.94935685
vn -0.7657624 -0.20795675 -0.6085738
vn -0.009155039 -0.07220844 -0.99734753
vn -0.76518685 -0.4256037 -0.48306388
vn -0.12033637 -0.41692305 -0.90094084
vn -0.76537216 -0.577851 -0.2833614
vn -0.010085014 -0.702176 -0.711932
vn -0.76571506 -0.64194787 -0.039792344
vn -0.7656334 -0.28312322 0.5776217
vn 0.8282854 0.56028706 0.004666558
vn 0.7658871 0.2739145 0.5817111
vn 0.2708867 0.07064951 -0.9600152
vn 0.7663828 0.028940652 0.6417319
vn 0.27061227 -0.9600985 -0.07056828
vn 0.7666128 0.6072815 -0.20860025
vn 0.766339 0.4817554 -0.42501333
vn 0.7667361 0.2827771 -0.5763271
vn 0.7667751 0.039040584 -0.6407276
vn 0.27030438 -0.07065184 0.9601791
vn 0.7188195 -0.26111904 -0.64429444
vn 0.7663358 -0.47500756 -0.43254727
vn 0.76710176 -0.60337234 -0.21793745
vn 0.7665662 -0.6415019 0.02918167
vn 0.76597697 -0.58148044 0.27415293
vn -0.00026499262 -0.5040739 0.86366045
vn -0.0003012686 0.09984608 0.99500287
vn -0.62581205 -0.07737214 0.77612686
vn -0.6257772 0.39371654 0.67334265
vn -1 5.722581E-06 -0.00030684657
vn -0.6257548 -0.5189034 0.58238333
vn -9.7608114E-05 -0.95346 0.30151975
vn -0.7465709 -0.6344079 0.20039597
vn -0.6255254 -0.75951415 -0.17848332
vn -0.0002229426 0.66562426 0.74628705
vn -0.62566566 0.71441615 0.31329238
vn -6.108839E-05 0.9771576 0.21251592
vn -0.53171295 0.8074625 -0.25551066
vn 0.8282854 0.5602871 0.0046665585
vn 0.7188195 -0.261119 -0.64429444
vn -0.12033636 -0.41692305 -0.90094084
vn -0.03657669 -0.95050806 -0.30853963
vn 0.19575635 -0.31995583 0.92698854
vn -0.6908832 -0.68588585 -0.22856314
vn -0.060749095 -0.19855857 0.9782045
vn -0.752056 2.1367432E-05 0.6590993
vn -0.85994804 -0.22052546 -0.46028018
vn -0.045514666 -0.9961733 -0.07461324
vn -0.78076583 -0.61318415 -0.120041184
vn 0.19418235 0.30337346 0.9328761
vn -0.80616415 0.09019168 0.5847777
vn -0.8910953 0.28404808 -0.35392922
vn -0.9672744 0.2055858 -0.14870988
vn -0.85986274 -0.22807498 0.456747
vn -0.043883953 -0.95472527 0.2942343
vn -0.04960017 0.9561401 -0.28867963
vn -0.058208417 0.9540865 -0.29382107
vn -0.08067735 0.9961395 -0.03460245
vn -0.7414334 0.005286077 -0.6710057
vn -0.6938073 -0.6889064 0.20985594
vn 0.19569409 -0.2958203 -0.9349836
vn -0.060154993 -0.18313017 -0.98124653
vn -0.036954965 -0.30852535 0.95049804
vn 0.19594817 0.9269272 0.32001624
vn -0.69115955 -0.22834535 0.6856799
vn -0.060502857 0.97822315 0.19854206
vn -0.7518519 0.65933204 -0.00024665633
vn -0.8601574 -0.4600131 0.22026612
vn -0.04584242 -0.0746026 0.9961591
vn -0.046606 0.033907663 0.99833775
vn 0.19456196 0.93281645 -0.3033137
vn -0.8911203 -0.35365176 -0.2843151
vn -0.85978836 0.4570157 0.22781706
vn -0.044072382 0.2942495 0.9547119
vn -0.04940326 -0.28866112 -0.95615596
vn -0.7416415 -0.6707739 -0.0055097146
vn -0.69394785 0.21007529 0.68869793
vn 0.19532199 -0.9350428 0.29587904
vn -0.06050729 -0.9812283 0.18311183
vn 0.1939327 -0.9312204 -0.3085752
vn 0.26342443 0.9630901 0.055362143
vn -0.27058023 0.9600952 -0.070735484
vn -0.2713965 0.91418314 0.30102015
vn 0.26349533 0.8679509 0.42098862
vn -0.27123937 0.7287161 0.62881005
vn 0.26316187 0.64196897 0.720154
vn -0.27122477 0.433927 0.8591534
vn 0.2634859 0.31649086 0.9112677
vn -0.27088678 0.07065066 0.96001506
vn 0.2631544 -0.05527905 0.96316874
vn 1 5.8058276E-06 0.0003071986
vn 0.99999994 5.8059554E-06 0.00030719873
vn 1 5.8057003E-06 0.0003071985
vn 0.26373807 0.055283673 -0.9630088
vn -0.27030405 -0.07065234 -0.9601791
vn -0.271024 0.30110106 -0.914267
vn 0.2638873 0.42090842 -0.86787075
vn -0.27082726 0.6288899 -0.7288004
vn 0.26357496 0.72007513 -0.6418879
vn -0.27083415 0.85923404 -0.4340113
vn 0.26385477 0.91118926 -0.31640917
vn 0.26346835 -0.96308744 -0.055199627
vn -0.27061233 -0.96009845 0.070568636
vn -0.27120274 -0.9141861 -0.30118564
vn 0.26375955 -0.8679495 -0.42082614
vn -0.2708497 -0.7287184 -0.6289754
vn 0.26360536 -0.64196813 -0.7199925
vn -0.2706985 -0.43392983 -0.85931796
vn 0.26404172 -0.31648812 -0.9111077
vn -0.27088678 0.07065066 0.9600151
vn -0.27157503 -0.3011045 0.9141024
vn 0.2633664 -0.42090523 0.8680305
vn -0.27126163 -0.6288956 0.728634
vn 0.26319367 -0.7200715 0.6420485
vn -0.27108777 -0.8592378 0.43384552
vn 0.2636737 -0.9111856 0.31657055
vn -0.99999994 -5.789119E-06 -0.00030731654
vn -1 -5.7889583E-06 -0.00030731634
vn -1 -5.7892803E-06 -0.0003073167
vn 0.7658297 0.60490686 -0.21815753
vn 0.26346838 -0.9630875 -0.055199634
vn 0.76548386 0.47548676 -0.43352842
vn 0.76585805 0.27310836 -0.5821283
vn 0.71914643 -0.0058262963 -0.6948341
vn 0.26315436 -0.055279046 0.96316874
vn 0.8265739 0.5628088 -0.0046835165
vn 0.7658791 0.60834515 0.20819567
vn 0.7651985 0.4828344 0.425843
vn 0.7652774 0.28312957 0.5780902
vn 0.010032837 0.65515316 0.75542957
vn 0.00999742 0.89429194 0.44737235
vn 0.009952961 0.99991953 -0.007870815
vn 0.82657385 0.5628089 -0.004683517
vn 0.2637381 0.055283677 -0.9630088
vn 0.76552725 0.039562125 0.642186
vn 0.0093556205 0.31406087 0.9493568
vn 0.7657622 -0.20795628 0.6085741
vn 0.009154441 -0.07220748 0.99734765
vn 0.76518685 -0.42560303 0.48306435
vn 0.120336235 -0.41692263 0.9009411
vn 0.76537204 -0.5778508 0.28336185
vn 0.010084704 -0.7021755 0.71193254
vn 0.7657148 -0.64194804 0.039792765
vn 0.766013 -0.60833716 -0.2077256
vn 0.76546437 -0.4828257 -0.4253748
vn 0.0088784285 -0.9269579 -0.37506032
vn 0.009490134 -0.99992603 0.007605584
vn 0.010974497 -0.92148757 0.38825285
vn 0.76563305 -0.28312317 -0.5776222
vn 0.010513647 -0.7119287 -0.7021731
vn 0.011368962 -0.38824928 -0.9214843
vn -0.10284921 -0.057679873 -0.9930233
vn 0.009932224 0.2990732 -0.9541785
vn 0.010492936 0.6431756 -0.7656469
vn 0.010272022 0.8871351 -0.46139553
vn -0.766976 0.6033618 -0.21840869
vn -0.8282852 0.56028736 -0.004666939
vn -0.766077 0.47499728 -0.43301696
vn -0.7658874 0.27391356 -0.5817113
vn -0.27088675 0.07065065 0.96001506
vn -0.7663829 0.028940426 -0.64173174
vn -0.7666128 0.6072816 0.20859975
vn -0.7663387 0.48175594 0.425013
vn -0.76673603 0.28277743 0.576327
vn -0.76677483 0.039041247 0.6407279
vn -0.27030408 -0.07065235 -0.96017915
vn -0.71881974 -0.26111874 0.64429444
vn -0.76633596 -0.4750075 0.4325473
vn -0.7671019 -0.60337216 0.21793774
vn -0.7665662 -0.6415019 -0.029181633
vn -0.765977 -0.58148044 -0.2741528
vn -0.7660591 -0.43278563 -0.47523683
vn -0.76685315 -0.2181775 -0.6036016
vn 0.00026499265 -0.50407404 -0.86366045
vn 0.00030079976 0.09984557 -0.9950029
vn 0.62581205 -0.07737256 -0.7761268
vn 0.62577707 0.39371645 -0.6733427
vn 1 5.7225807E-06 0.00030714073
vn 0.6257549 -0.51890343 -0.58238316
vn 9.7565025E-05 -0.9534601 -0.30151936
vn 0.746571 -0.634408 -0.20039545
vn 0.6255253 -0.7595141 0.17848395
vn -0.00012140171 -0.90899837 0.41679972
vn 0.00022211128 0.66562444 -0.7462868
vn 0.62566555 0.71441627 -0.31329226
vn 6.108857E-05 0.9771575 -0.21251653
vn 0.53171295 0.8074625 0.25551057
vn 0.62536955 0.4042724 0.66744053
vn 0.6253383 -0.065135896 0.7776306
vn 0.62539697 -0.5096621 0.5908665
vn -9.240213E-05 0.9534606 0.3015178
vn -0.00022148326 0.6772936 0.7357128
vn -0.00029983578 0.11550196 0.99330723
vn -0.00026228957 -0.49040914 0.8714923
vn -0.10284921 -0.057679873 -0.9930232
vn -0.7188197 -0.26111874 0.64429444
vn 0.120336235 -0.4169226 0.9009411
vn 0.03657656 -0.95050776 0.30854052
vn -0.19575581 -0.3199568 -0.9269883
vn 0.6908823 -0.6858864 0.22856422
vn 0.06074898 -0.19856001 -0.97820425
vn 0.7520555 2.0697438E-05 -0.6590998
vn 0.8599476 -0.22052512 0.46028107
vn 0.045514654 -0.9961733 0.074613795
vn 0.78076583 -0.6131841 0.12004184
vn 0.04632104 -0.99835145 -0.033894327
vn -0.19418208 0.30337298 -0.93287635
vn 0.8061647 0.09019154 -0.584777
vn 0.89109504 0.2840484 0.35392967
vn 0.96727437 0.20558593 0.14871019
vn 0.97134256 -0.22495249 -0.07674631
vn 0.85986245 -0.22807576 -0.45674732
vn 0.04388378 -0.9547256 -0.29423338
vn 0.0495998 0.95614046 0.28867847
vn 0.058207862 0.95408666 0.29382053
vn 0.08067698 0.9961395 0.034601983
vn 0.81483865 0.5374279 -0.21727711
vn 0.08184452 0.99260384 -0.08966111
vn 0.8845401 0.28064013 -0.37259895
vn 0.74143326 0.005286065 0.67100585
vn 0.6938066 -0.6889071 -0.20985599
vn -0.19569194 -0.2958195 0.93498427
vn 0.060152274 -0.18312743 0.9812472
vn -0.19412817 0.30863407 0.93116015
vn 0.065757945 0.948643 -0.30943877
vn 0.7015056 0.6811556 -0.20956396
vn 0.060153373 0.19856206 0.9782406
vn 0.0369548 -0.3085261 -0.9504978
vn -0.19594814 0.926927 -0.32001683
vn 0.6911594 -0.22834544 -0.68568
vn 0.06050418 0.9782228 -0.19854343
vn 0.75185174 0.6593322 0.0002464758
vn 0.86015743 -0.4600134 -0.22026563
vn 0.045840062 -0.07460258 -0.9961592
vn 0.7809864 -0.119798794 -0.6129507
vn 0.046606347 0.033907674 -0.9983377
vn -0.19456348 0.9328163 0.30331323
vn 0.805957 0.585026 0.09043215
vn 0.89112014 -0.35365173 0.28431565
vn 0.9672591 -0.1484073 0.20587634
vn 0.97138613 0.07705062 -0.22466014
vn 0.8597883 0.45701602 -0.22781704
vn 0.044074006 0.2942495 -0.95471185
vn 0.049401965 -0.2886602 0.9561563
vn 0.05800984 -0.2938002 0.954105
vn 0.080388844 -0.034577053 0.99616367
vn 0.81460947 0.21753101 0.5376726
vn 0.08151219 0.08968463 0.99262905
vn 0.8843396 0.3728737 0.2809071
vn 0.7416412 -0.67077416 0.0055100285
vn 0.69394845 0.2100744 -0.6886976
vn -0.19532147 -0.9350431 -0.29587832
vn 0.060507268 -0.9812285 -0.18311115
vn -0.19393218 -0.9312204 0.3085756
vn 0.06538294 0.3094631 0.94866097
vn 0.7012378 0.20978561 0.68136305
vn 0.06039311 -0.9782226 0.19857812
vn 0.26349524 0.86795104 0.4209885
vn -0.27123952 0.72871614 0.6288099
vn 0.26316175 0.64196914 0.7201538
vn -0.2712249 0.4339267 0.8591535
vn 0.26348585 0.3164902 0.9112679
vn -0.27088678 0.07065009 0.9600151
vn 0.2631541 -0.05527934 0.96316886
vn 1 5.805848E-06 0.00030719858
vn 0.99999994 5.805997E-06 0.0003071987
vn 0.99999994 5.8056994E-06 0.0003071984
vn -0.2703043 -0.07065263 -0.9601791
vn -0.27102408 0.30110127 -0.91426694
vn 0.26388738 0.4209086 -0.8678706
vn 0.2634684 -0.96308744 -0.05519964
vn -0.27120274 -0.9141861 -0.30118576
vn 0.2640416 -0.31648836 -0.91110766
vn -0.2715751 -0.3011045 0.9141024
vn 0.2633662 -0.4209053 0.86803055
vn -0.27126172 -0.62889534 0.7286342
vn 0.26319355 -0.7200713 0.6420487
vn -0.27108783 -0.8592378 0.43384552
vn 0.26367363 -0.91118574 0.3165705
vn -1 -5.78912E-06 -0.0003073166
vn -0.99999994 -5.7889583E-06 -0.00030731637
vn -0.99999994 -5.7892807E-06 -0.00030731672
vn 0.26346844 -0.96308744 -0.055199645
vn 0.76548386 0.4754867 -0.43352848
vn 0.76585776 0.27310842 -0.58212847
vn 0.71914643 -0.005826303 -0.6948342
vn 0.26315406 -0.055279337 0.9631688
vn 0.76527756 0.2831295 0.57809
vn 0.76552755 0.03956211 0.64218575
vn 0.7660131 -0.60833716 -0.20772555
vn 0.7654646 -0.4828254 -0.4253747
vn 0.7656332 -0.2831231 -0.57762194
vn 0.010513549 -0.71192867 -0.7021731
vn 0.011368708 -0.3882495 -0.9214842
vn -0.10284944 -0.057679866 -0.99302316
vn 0.009932154 0.29907352 -0.95417845
vn 0.0104929255 0.6431754 -0.765647
vn -0.76697594 0.6033619 -0.21840875
vn -0.8282853 0.56028724 -0.004666938
vn -0.76607686 0.4749974 -0.43301713
vn -0.76588696 0.27391383 -0.5817116
vn -0.7663826 0.028940728 -0.6417323
vn -0.76661277 0.6072817 0.20859978
vn -0.27030426 -0.07065262 -0.96017903
vn -0.76605916 -0.4327857 -0.47523674
vn -0.76685315 -0.21817762 -0.6036015
vn 0.00026505682 -0.50407404 -0.86366045
vn 0.00030079958 0.099845566 -0.9950029
vn 0.625812 -0.0773726 -0.77612686
vn 0.625777 0.39371648 -0.67334276
vn 1 5.7196507E-06 0.00030713718
vn 0.6257548 -0.5189035 -0.58238316
vn 9.759991E-05 -0.9534601 -0.3015193
vn 0.6255252 -0.7595142 0.17848386
vn -0.00012144744 -0.9089984 0.41679966
vn 0.00022211112 0.66562444 -0.7462868
vn 0.6256654 0.71441644 -0.31329232
vn 6.108855E-05 0.97715753 -0.21251655
vn 0.53171283 0.80746263 0.25551063
vn 0.6253695 0.40427238 0.6674406
vn 0.62533826 -0.06513592 0.7776307
vn 0.6253969 -0.50966215 0.5908665
vn -9.240207E-05 0.9534606 0.3015178
vn -0.0002214831 0.6772936 0.7357128
vn -0.00029983564 0.115502015 0.99330723
vn -0.0002623524 -0.49040914 0.8714923
vn -0.102849446 -0.05767987 -0.99302316
vn -0.8282853 0.5602873 -0.0046669384
vn 0.03657649 -0.95050776 0.30854064
vn -0.19575614 -0.31995675 -0.92698824
vn 0.6908828 -0.68588597 0.22856405
vn 0.060748987 -0.19855994 -0.97820425
vn 0.75205594 2.0702875E-05 -0.6590993
vn 0.8599478 -0.22052506 0.46028093
vn 0.045514658 -0.9961733 0.074613765
vn 0.7807656 -0.61318445 0.120041825
vn 0.04632104 -0.9983514 -0.033894308
vn -0.19418234 0.30337298 -0.9328763
vn 0.806165 0.09019143 -0.58477646
vn 0.89109516 0.2840483 0.35392934
vn 0.96727437 0.20558593 0.1487102
vn 0.9713425 -0.22495273 -0.07674622
vn 0.8598627 -0.22807536 -0.45674708
vn 0.043883577 -0.9547257 -0.2942333
vn 0.049599867 0.9561405 0.28867847
vn 0.058207937 0.95408666 0.29382065
vn 0.08067693 0.9961396 0.034601968
vn 0.8148386 0.537428 -0.21727698
vn 0.08184452 0.9926039 -0.089661084
vn 0.8845403 0.2806396 -0.37259865
vn 0.74143404 0.005286184 0.671005
vn 0.6938069 -0.68890685 -0.20985572
vn -0.19569324 -0.29582018 0.9349838
vn 0.060154967 -0.18312947 0.98124665
vn -0.1941297 0.3086347 0.9311597
vn 0.06575802 0.94864297 -0.30943882
vn 0.7015062 0.68115497 -0.2095638
vn 0.0601535 0.19856349 0.9782404
vn 0.03695485 -0.3085261 -0.9504978
vn -0.1959484 0.926927 -0.32001683
vn 0.69115996 -0.22834532 -0.6856795
vn 0.060504254 0.9782227 -0.19854346
vn 0.75185215 0.6593317 0.0002464841
vn 0.8601575 -0.4600134 -0.2202654
vn 0.045840073 -0.07460258 -0.9961592
vn 0.046606354 0.033907663 -0.9983377
vn -0.19456369 0.9328162 0.30331317
vn 0.8059574 0.5850255 0.090432055
vn 0.89112025 -0.3536517 0.28431538
vn 0.96725917 -0.1484072 0.20587613
vn 0.9713861 0.07705071 -0.22466043
vn 0.8597884 0.45701578 -0.22781697
vn 0.044074066 0.29424953 -0.95471185
vn 0.049402032 -0.28866017 0.95615625
vn 0.05800992 -0.29380032 0.95410496
vn 0.08038881 -0.03457702 0.99616367
vn 0.8146094 0.21753103 0.5376725
vn 0.08151211 0.08968456 0.99262905
vn 0.88433975 0.37287334 0.280907
vn 0.7416417 -0.6707737 0.0055100243
vn 0.6939489 0.21007429 -0.68869716
vn -0.19532171 -0.935043 -0.29587832
vn 0.06050735 -0.9812285 -0.18311112
vn -0.19393243 -0.93122035 0.30857557
vn 0.06538303 0.30946317 0.94866097
vn 0.7012383 0.20978545 0.68136257
vn 0.060393192 -0.9782226 0.19857809
vn -0.9996155 -0.02773149 1.8241375E-06
vn -0.9996155 -0.02773149 1.8180059E-06
vn -0.99961543 -0.027731482 1.8302688E-06
vn -0.027731033 0.99961543 -0.00026268524
vn -0.027731162 0.99961543 -0.00026290643
vn -0.027730903 0.9996154 -0.00026246405
vn 0.9996155 0.027731495 -1.8241375E-06
vn 0.9996155 0.027731491 -1.8179989E-06
vn 0.9996155 0.027731499 -1.8302759E-06
vn 0.027731292 -0.99961543 0.00026268594
vn 0.027731162 -0.99961543 0.00026290686
vn 0.02773142 -0.99961543 0.00026246498
vn -3.335498E-06 0.0001518572 1
vn -3.335538E-06 0.00015185722 1
vn -3.335458E-06 0.00015185715 1
vn 2.8619884E-06 -0.00015332203 -1
vn 3.389154E-06 -0.0001537913 -1
vn 2.3348227E-06 -0.00015285276 -1
vn 1.7175131E-07 7.090132E-08 -1
vn 1.717513E-07 7.090133E-08 -1
vn -5.725045E-08 1 1.3594953E-08
vn -1.7175131E-07 -7.090132E-08 1
vn 5.7250446E-08 -1 -1.3594963E-08
vn 5.7250446E-08 -1 -1.3594956E-08
vn -1 -2.8653165E-08 -1.432659E-07
vn -1 1.2189288E-14 -1.7191907E-07
vn -1 -5.7306345E-08 -1.1461271E-07
vn 1 5.730634E-08 1.7191905E-07
vt 0.49963954 0.7028497
vt 0.5619223 0.7028499
vt 0.5619222 0.7397
vt 0.49963945 0.7396997
vt 0.5619221 0.7782678
vt 0.49963933 0.77826756
vt 0.56192195 0.81688976
vt 0.4996392 0.8168895
vt 0.5619218 0.85505855
vt 0.499639 0.8550583
vt 0.08887851 -0.008191585
vt 0.30731466 -0.008191585
vt 0.30731466 -0.23090768
vt 0.08887851 -0.23090768
vt 0.38551936 0.568233
vt 0.38551936 0.65432537
vt 0.29885393 0.65432537
vt 0.29885393 0.568233
vt 0.6782777 0.0702207
vt 0.6571299 0.020452328
vt 0.7515286 0.0014715604
vt 0.61936617 0.116756976
vt 0.5771023 0.07450487
vt 0.57885003 0.17837441
vt 0.52362984 0.15540008
vt 0.5652666 0.25109065
vt 0.50485265 0.2508226
vt 0.7515286 0.05534047
vt 0.8459274 0.020452388
vt 0.8247794 0.07022076
vt 0.9259547 0.07450484
vt 0.883691 0.116756976
vt 0.97942734 0.15540008
vt 0.92420715 0.17837441
vt 0.84693927 0.15484628
vt 0.8031646 0.1252797
vt 0.82132936 0.080950305
vt 0.7515286 0.11489725
vt 0.7515286 0.06691549
vt 0.6817278 0.080950305
vt 0.9982044 0.2508226
vt 0.93843454 0.25105712
vt 0.8761885 0.19909577
vt 0.97942734 0.34624514
vt 0.92420715 0.32373983
vt 0.8864596 0.25129163
vt 0.92595476 0.4271404
vt 0.883691 0.38535732
vt 0.8761885 0.30348748
vt 0.8459274 0.48119292
vt 0.82305443 0.42652878
vt 0.84693927 0.34773695
vt 0.7515286 0.5001737
vt 0.7515286 0.44630492
vt 0.6571299 0.48119292
vt 0.6800027 0.42652878
vt 0.5771024 0.4271404
vt 0.61936617 0.38535732
vt 0.6998927 0.37730354
vt 0.7515286 0.38768595
vt 0.7515286 0.43566775
vt 0.8031646 0.37730354
vt 0.52362984 0.34624514
vt 0.57885003 0.32373983
vt 0.6561179 0.34773695
vt 0.6268685 0.30348748
vt 0.6165976 0.25129163
vt 0.6268685 0.19909577
vt 0.6561179 0.15484624
vt 0.6998927 0.1252797
vt 0.61617863 0.112595916
vt 0.5746853 0.17601484
vt 0.56011474 0.2508226
vt 0.7515286 0.0014715906
vt 0.8868786 0.112595916
vt 0.9283719 0.17601484
vt 0.9429425 0.2508226
vt 0.9283719 0.32563037
vt 0.8868786 0.38904938
vt 0.8247794 0.43142462
vt 0.6782777 0.4314245
vt 0.61617863 0.38904938
vt 0.5746853 0.32563037
vt 0.8639617 0.17164019
vt 0.88956445 0.25129163
vt 0.86911505 0.25129163
vt 0.84741795 0.31879294
vt 0.7555073 0.2512917
vt 0.84741795 0.18379037
vt 0.7969331 0.1224128
vt 0.79061395 0.14207228
vt 0.72040033 0.14207228
vt 0.71408117 0.1224128
vt 0.8639617 0.33094317
vt 0.79061395 0.36051095
vt 0.7969331 0.38017043
vt 0.72040033 0.36051095
vt 0.66359645 0.31879294
vt 0.6418994 0.25129163
vt 0.66359645 0.18379037
vt 0.7140811 0.3801704
vt 0.6470525 0.33094317
vt 0.6214499 0.25129163
vt 0.6470525 0.17164019
vt 0.9848508 0.056231868
vt 0.97583973 0.052426204
vt 0.9779502 0.041608162
vt 0.9767264 0.06862928
vt 0.96982956 0.061597347
vt 0.96456736 0.07691294
vt 0.9608347 0.06772527
vt 0.9502246 0.07982179
vt 0.9502246 0.06987711
vt 0.9877038 0.041608162
vt 0.97583973 0.030790083
vt 0.9848508 0.026984416
vt 0.96982956 0.021618973
vt 0.9767264 0.014587009
vt 0.9608347 0.015491015
vt 0.96456736 0.0063033467
vt 0.9502245 0.013339172
vt 0.9502245 0.0033945027
vt 0.93588185 0.0063033467
vt 0.9396145 0.015491015
vt 0.9237227 0.014587009
vt 0.9306196 0.021618973
vt 0.91559815 0.026984416
vt 0.92460936 0.030790083
vt 0.91274524 0.041608162
vt 0.9224989 0.041608162
vt 0.91559815 0.056231868
vt 0.92460936 0.052426204
vt 0.9306196 0.061597347
vt 0.9237227 0.06862928
vt 0.9396145 0.06772527
vt 0.93588185 0.07691294
vt 0.9036225 0.7004435
vt 0.9036223 0.72729254
vt 0.9131748 0.72614527
vt 0.912707 0.72729254
vt 0.9513124 0.7334886
vt 0.9218321 0.70044357
vt 0.90362257 0.68001986
vt 0.9269795 0.68001986
vt 0.90362304 0.54095566
vt 0.9975714 0.7272929
vt 0.98991865 0.7272929
vt 0.98079383 0.7004438
vt 0.9756464 0.6800201
vt 0.92697996 0.5409558
vt 0.92136467 0.5196142
vt 0.90362304 0.5196141
vt 0.98945075 0.7261455
vt 0.9975716 0.7004439
vt 0.9975715 0.6800202
vt 0.97564685 0.54095596
vt 0.9975721 0.540956
vt 0.9812624 0.51961434
vt 0.95131314 0.4874873
vt 0.9131757 0.49483043
vt 0.90362316 0.493683
vt 0.91270775 0.49368304
vt 0.99757224 0.4936833
vt 0.9975721 0.51961446
vt 0.9894516 0.4948307
vt 0.9899196 0.4936833
vt 0.42594337 0.29492804
vt 0.42762446 0.2948332
vt 0.42770028 0.2947785
vt 0.36579967 0.30737263
vt 0.39465782 0.26769072
vt 0.37340307 0.27094254
vt 0.4984095 0.5967328
vt 0.5006146 0.57524353
vt 0.48145166 0.5967327
vt 0.4921357 0.56244123
vt 0.6063515 0.5416384
vt 0.6300425 0.54163855
vt 0.54026586 0.59673315
vt 0.55871975 0.67697555
vt 0.6300423 0.65983033
vt 0.5739322 0.52677864
vt 0.61208725 0.50940436
vt 0.6300426 0.5094046
vt 0.59812194 0.54621065
vt 0.6038579 0.4998028
vt 0.5799174 0.49888802
vt 0.68351376 0.9646841
vt 0.7425246 0.79582745
vt 0.7425243 0.9646845
vt 0.68351406 0.79582715
vt 0.68373406 0.55846095
vt 0.74400884 0.64057153
vt 0.744009 0.57314456
vt 0.8211613 0.041689396
vt 0.8128072 0.0004956126
vt 0.87730724 0.0004956126
vt 0.88066137 0.041689396
vt 0.9292234 0.043801904
vt 0.9327234 0.0004956126
vt 0.45450014 0.31108746
vt 0.42105278 0.32597694
vt 0.42105278 0.32942957
vt 0.4474654 0.31164852
vt 0.44746542 0.31164852
vt 0.45450017 0.3056064
vt 0.44746542 0.30970642
vt 0.4474654 0.30970642
vt 0.41954225 0.30970642
vt 0.41954225 0.30560642
vt 0.45450014 0.3056064
vt 0.13170998 0.09018275
vt 0.12527257 0.46708277
vt 0.002035002 0.46708277
vt 0.002035002 0.09018275
vt 0.13528875 0.14575657
vt 0.17405778 0.1658726
vt 0.17369203 0.1658726
vt 0.20624343 0.15270577
vt 0.13528875 0.09199199
vt 0.18905336 0.09126052
vt 0.25342458 0.09272346
vt 0.23879477 0.12564054
vt 0.13565448 0.09126052
vt 0.13726337 0.3687571
vt 0.12727608 0.31051263
vt 0.17201182 0.309562
vt 0.1675857 0.36855718
vt 0.39305872 0.32302102
vt 0.39170608 0.31083
vt 0.3748699 0.31304052
vt 0.37784407 0.3262631
vt 0.39305872 0.33459723
vt 0.37663895 0.33269218
vt 0.37596175 0.33349764
vt 0.3782689 0.32672626
vt 0.39125523 0.31009316
vt 0.37636667 0.33529896
vt 0.37686557 0.3351414
vt 0.38263297 0.33115458
vt 0.39297932 0.30861947
vt 0.39035344 0.30861947
vt 0.38528103 0.3084098
vt 0.3882319 0.29936668
vt 0.385281 0.29936668
vt 0.38823193 0.3084098
vt 0.385281 0.37942687
vt 0.3882319 0.37942687
vt 0.39479277 0.33248726
vt 0.39680183 0.3622994
vt 0.38953894 0.36255753
vt 0.38239047 0.33700427
vt 0.36466092 0.3361439
vt 0.36466137 0.3270275
vt 0.36466092 0.33614388
vt 0.20224434 0.08012971
vt 0.23621765 0.0426158
vt 0.23621765 -0.013605922
vt 0.20224434 -0.013605922
vt 0.06672433 -0.013605922
vt 0.06672433 0.095272094
vt 0.29193386 -0.0026172101
vt 0.002035002 0.09550944
vt 0.002035002 -0.0026172101
vt 0.38156146 0.46237022
vt 0.37340084 0.49395156
vt 0.37091467 0.4962184
vt 0.39879858 0.48930892
vt 0.4017408 0.46091557
vt 0.44150937 0.46997666
vt 0.43035823 0.486649
vt 0.42916203 0.45637965
vt 0.4303582 0.486649
vt 0.37340087 0.49395156
vt 0.38156146 0.46237013
vt 0.429162 0.4356152
vt 0.36426696 0.43379775
vt 0.36426696 0.45637962
vt 0.3748699 0.32065567
vt 0.3748699 0.3097784
vt 0.39301905 0.30919892
vt 0.39305872 0.32065567
vt 0.39305872 0.33577153
vt 0.39303228 0.30939206
vt 0.38081816 0.32950512
vt 0.37786338 0.33482632
vt 0.3770536 0.33239806
vt 0.3808182 0.32950515
vt 0.385281 0.3084098
vt 0.3882319 0.3084098
vt 0.36353022 0.5161271
vt 0.36353022 0.5013035
vt 0.37177023 0.5001113
vt 0.4120379 0.5038072
vt 0.41183683 0.5161271
vt 0.41783074 0.5007074
vt 0.44265112 0.51612705
vt 0.44265112 0.49637553
vt 0.22151498 0.07531181
vt 0.28084362 -0.0015883148
vt 0.22151497 -0.0026073158
vt 0.28084362 0.07520339
vt 0.2808274 -0.0019280016
vt 0.22151498 0.049710006
vt 0.28079504 0.049710006
vt 0.22151497 0.049710006
vt 0.26480076 0.08844331
vt 0.43693304 0.27677757
vt 0.4344353 0.27150893
vt 0.42721537 0.26990882
vt 0.4272154 0.27677757
vt 0.43724525 0.2939494
vt 0.42721537 0.2939494
vt 0.37340087 0.49353188
vt 0.38766807 0.49416262
vt 0.37129137 0.4961918
vt 0.38766807 0.4913107
vt 0.39957577 0.48919922
vt 0.39871526 0.48793787
vt 0.39879858 0.48793787
vt 0.399659 0.48919922
vt 0.37340084 0.4928189
vt 0.38766804 0.4905977
vt 0.4387234 0.27104697
vt 0.4393235 0.26900366
vt 0.4365229 0.2690037
vt 0.43620855 0.27104697
vt 0.43618 0.2690037
vt 0.43562266 0.27104697
vt 0.4361085 0.26900366
vt 0.468885 0.32884073
vt 0.4685144 0.33052
vt 0.46764356 0.3248804
vt 0.46819228 0.32464474
vt 0.46070868 0.32535484
vt 0.46070874 0.32884073
vt 0.46341145 0.32245556
vt 0.46764356 0.32315326
vt 0.47300783 0.32550544
vt 0.47424695 0.32111618
vt 0.4607087 0.32096568
vt 0.47424695 0.32090777
vt 0.4607087 0.31421396
vt 0.47606522 0.31421393
vt 0.46205783 0.30454236
vt 0.46528307 0.3107875
vt 0.4760652 0.31421393
vt 0.46648464 0.3092092
vt 0.46992984 0.30464438
vt 0.46992984 0.31230208
vt 0.4658186 0.32389212
vt 0.4622285 0.32370156
vt 0.46366456 0.32861263
vt 0.46205473 0.32874966
vt 0.46992987 0.31230208
vt 0.4622285 0.32370153
vt 0.4416668 0.51257956
vt 0.43974352 0.5136878
vt 0.43937626 0.51610565
vt 0.4411323 0.51610565
vt 0.44810706 0.5088018
vt 0.44790554 0.51610565
vt 0.45382947 0.50623536
vt 0.45359182 0.51610565
vt 0.4671902 0.5056786
vt 0.46803495 0.51610565
vt 0.42516765 0.29160768
vt 0.43803513 0.29160768
vt 0.4388285 0.29079497
vt 0.43462962 0.29296213
vt 0.42516765 0.29296213
vt 0.390496 0.32532358
vt 0.38524857 0.34864536
vt 0.38898006 0.3256734
vt 0.38688108 0.3488786
vt 0.37498698 0.36310488
vt 0.37498698 0.36065608
vt 0.49265623 0.0013560951
vt 0.43392128 0.24731699
vt 0.49265626 0.0154486
vt 0.41503507 0.25579754
vt 0.41503507 0.006968171
vt 0.43392128 0.015448601
vt 0.43862253 0.18284813
vt 0.49265626 0.24731699
vt 0.49265623 0.18284814
vt 0.49265626 0.021356076
vt 0.43392128 0.0154486
vt 0.49265623 0.05691752
vt 0.4386225 0.05691752
vt 0.49265623 0.0154486
vt 0.43862253 0.05691752
vt 0.49265626 0.05691752
vt 0.4386225 0.18284813
vt 0.47763032 0.3154679
vt 0.46028262 0.31716436
vt 0.4600752 0.31847027
vt 0.47770143 0.31451008
vt 0.4766245 0.30224848
vt 0.46028262 0.3022633
vt 0.47446638 0.31541854
vt 0.47425896 0.31424594
vt 0.46223208 0.30223367
vt 0.4614321 0.31871986
vt 0.46125433 0.31998134
vt 0.4752071 0.3171347
vt 0.46028996 0.32595652
vt 0.47526634 0.31849992
vt 0.4604444 0.32461601
vt 0.47785252 0.32007024
vt 0.47764513 0.31880873
vt 0.47764513 0.3022633
vt 0.46163163 0.30224356
vt 0.4752071 0.30223367
vt 0.37057537 0.37144324
vt 0.3644487 0.37144324
vt 0.3644487 0.3187069
vt 0.37057534 0.3187069
vt 0.3706225 0.37144324
vt 0.3706225 0.3187069
vt 0.3706225 0.31870693
vt 0.38886112 0.28755522
vt 0.3888611 0.28755522
vt 0.38881394 0.28755522
vt 0.38942662 0.2696021
vt 0.38792673 0.2716065
vt 0.3675827 0.2825361
vt 0.37811586 0.26776147
vt 0.3898743 0.2732637
vt 0.38792676 0.27333194
vt 0.3898743 0.30439055
vt 0.38792676 0.30585977
vt 0.3898743 0.38379678
vt 0.38782424 0.38379678
vt 0.3898743 0.26909512
vt 0.38782424 0.26909512
vt 0.39043385 0.26706818
vt 0.38833284 0.34999824
vt 0.38795966 0.26706818
vt 0.3908071 0.34999824
vt 0.38833284 0.38408694
vt 0.3908071 0.38408694
vt 0.4407191 0.28664166
vt 0.4361626 0.28239727
vt 0.4361626 0.27715412
vt 0.44007 0.27523163
vt 0.4326672 0.28664166
vt 0.43255794 0.274751
vt 0.43253613 0.27839002
vt 0.43594417 0.29475603
vt 0.4233461 0.27852732
vt 0.42349175 0.2944439
vt 0.42929664 0.29207203
vt 0.42327327 0.29525536
vt 0.36666372 0.37144324
vt 0.36666372 0.3187069
vt 0.37128228 0.2847511
vt 0.38546786 0.26794994
vt 0.37740892 0.26809132
vt 0.39564753 0.26832694
vt 0.37764457 0.38042113
vt 0.3642288 0.38122234
vt 0.36430728 0.3276848
vt 0.37764457 0.3276848
vt 0.3930084 0.2861178
vt 0.3736387 0.2707069
vt 0.38960007 0.27027777
vt 0.41944718 0.37523705
vt 0.39894646 0.37523705
vt 0.39894646 0.32250077
vt 0.41944718 0.32250077
vt 0.39894646 0.29134905
vt 0.41944718 0.29134905
vt 0.41944718 0.26714873
vt 0.3989936 0.27174374
vt 0.41944718 0.27098972
vt 0.3989936 0.28823858
vt 0.41944718 0.28885123
vt 0.3989936 0.32250077
vt 0.4335856 0.32250074
vt 0.3989936 0.37523705
vt 0.43358555 0.37523705
vt 0.39123565 0.27020103
vt 0.46101972 0.3009627
vt 0.45420215 0.3009627
vt 0.45420215 0.2705703
vt 0.46101972 0.2705703
vt 0.4683638 0.2705703
vt 0.4683638 0.3009627
vt 0.4719174 0.3009627
vt 0.4719174 0.27057034
vt 0.4612907 0.3009627
vt 0.4612907 0.2705703
vt 0.4816443 0.38412225
vt 0.45551184 0.38412225
vt 0.45551187 0.3500336
vt 0.48164433 0.3501343
vt 0.4421784 0.26710352
vt 0.4816443 0.26710352
vt 0.39342153 0.37865436
vt 0.39130074 0.3529247
vt 0.39342153 0.3529247
vt 0.39130074 0.37865436
vt 0.39123195 0.34966877
vt 0.39347056 0.3106057
vt 0.39347056 0.34966877
vt 0.39123195 0.3106057
vt 0.19260502 0.37524274
vt 0.320525 0.3927928
vt 0.34470496 0.46533278
vt 0.19260502 0.46533278
vt 0.42427197 0.26991364
vt 0.42427197 0.2936325
vt 0.43382195 0.2936325
vt 0.42870364 0.26991364
vt 0.43894023 0.28870147
vt 0.43238634 0.28377044
vt 0.43238634 0.27933878
vt 0.43894023 0.27933878
vt 0.42832917 0.26991364
vt 0.43894023 0.26991364
vt 0.42832917 0.2936325
vt 0.42993122 0.2936325
vt 0.43164983 0.2736837
vt 0.43894023 0.2746262
vt 0.43894023 0.28377044
vt 0.3873365 0.26752576
vt 0.38402694 0.38304386
vt 0.3873365 0.38304386
vt 0.38411763 0.34240055
vt 0.38411763 0.27331603
vt 0.38742718 0.27331603
vt 0.38411763 0.2674916
vt 0.38411763 0.27115583
vt 0.052211054 0.5548208
vt 0.052211054 0.70993197
vt 0.0022848053 0.7122583
vt 0.0022848053 0.55249447
vt 0.59377146 0.8479947
vt 0.5640727 0.8500606
vt 0.5710158 0.7364413
vt 0.6236068 0.9074074
vt 0.60949206 0.9116844
vt 0.6297939 0.9326939
vt 0.6054317 0.94023436
vt 0.6510625 0.95871776
vt 0.6267002 0.96608686
vt 0.5980848 0.7387456
vt 0.62882745 0.7531029
vt 0.62287545 0.8460586
vt 0.6377213 0.90756017
vt 0.6429417 0.9332151
vt 0.6647903 0.9590677
vt 0.654736 0.98157287
vt 0.16626248 0.30724278
vt 0.13472258 0.23503277
vt 0.16626248 0.23503277
vt 0.13472258 0.30724278
vt 0.16626249 0.30724278
vt 0.13472258 0.3072428
vt 0.0021652747 0.48708102
vt 0.0021652747 0.50994015
vt 0.18912295 0.50994015
vt 0.18546775 0.50994015
vt 0.18912295 0.48708102
vt 0.18546775 0.48708102
vt 0.15963957 0.3005884
vt 0.14018038 0.17952266
vt 0.15868503 0.1795226
vt 0.14113492 0.3005884
vt 0.13851891 0.3005884
vt 0.13756439 0.1795226
vt 0.15702355 0.3005884
vt 0.156069 0.17952266
vt 0.4545812 0.30909985
vt 0.43356234 0.30909985
vt 0.43356234 0.3054224
vt 0.45458117 0.30909985
vt 0.4335623 0.30909985
vt 0.4335623 0.3054224
vt 0.45458117 0.3054224
vt 0.4545812 0.3054224
vt 0.45753598 0.34235463
vt 0.45753604 0.32676822
vt 0.46020874 0.34235463
vt 0.46020874 0.32676825
vt 0.4629116 0.34235463
vt 0.4629116 0.32676825
vt 0.17199475 0.5476778
vt 0.17212301 0.5477099
vt 0.19372675 0.54892856
vt 0.19380063 0.5715361
vt 0.19379473 0.5489766
vt 0.19380061 0.5715361
vt 0.11068159 0.5715362
vt 0.19375788 0.59241205
vt 0.1042681 0.59241205
vt 0.10606386 0.5715362
vt 0.1938006 0.59241205
vt 0.10580733 0.59241205
vt 0.4841802 0.46541592
vt 0.4339608 0.45889345
vt 0.4340182 0.46541584
vt 0.4841802 0.45889345
vt 0.4841802 0.4566291
vt 0.4339608 0.45662913
vt 0.43401816 0.4654159
vt 0.4841802 0.4898123
vt 0.4841802 0.4654159
vt 0.43396193 0.48981225
vt 0.43396196 0.4899357
vt 0.4841802 0.4899357
vt 0.44552785 0.7961346
vt 0.43002078 0.99728286
vt 0.44552776 0.99728286
vt 0.43002087 0.7961346
vt 0.4145138 0.99728286
vt 0.4145138 0.7961347
vt 0.4145138 0.7961346
vt 0.43002078 0.7961346
vt 0.43002087 0.7581329
vt 0.44553038 0.7573828
vt 0.41451386 0.7586685
vt 0.4145138 0.7581329
vt 0.4145138 0.55988276
vt 0.43002087 0.55988276
vt 0.44553038 0.55988276
vt 0.37823367 0.26711738
vt 0.3650378 0.26892394
vt 0.3650378 0.26889247
vt 0.37823367 0.3077732
vt 0.36499065 0.32888657
vt 0.37823367 0.32888657
vt 0.37823367 0.3816229
vt 0.37823367 0.2671016
vt 0.4505155 0.31050554
vt 0.42063698 0.32968795
vt 0.4505155 0.31014243
vt 0.4544993 0.3123418
vt 0.42063698 0.33217785
vt 0.4544993 0.30516264
vt 0.41607222 0.30516264
vt 0.4160722 0.30972743
vt 0.2843139 0.07982078
vt 0.3419144 0.07982078
vt 0.28593972 0.07982078
vt 0.3419144 0.26957718
vt 0.2843139 0.28955153
vt 0.28593972 0.28955153
vt 0.2826444 0.001598388
vt 0.28242567 -0.00083598495
vt 0.28264442 0.007460922
vt 0.20601311 -0.00083598495
vt 0.20618811 0.007657796
vt 0.2824986 0.008465439
vt 0.28279024 0.0788109
vt 0.28264442 0.08716717
vt 0.20598814 0.08761231
vt 0.20583811 0.002121538
vt 0.20583811 0.008119434
vt 0.20598814 0.07854888
vt 0.28238192 0.07929531
vt 0.28255692 0.09010157
vt 0.20614438 0.09010157
vt 0.20592563 0.07949218
vt 0.6700571 0.7246991
vt 0.64633095 0.7176189
vt 0.6426577 0.70477194
vt 0.5450134 0.70584387
vt 0.6400399 0.69906014
vt 0.6748494 0.69132644
vt 0.67403626 0.6924292
vt 0.6884646 0.62907034
vt 0.68801296 0.62940466
vt 0.5450133 0.7148941
vt 0.44369572 0.7176189
vt 0.44751593 0.7041501
vt 0.5450134 0.702588
vt 0.65570825 0.6240866
vt 0.42264137 0.7189413
vt 0.6587206 0.62505764
vt 0.5450134 0.623204
vt 0.5450133 0.62401825
vt 0.43130606 0.62505764
vt 0.43431848 0.6240866
vt 0.40201378 0.62940466
vt 0.40156212 0.62907034
vt 0.41424674 0.6885203
vt 0.44999605 0.6989686
vt 0.41517726 0.69132644
vt 0.8434059 0.6969937
vt 0.89005023 0.798541
vt 0.84340584 0.798541
vt 0.8900503 0.6969937
vt 0.84340584 0.59544617
vt 0.89005023 0.59544617
vt 0.3996566 0.8625537
vt 0.39890847 0.87048876
vt 0.40019095 0.86799484
vt 0.39826724 0.8648964
vt 0.39270973 0.8741161
vt 0.37849528 0.8512179
vt 0.37806785 0.88060653
vt 0.3932441 0.8509156
vt 0.3920685 0.85227597
vt 0.38277036 0.8436607
vt 0.34963906 0.844643
vt 0.34953222 0.88047045
vt 0.34963903 0.9165699
vt 0.37849528 0.9099951
vt 0.39270973 0.88709676
vt 0.39826724 0.89631647
vt 0.39890847 0.8907243
vt 0.3996566 0.89865935
vt 0.40019095 0.893218
vt 0.3920685 0.9089371
vt 0.3932441 0.91029733
vt 0.38277036 0.91755235
vt 0.35498285 0.9325155
vt 0.28241467 0.9279812
vt 0.2831629 0.96387786
vt 0.20086907 0.93470705
vt 0.22010657 0.9756672
vt 0.11601032 0.94105524
vt 0.11601033 0.9886655
vt 0.28241467 0.8806281
vt 0.20086907 0.88060653
vt 0.11601033 0.88060653
vt 0.036495313 0.94415367
vt 0.036495313 0.9971296
vt 0.000371553 1.0014373
vt 0.000371553 0.9739291
vt 0.28241467 0.8332318
vt 0.20086907 0.82650584
vt 0.11601032 0.8201577
vt 0.036495313 0.8170594
vt 0.03649533 0.8806065
vt 0.35498285 0.8286974
vt 0.2831629 0.797335
vt 0.22010657 0.78554577
vt 0.11601033 0.77254736
vt 0.036495313 0.7640833
vt 0.000371553 0.7597757
vt 0.000371553 0.78728384
vt 0.9569738 0.5429653
vt 0.9859683 0.5243247
vt 0.9824951 0.5198999
vt 0.9979783 0.5205546
vt 0.9821133 0.48912758
vt 0.9723309 0.50647867
vt 0.9300369 0.57804495
vt 0.9727701 0.5050002
vt 0.9149958 0.57651824
vt 0.9063355 0.5604706
vt 0.88377917 0.5755691
vt 0.8845915 0.5765273
vt 0.9152576 0.57727104
vt 0.9194106 0.55521494
vt 0.89419127 0.51782304
vt 0.8871452 0.52738196
vt 0.8812728 0.5661617
vt 0.8188629 0.57592386
vt 0.88385427 0.5765969
vt 0.81929207 0.5768468
vt 0.93475324 0.5836243
vt 0.9246875 0.5564639
vt 0.900388 0.5118322
vt 0.90782636 0.51199704
vt 0.9333048 0.5564262
vt 0.93664324 0.5139372
vt 0.9274107 0.49818546
vt 0.8651578 0.53754
vt 0.8740748 0.5534487
vt 0.88629425 0.5245612
vt 0.86444956 0.5346076
vt 0.8181542 0.5680675
vt 0.8195912 0.57379526
vt 0.82019305 0.57489103
vt 0.8218609 0.5712709
vt 0.8196727 0.5650117
vt 0.8730143 0.55033976
vt 0.8899008 0.5182387
vt 0.94663954 0.53029376
vt 0.980396 0.4796794
vt 0.9761612 0.4745893
vt 0.41842526 0.9932186
vt 0.44500673 0.9932186
vt 0.44500673 0.9893475
vt 0.41842526 0.9893475
vt 0.4483608 0.96371824
vt 0.44513577 0.9926804
vt 0.41842526 0.9926804
vt 0.41842526 0.9663364
vt 0.5989143 0.25858474
vt 0.5910976 0.25858474
vt 0.5910976 0.2974872
vt 0.5989143 0.2974872
vt 0.6170908 0.2649972
vt 0.61709076 0.25463033
vt 0.6188554 0.2520653
vt 0.6188554 0.2649972
vt 0.6202242 0.26515752
vt 0.61954516 0.24020225
vt 0.6170908 0.2974872
vt 0.61900383 0.26660043
vt 0.61940026 0.2656384
vt 0.6577514 0.3299771
vt 0.66096205 0.3299771
vt 0.61940026 0.3299771
vt 0.62090325 0.33029777
vt 0.66105485 0.29780775
vt 0.6610548 0.26660037
vt 0.660962 0.26563847
vt 0.66105485 0.3290152
vt 0.61900383 0.3290153
vt 0.6188555 0.33061844
vt 0.6188555 0.34355032
vt 0.61954516 0.35541338
vt 0.6170908 0.29812843
vt 0.61709076 0.33061844
vt 0.6170908 0.3409853
vt 0.5989144 0.33703095
vt 0.5989144 0.29812843
vt 0.5910976 0.33703095
vt 0.5910976 0.29812843
vt 0.97017646 0.46422344
vt 0.9678857 0.45801097
vt 0.90717417 0.46193773
vt 0.9164343 0.47877488
vt 0.47846806 0.9604549
vt 0.47459698 0.9604549
vt 0.47846806 0.90110344
vt 0.48233914 0.90110344
vt 0.47846806 0.8417521
vt 0.47459698 0.8417521
vt 0.44500673 0.8128595
vt 0.44500673 0.8089883
vt 0.41842526 0.8089883
vt 0.41842526 0.8128595
vt 0.47472596 0.9604549
vt 0.47849023 0.9604549
vt 0.47472596 0.8417521
vt 0.47849023 0.8417521
vt 0.47846806 0.96110004
vt 0.45158583 0.90110344
vt 0.48259723 0.90110344
vt 0.47846806 0.84110695
vt 0.4483608 0.83848876
vt 0.45158586 0.96110004
vt 0.45158586 0.841107
vt 0.41842526 0.8095266
vt 0.44513577 0.8095266
vt 0.41842526 0.83587056
vt 0.44784555 0.96110004
vt 0.44513577 0.9635518
vt 0.44539386 0.96090657
vt 0.4181156 0.96079046
vt 0.41842526 0.9635519
vt 0.41584456 0.96110004
vt 0.44784552 0.90110344
vt 0.44565195 0.90110344
vt 0.44539386 0.8413004
vt 0.44784555 0.84110683
vt 0.44513577 0.8386552
vt 0.4181156 0.84141654
vt 0.41842526 0.8386551
vt 0.41584456 0.84110683
vt 0.41584456 0.90110344
vt 0.41790915 0.90110344
vt 0.8513207 0.46622974
vt 0.8507996 0.46562666
vt 0.8361108 0.49255615
vt 0.83646715 0.49377185
vt 0.8608881 0.48175377
vt 0.8575191 0.45244047
vt 0.95877177 0.45217347
vt 0.9572301 0.45221514
vt 0.97652185 0.4472569
vt 0.9468968 0.43892348
vt 0.8434641 0.5005792
vt 0.87994874 0.51491714
vt 0.89175 0.5135947
vt 0.87197727 0.4730582
vt 0.8550454 0.44556624
vt 0.87353414 0.46786374
vt 0.8037879 0.5498057
vt 0.8059903 0.55021626
vt 0.8507132 0.5133218
vt 0.86017203 0.5289194
vt 0.881966 0.5170645
vt 0.88924474 0.5171024
vt 0.80318433 0.5489474
vt 0.8053286 0.5491449
vt 0.8092977 0.54951066
vt 0.8136241 0.5545352
vt 0.8102014 0.5543179
vt 0.8356818 0.49315983
vt 0.86234325 0.5309593
vt 0.8530012 0.5156761
vt 0.92536634 0.49464458
vt 0.9000365 0.5112235
vt 0.90361303 0.5046993
vt 0.8778754 0.4604197
vt 0.8998222 0.44950294
vt 0.9428968 0.42329848
vt 0.94352174 0.43442345
vt 0.91952175 0.45129848
vt 0.67953116 0.5544149
vt 0.6792223 0.55254644
vt 0.67140234 0.5530938
vt 0.67083657 0.5550703
vt 0.6639155 0.5605734
vt 0.6630838 0.5620864
vt 0.69621235 0.49869102
vt 0.650577 0.43976182
vt 0.640435 0.45289505
vt 0.68366843 0.5121438
vt 0.611578 0.5374196
vt 0.6193798 0.53900665
vt 0.6191661 0.49139625
vt 0.6007836 0.49139625
vt 0.7248478 0.53059965
vt 0.7263439 0.538317
vt 0.6394504 0.5382319
vt 0.6232852 0.4905557
vt 0.6140105 0.444732
vt 0.63073754 0.44796222
vt 0.67277116 0.50209945
vt 0.6241037 0.4888243
vt 0.2440765 0.49116063
vt 0.2441951 0.48889667
vt 0.24414006 0.47973698
vt 0.24455105 0.48210448
vt 0.20090449 0.47631067
vt 0.20091519 0.47134185
vt 0.20146069 0.46910018
vt 0.20046958 0.47848257
vt 0.1622085 0.46250248
vt 0.16237843 0.4633438
vt 0.53643876 0.3755617
vt 0.5384344 0.38252148
vt 0.58707154 0.3616051
vt 0.583676 0.34976324
vt 0.6479913 0.33498675
vt 0.6467254 0.3252595
vt 0.77014685 0.34267348
vt 0.8536468 0.36229843
vt 0.59699285 0.5692405
vt 0.59699285 0.61852056
vt 0.6145793 0.6185206
vt 0.6147971 0.5692405
vt 0.6398973 0.61852056
vt 0.65056896 0.5692405
vt 0.17480636 0.48579818
vt 0.17580293 0.47870725
vt 0.22430047 0.48994812
vt 0.2233337 0.49682736
vt 0.2210877 0.5128084
vt 0.16718623 0.50469345
vt 0.32617033 0.5291957
vt 0.32606623 0.5299365
vt 0.325501 0.53395826
vt 0.35373604 0.5411642
vt 0.67140234 0.035212636
vt 0.67922235 0.035759926
vt 0.6795312 0.0338915
vt 0.6708366 0.033236206
vt 0.6639155 0.027732966
vt 0.6630838 0.026220022
vt 0.640435 0.13541138
vt 0.65057707 0.14854461
vt 0.6962124 0.089615405
vt 0.6836685 0.07616264
vt 0.61916614 0.09691018
vt 0.6193799 0.049299777
vt 0.611578 0.05088681
vt 0.6007836 0.09691018
vt 0.63945043 0.050074518
vt 0.726344 0.049989402
vt 0.7248478 0.057706714
vt 0.6232852 0.09775072
vt 0.6727712 0.08620697
vt 0.63073754 0.1403442
vt 0.6140106 0.14357442
vt 0.6241038 0.09948212
vt 0.24414006 0.10856944
vt 0.2441951 0.09940976
vt 0.2440765 0.097145796
vt 0.24455105 0.10620195
vt 0.20091519 0.11696458
vt 0.20090449 0.1119957
vt 0.20146069 0.11920625
vt 0.20046958 0.10982394
vt 0.1622085 0.12580395
vt 0.16237843 0.12496263
vt 0.8274511 0.15865254
vt 0.8307643 0.17369133
vt 0.8302299 0.17467374
vt 0.8279855 0.15736777
vt 0.89488935 0.16794795
vt 0.8698807 0.20399575
vt 0.82242817 0.19674088
vt 0.82221425 0.17444712
vt 0.75295925 0.17641199
vt 0.75295925 0.15691441
vt 0.81537426 0.15767008
vt 0.8878355 0.15532738
vt 0.92032576 0.1630357
vt 0.90194315 0.19145083
vt 0.9025843 0.20233321
vt 0.8703081 0.217372
vt 0.8243518 0.21545756
vt 0.91562295 0.1560831
vt 0.9260968 0.15910596
vt 0.9325093 0.16930819
vt 0.9254556 0.17883027
vt 0.9262037 0.18646306
vt 0.9330437 0.17474943
vt 0.75295925 0.22613835
vt 0.75295925 0.20399575
vt 0.6488631 0.21064615
vt 0.6488631 0.17709213
vt 0.6488631 0.15570521
vt 0.5693481 0.1557916
vt 0.6495043 0.2364918
vt 0.58537924 0.21321559
vt 0.53322434 0.17762114
vt 0.53322434 0.15750821
vt 0.5693481 0.15547854
vt 0.6121457 0.15517026
vt 0.81982076 0.14495057
vt 0.7173276 0.14719498
vt 0.53322434 0.19107294
vt 0.49923807 0.17822564
vt 0.50426126 0.16280901
vt 0.39792055 0.17928368
vt 0.39792058 0.18230665
vt 0.34833056 0.18430167
vt 0.49834034 0.19080085
vt 0.45242685 0.20437366
vt 0.39846867 0.20772162
vt 0.3060081 0.21132624
vt 0.3060081 0.187181
vt 0.3060081 0.17437154
vt 0.3483306 0.1723311
vt 0.4524269 0.21852729
vt 0.39792055 0.2238335
vt 0.3060081 0.22583607
vt 0.19902614 0.21502928
vt 0.19902615 0.19420916
vt 0.19902614 0.17883027
vt 0.4981907 0.20503867
vt 0.45242685 0.21533155
vt 0.38860103 0.22146797
vt 0.37690622 0.22994539
vt 0.3060081 0.23135285
vt 0.19902612 0.23033258
vt 0.49859685 0.18623638
vt 0.49827617 0.20157743
vt 0.39621058 0.21540713
vt 0.39343184 0.2217552
vt 0.38306493 0.23052156
vt 0.37707996 0.24214454
vt 0.37681276 0.2698569
vt 0.3060081 0.26604038
vt 0.19902617 0.25410008
vt 0.3060081 0.28856087
vt 0.19902615 0.27034807
vt 0.38573682 0.22372007
vt 0.37681276 0.2941532
vt 0.37707996 0.2698946
vt 0.37707996 0.2941532
vt 0.37707996 0.3184119
vt 0.37681276 0.3184497
vt 0.3060081 0.32226592
vt 0.3060081 0.2997455
vt 0.37707996 0.34616184
vt 0.37706658 0.35845554
vt 0.3060081 0.3569536
vt 0.19902614 0.35793597
vt 0.19902617 0.33420643
vt 0.19902615 0.31795835
vt 0.38306493 0.35778487
vt 0.39343184 0.36655125
vt 0.39621058 0.37289923
vt 0.38885757 0.36701986
vt 0.3060081 0.36247036
vt 0.38306493 0.3342064
vt 0.37707996 0.3289919
vt 0.38573682 0.3645863
vt 0.38306493 0.25410008
vt 0.37707996 0.25931454
vt 0.8247793 0.23135287
vt 0.6495043 0.24820542
vt 0.6495043 0.23014367
vt 0.5794064 0.6185206
vt 0.5791886 0.5692405
vt 0.55408835 0.61852056
vt 0.54341674 0.5692405
vt 0.15757775 0.23170096
vt 0.19902615 0.23253226
vt 0.15757775 0.22969031
vt 0.15757775 0.21651554
vt 0.15757775 0.19639534
vt 0.15757775 0.18026614
vt 0.19902614 0.1704418
vt 0.12627782 0.21300626
vt 0.13691185 0.19734901
vt 0.14241588 0.17688252
vt 0.15757775 0.17513807
vt 0.19902614 0.16602619
vt 0.3060081 0.16152424
vt 0.12520905 0.24314499
vt 0.12959091 0.21300626
vt 0.13979746 0.19804376
vt 0.14540842 0.1768825
vt 0.14615655 0.17196625
vt 0.14596727 0.17337692
vt 0.15723805 0.24352002
vt 0.12852217 0.24314499
vt 0.16500925 0.17230827
vt 0.15797852 0.17218453
vt 0.16311616 0.14739235
vt 0.19902614 0.14036411
vt 0.3060081 0.15139765
vt 0.34833056 0.14474726
vt 0.3487581 0.15696627
vt 0.15646859 0.17248219
vt 0.1617268 0.14792126
vt 0.1617268 0.13650995
vt 0.16311616 0.13560307
vt 0.20212555 0.12948173
vt 0.24626492 0.121017635
vt 0.3060081 0.12404055
vt 0.39792055 0.17308682
vt 0.34341425 0.17346466
vt 0.20212555 0.12237793
vt 0.6834234 0.15082031
vt 0.68537104 0.15569443
vt 0.61378783 0.15140396
vt 0.5961737 0.09524763
vt 0.59820426 0.09691018
vt 0.598418 0.049299777
vt 0.5959599 0.04484105
vt 0.50426126 0.03902197
vt 0.50426126 0.09804374
vt 0.39792055 0.046276927
vt 0.50426126 0.1623556
vt 0.39792058 0.10915285
vt 0.3060081 0.087010205
vt 0.2462649 0.112024605
vt 0.22430047 0.09835833
vt 0.17580293 0.10959917
vt 0.17480636 0.10250825
vt 0.2233337 0.091479
vt 0.32617033 0.0591107
vt 0.32606623 0.058369875
vt 0.35373604 0.047142208
vt 0.325501 0.05434817
vt 0.2210877 0.075497985
vt 0.16718623 0.08361298
vt 0.8247792 0.35695356
vt 0.64950424 0.35816276
vt 0.64950424 0.340101
vt 0.8243518 0.3728388
vt 0.8703081 0.37093443
vt 0.8698806 0.3843107
vt 0.8224281 0.39156562
vt 0.75295925 0.362168
vt 0.75295925 0.3843107
vt 0.6495043 0.3518147
vt 0.6488631 0.37766033
vt 0.58537924 0.37509078
vt 0.9025843 0.3859733
vt 0.9019431 0.39685565
vt 0.8948893 0.42035848
vt 0.8307643 0.41461512
vt 0.82221425 0.41385934
vt 0.75295925 0.41189438
vt 0.92620367 0.4018434
vt 0.9254555 0.4094762
vt 0.92032576 0.42527083
vt 0.8878355 0.43297905
vt 0.8279855 0.43093866
vt 0.8274511 0.42965388
vt 0.8302299 0.4136327
vt 0.93304366 0.413557
vt 0.9325093 0.41899818
vt 0.92609674 0.42920047
vt 0.91562295 0.43222332
vt 0.15757775 0.3586162
vt 0.15757775 0.35660547
vt 0.19902615 0.35577416
vt 0.15757775 0.3717981
vt 0.19902614 0.37327716
vt 0.19902615 0.39404437
vt 0.15757775 0.3919687
vt 0.12627782 0.37530023
vt 0.12520905 0.34516144
vt 0.15757775 0.34478647
vt 0.3060081 0.37698013
vt 0.3060081 0.4011255
vt 0.19902614 0.4094761
vt 0.15757775 0.40804034
vt 0.13691185 0.39095742
vt 0.39792058 0.37962514
vt 0.39792058 0.40599987
vt 0.34833056 0.40400478
vt 0.3060081 0.41393492
vt 0.19902614 0.41786462
vt 0.39792055 0.364473
vt 0.4524269 0.36977926
vt 0.45242688 0.3839328
vt 0.49923804 0.4100807
vt 0.39792055 0.40902275
vt 0.45242685 0.3729748
vt 0.4981907 0.38326776
vt 0.49838307 0.39863703
vt 0.5332243 0.39723355
vt 0.53322434 0.41068536
vt 0.53322434 0.43073708
vt 0.5042612 0.4254974
vt 0.49827617 0.38672894
vt 0.49859685 0.4020701
vt 0.6488631 0.41121432
vt 0.5693481 0.4325149
vt 0.56934804 0.4328279
vt 0.5961737 0.49305874
vt 0.5042612 0.42595083
vt 0.75295925 0.431392
vt 0.648863 0.4326012
vt 0.81537426 0.43063635
vt 0.50457066 0.39223164
vt 0.3483306 0.41597542
vt 0.3060081 0.4267822
vt 0.19902614 0.42228028
vt 0.15757775 0.41310364
vt 0.14241588 0.41142398
vt 0.34833056 0.4304852
vt 0.34833056 0.44355917
vt 0.3060081 0.43690878
vt 0.19902614 0.44794232
vt 0.16311616 0.44091418
vt 0.15797852 0.4161219
vt 0.16500925 0.41599816
vt 0.14877048 0.41341203
vt 0.3060081 0.46426588
vt 0.24626492 0.4672888
vt 0.20212555 0.4588247
vt 0.16311616 0.45270336
vt 0.39792055 0.4152196
vt 0.39792058 0.4791536
vt 0.39792055 0.54202944
vt 0.3060081 0.5012962
vt 0.2462649 0.47628182
vt 0.34341425 0.41484177
vt 0.20212555 0.4659285
vt 0.5042612 0.49026272
vt 0.5042612 0.5492844
vt 0.59649426 0.5429364
vt 0.598418 0.53900665
vt 0.59820426 0.49139625
vt 0.61378783 0.43690246
vt 0.1617268 0.45179647
vt 0.1617268 0.44038516
vt 0.15646859 0.41582423
vt 0.14615655 0.41634017
vt 0.14540842 0.41142392
vt 0.13979746 0.39026266
vt 0.12959091 0.37530026
vt 0.12852217 0.34516144
vt 0.8198207 0.44335586
vt 0.7173276 0.44111145
vt 0.61196756 0.43308574
vt 0.68342334 0.4374861
vt 0.685371 0.432612
vt 0.5364388 0.21274471
vt 0.5045707 0.19607472
vt 0.50251544 0.20324218
vt 0.5384344 0.20578504
vt 0.58707154 0.22670138
vt 0.583676 0.23854327
vt 0.64799136 0.25331968
vt 0.6467254 0.26304692
vt 0.77014685 0.245633
vt 0.8536469 0.22600794
vt 0.09866378 0.33993
vt 0.08601837 0.29930466
vt 0.08798056 0.29930466
vt 0.09713763 0.34085053
vt 0.113416836 0.40243047
vt 0.059928026 0.4024305
vt 0.12039364 0.5190012
vt 0.05189744 0.5191465
vt 0.0018607827 0.5190012
vt 0.0018607473 0.40243047
vt 0.052079123 0.5889146
vt 0.11428891 0.5378967
vt 0.11370756 0.49109393
vt 0.056439646 0.58600754
vt 0.057384446 0.53702456
vt 0.0018607844 0.5371699
vt 0.052079123 0.0043917885
vt 0.056439646 0.007298886
vt 0.11370756 0.10221249
vt 0.11428891 0.05540973
vt 0.12039364 0.07430524
vt 0.05189744 0.07415992
vt 0.059928026 0.19087589
vt 0.0018607827 0.07430524
vt 0.057384446 0.056281805
vt 0.0018607844 0.05613649
vt 0.113416836 0.19087589
vt 0.09866378 0.25337636
vt 0.09713763 0.25268596
vt 0.08601837 0.2940017
vt 0.08798056 0.2940017
vt 0.0018607473 0.19087589
vt 0.15349117 0.27591705
vt 0.1690717 0.2796442
vt 0.15349117 0.28241634
vt 0.16937391 0.26820672
vt 0.1725686 0.27611524
vt 0.17270432 0.2646535
vt 0.19688866 0.2857381
vt 0.19688866 0.26949012
vt 0.19688866 0.24651617
vt 0.16926058 0.24039656
vt 0.17275864 0.23243457
vt 0.19688866 0.24402225
vt 0.15349117 0.24425244
vt 0.15349117 0.3123893
vt 0.16926058 0.34790987
vt 0.15349117 0.34405398
vt 0.16937391 0.3200997
vt 0.17270432 0.32365295
vt 0.17275864 0.35587186
vt 0.19688866 0.3417903
vt 0.19688866 0.34428412
vt 0.1690717 0.30866224
vt 0.1725686 0.3121912
vt 0.19688866 0.30256838
vt 0.19688866 0.31881636
vt 0.15349117 0.30589008
vt 0.8831894 0.23426491
vt 0.88308024 0.23590142
vt 0.8831893 0.23301029
vt 0.88308007 0.23715594
vt 0.8751434 0.24408376
vt 0.87538886 0.24402922
vt 0.872225 0.24413829
vt 0.872225 0.2441383
vt 0.85160553 0.2573938
vt 0.85160553 0.25739378
vt 0.8404229 0.24091995
vt 0.83044046 0.25788468
vt 0.8303313 0.26939452
vt 0.8490962 0.26939452
vt 0.82405823 0.26126665
vt 0.8240582 0.2580483
vt 0.7708184 0.25793922
vt 0.7708184 0.2631759
vt 0.8240582 0.26939446
vt 0.7708184 0.26939446
vt 0.88308024 0.3548891
vt 0.8831894 0.3565256
vt 0.8831893 0.35778016
vt 0.88308007 0.3536344
vt 0.8404229 0.3498705
vt 0.83044046 0.33290583
vt 0.85160553 0.33339673
vt 0.8303313 0.32139593
vt 0.8490962 0.32139593
vt 0.8751434 0.3467067
vt 0.87538886 0.34676117
vt 0.872225 0.34665215
vt 0.872225 0.3466522
vt 0.85160553 0.33339676
vt 0.99073637 0.229774
vt 0.99073637 0.2253921
vt 0.99095017 0.22410959
vt 0.96946824 0.24569833
vt 0.93847454 0.24420208
vt 0.92885584 0.27188277
vt 0.8750977 0.27198958
vt 0.97470516 0.24569833
vt 0.9239395 0.2953952
vt 0.7710726 0.2953952
vt 0.77095866 0.28246337
vt 0.7709302 0.2723102
vt 0.77078766 0.28321147
vt 0.77078766 0.27295142
vt 0.8750977 0.3188009
vt 0.77095866 0.30832717
vt 0.77078766 0.2953952
vt 0.92885584 0.31890768
vt 0.93847454 0.3465883
vt 0.96946824 0.34509212
vt 0.99073637 0.36539835
vt 0.99073637 0.36101645
vt 0.99095017 0.3666808
vt 0.97470516 0.34509212
vt 0.77078766 0.30757898
vt 0.7709302 0.31848025
vt 0.77078766 0.31783897
vt 0.7708184 0.33285123
vt 0.8240582 0.33274215
vt 0.82405823 0.3295238
vt 0.7708184 0.3276145
vt 0.8240582 0.32139593
vt 0.7708184 0.32139593
vt 0.6760187 0.92602926
vt 0.6740767 0.92614585
vt 0.70112985 0.88976234
vt 0.7018426 0.8902717
vt 0.7391456 0.89963025
vt 0.7400267 0.9581489
vt 0.7405414 0.95860523
vt 0.73997873 0.898898
vt 0.9598252 0.81567925
vt 0.9208125 0.80296534
vt 0.88631445 0.8170611
vt 0.94254696 0.82842773
vt 0.9884938 0.8483988
vt 0.96911854 0.85984457
vt 0.97267634 0.95157
vt 0.94791204 0.95661324
vt 0.91022885 0.8635215
vt 0.93168163 0.8952483
vt 0.86561835 0.9264325
vt 0.8968762 0.97444314
vt 0.8666081 0.96726626
vt 0.8762624 0.99056643
vt 0.86097974 0.9839415
vt 0.8341242 0.85525024
vt 0.8538558 0.88372236
vt 0.8260715 0.88224965
vt 0.7956285 0.88245875
vt 0.7514285 0.8827674
vt 0.7514285 0.8416526
vt 0.66873276 0.85525024
vt 0.7072285 0.88245875
vt 0.67678547 0.88224965
vt 0.6490012 0.88372236
vt 0.59262806 0.8635215
vt 0.75141376 0.79323804
vt 0.61653626 0.8170611
vt 0.56031007 0.82842773
vt 0.53373843 0.85984457
vt 0.57117534 0.8952483
vt 0.64892155 0.88401955
vt 0.6384169 0.9244126
vt 0.8077573 0.7692789
vt 0.7514064 0.7715458
vt 0.6950554 0.7692789
vt 0.80683434 0.7380647
vt 0.75141746 0.7481423
vt 0.6960005 0.7380647
vt 0.7514285 0.7120992
vt 0.69848365 0.7060381
vt 0.7514285 0.606342
vt 0.70279044 0.6036506
vt 0.80437344 0.7060381
vt 0.80006653 0.6036506
vt 0.8539354 0.88401955
vt 0.86444014 0.9244126
vt 0.8374958 0.94033754
vt 0.8371405 0.94138813
vt 0.8508336 0.9746632
vt 0.83327055 0.98637575
vt 0.8152367 0.95235294
vt 0.78494877 0.9649257
vt 0.7871022 0.9984085
vt 0.8167807 0.9509837
vt 0.7853343 0.96316636
vt 0.7514285 0.9668154
vt 0.75142854 0.9684021
vt 0.7514285 1.0012109
vt 0.71575475 0.9984085
vt 0.71790826 0.9649257
vt 0.6695864 0.98637575
vt 0.71752274 0.96316636
vt 0.68762034 0.95235294
vt 0.66571665 0.94138813
vt 0.6520234 0.9746632
vt 0.636249 0.96726626
vt 0.68607634 0.9509837
vt 0.66536117 0.94033754
vt 0.6372386 0.9264325
vt 0.60598075 0.97444314
vt 0.62659454 0.99056643
vt 0.64187723 0.9839415
vt 0.55494493 0.95661324
vt 0.53018063 0.95157
vt 0.5143632 0.8483988
vt 0.5430318 0.81567925
vt 0.58305544 0.80327886
vt 0.8017272 0.88976234
vt 0.8287803 0.92614585
vt 0.82683825 0.92602926
vt 0.80101436 0.8902717
vt 0.7628783 0.898898
vt 0.7637114 0.89963025
vt 0.7623156 0.95860523
vt 0.76283026 0.9581489
vt 0.72252756 0.31108063
vt 0.7338969 0.30917937
vt 0.73119295 0.31434137
vt 0.729795 0.29793507
vt 0.74117297 0.30920392
vt 0.748605 0.29793507
vt 0.74903256 0.33822697
vt 0.7411238 0.32505888
vt 0.7366008 0.3230924
vt 0.7329628 0.31871694
vt 0.7274438 0.32230252
vt 0.7363145 0.3335244
vt 0.7274439 0.26600385
vt 0.73674196 0.253927
vt 0.7366009 0.2652141
vt 0.7490326 0.2500795
vt 0.7411238 0.2632476
vt 0.74117297 0.27910244
vt 0.7486051 0.29037142
vt 0.729795 0.29037142
vt 0.73389685 0.279127
vt 0.73119295 0.273965
vt 0.7225277 0.27722573
vt 0.73296285 0.26958954
vt 0.5727508 0.3411892
vt 0.53949094 0.3468227
vt 0.5485029 0.3663811
vt 0.5544095 0.33580834
vt 0.53893507 0.34421128
vt 0.4420725 0.34304804
vt 0.44146517 0.34564546
vt 0.42668942 0.36511725
vt 0.40308183 0.33942872
vt 0.5545202 0.3260458
vt 0.55182636 0.33513302
vt 0.572992 0.32087606
vt 0.5398372 0.3145297
vt 0.5519208 0.3266158
vt 0.54938436 0.2951876
vt 0.42757094 0.29392356
vt 0.4418114 0.3133524
vt 0.44237253 0.3160128
vt 0.5392351 0.3171761
vt 0.4033231 0.31911546
vt 0.42699152 0.3245142
vt 0.4294678 0.32514518
vt 0.4268808 0.33427674
vt 0.42937338 0.33366236
vt 0.573187 0.24950033
vt 0.5546949 0.2643233
vt 0.5730736 0.2698146
vt 0.5547546 0.2545603
vt 0.55216 0.25519043
vt 0.5521057 0.263708
vt 0.5392573 0.27292484
vt 0.5398131 0.27558142
vt 0.5490213 0.29508716
vt 0.4272043 0.29422504
vt 0.5400305 0.2432873
vt 0.5394292 0.24588847
vt 0.44256106 0.24536115
vt 0.44199905 0.24275355
vt 0.4272185 0.25386602
vt 0.42970002 0.2545237
vt 0.42964575 0.26304132
vt 0.54938245 0.223889
vt 0.42756543 0.22302681
vt 0.40351313 0.24829942
vt 0.4271589 0.26362902
vt 0.4417816 0.27504775
vt 0.4423892 0.27239746
vt 0.40339988 0.26861382
vt 0.94067633 0.63075477
vt 0.9401311 0.6313948
vt 0.9324851 0.6505127
vt 0.9884397 0.64836925
vt 0.9884397 0.6786035
vt 0.9246401 0.6804113
vt 0.920822 0.7095896
vt 0.9884396 0.61763984
vt 0.9898134 0.7095896
vt 0.9884397 0.70958966
vt 0.9246401 0.70958966
vt 0.9246401 0.7387679
vt 0.9324851 0.7686666
vt 0.94067633 0.78842455
vt 0.97984195 0.6145838
vt 0.9401311 0.7877845
vt 0.9884397 0.77081007
vt 0.9884396 0.80153936
vt 0.97984195 0.80459553
vt 0.9884397 0.74057573
vt 0 0
vt 1 0
vt 1 1
vt 0 1
g Unknown0
usemtl Unknown0
f 1/1/1 2/2/2 3/3/3
f 1/1/1 3/3/3 4/4/4
f 4/4/4 3/3/3 5/5/5
f 4/4/4 5/5/5 6/6/6
f 6/6/6 5/5/5 7/7/7
f 6/6/6 7/7/7 8/8/8
f 8/8/8 7/7/7 9/9/9
f 8/8/8 9/9/9 10/10/10
f 11/11/11 12/12/12 13/13/11
f 11/11/11 13/13/11 14/14/13
f 15/1/14 16/2/15 17/3/16
f 15/1/14 17/3/16 18/4/17
f 18/4/17 17/3/16 19/5/18
f 18/4/17 19/5/18 20/6/19
f 20/6/19 19/5/18 21/7/20
f 20/6/19 21/7/20 22/8/21
f 22/8/21 21/7/20 2/9/2
f 22/8/21 2/9/2 1/10/1
f 23/1/22 24/2/23 25/3/24
f 23/1/22 25/3/24 26/4/25
f 26/4/25 25/3/24 27/5/26
f 26/4/25 27/5/26 28/6/27
f 28/6/27 27/5/26 29/7/28
f 28/6/27 29/7/28 30/8/29
f 30/8/29 29/7/28 16/9/15
f 30/8/29 16/9/15 15/10/30
f 10/1/10 9/2/31 31/3/32
f 10/1/10 31/3/32 32/4/33
f 32/4/33 31/3/32 33/5/34
f 32/4/33 33/5/34 34/6/35
f 34/6/35 33/5/34 35/7/36
f 34/6/35 35/7/36 36/8/37
f 36/8/37 35/7/36 24/9/23
f 36/8/37 24/9/23 23/10/38
f 37/15/39 38/16/40 39/17/39
f 37/15/39 39/17/39 40/18/41
f 41/19/42 36/20/37 23/21/43
f 42/22/44 36/20/37 41/19/42
f 42/22/44 34/23/35 36/20/37
f 43/24/45 34/23/35 42/22/44
f 43/24/45 32/25/33 34/23/35
f 44/26/46 32/25/33 43/24/45
f 44/26/46 10/27/10 32/25/33
f 41/19/42 23/21/43 45/28/47
f 45/28/47 23/21/43 26/29/25
f 45/28/47 26/29/25 46/30/48
f 46/30/48 26/29/25 28/31/27
f 46/30/48 28/31/27 47/32/49
f 47/32/49 28/31/27 30/33/29
f 47/32/49 30/33/29 48/34/50
f 48/34/50 49/35/51 47/32/49
f 47/32/49 49/35/51 50/36/52
f 47/32/49 50/36/52 46/37/48
f 46/37/48 50/36/52 51/38/53
f 46/37/48 51/38/53 45/39/54
f 51/38/53 41/40/42 45/39/54
f 48/34/50 30/33/29 15/41/14
f 48/34/50 15/41/14 52/42/55
f 52/42/55 53/43/56 48/34/50
f 48/34/50 53/43/56 49/35/51
f 52/42/55 15/41/14 18/44/17
f 52/42/55 18/44/17 54/45/57
f 54/45/57 55/46/58 52/42/55
f 52/42/55 55/46/58 53/43/56
f 54/45/57 18/44/17 20/47/19
f 54/45/57 20/47/19 56/48/59
f 56/48/59 57/49/60 54/45/57
f 54/45/57 57/49/60 55/46/58
f 56/48/59 20/47/19 22/50/21
f 56/48/59 22/50/21 58/51/61
f 58/51/61 59/52/62 56/48/59
f 56/48/59 59/52/62 57/49/60
f 58/51/61 22/50/21 1/53/63
f 58/51/61 1/53/63 60/54/64
f 60/54/64 1/53/63 4/55/4
f 60/54/64 4/55/4 61/56/65
f 61/56/65 4/55/4 6/57/6
f 61/56/65 6/57/6 62/58/66
f 63/59/67 61/56/65 62/58/66
f 64/60/68 61/56/65 63/59/67
f 64/60/68 60/61/64 61/56/65
f 60/61/64 64/60/68 65/62/69
f 60/61/64 65/62/69 58/51/61
f 58/51/61 65/62/69 59/52/62
f 62/58/66 6/57/6 8/63/8
f 62/58/66 8/63/8 66/64/70
f 67/65/71 62/58/66 66/64/70
f 63/59/67 62/58/66 67/65/71
f 66/64/70 8/63/8 10/27/10
f 66/64/70 10/27/10 44/26/46
f 68/66/72 66/64/70 44/26/46
f 67/65/71 66/64/70 68/66/72
f 68/66/72 44/26/46 69/67/73
f 70/68/74 69/67/73 44/26/46
f 70/68/74 44/26/46 43/24/45
f 71/69/75 70/68/74 43/24/45
f 71/69/75 43/24/45 42/22/44
f 72/70/76 71/69/75 42/22/44
f 72/70/76 42/22/44 41/40/42
f 51/38/53 72/70/76 41/40/42
f 35/20/36 73/19/77 74/28/78
f 33/23/34 73/19/77 35/20/36
f 33/23/34 75/71/79 73/19/77
f 31/25/32 75/71/79 33/23/34
f 31/25/32 76/72/80 75/71/79
f 9/27/81 76/72/80 31/25/32
f 9/27/81 77/73/82 76/72/80
f 35/20/36 74/28/78 24/74/23
f 24/74/23 74/28/78 78/30/83
f 24/74/23 78/30/83 25/29/24
f 25/29/24 78/30/83 79/75/84
f 25/29/24 79/75/84 27/31/26
f 27/31/26 79/75/84 80/76/85
f 27/31/26 80/76/85 29/33/28
f 29/33/28 80/76/85 81/77/86
f 29/33/28 81/77/86 16/41/87
f 16/41/87 81/77/86 82/78/88
f 16/41/87 82/78/88 17/44/16
f 17/44/16 82/78/88 83/79/89
f 17/44/16 83/79/89 19/47/18
f 19/47/18 83/79/89 84/80/90
f 19/47/18 84/80/90 21/50/20
f 21/50/20 84/80/90 85/54/91
f 21/50/20 85/54/91 2/53/2
f 2/53/2 85/54/91 86/81/92
f 2/53/2 86/81/92 3/55/3
f 3/55/3 86/81/92 87/82/93
f 3/55/3 87/82/93 5/57/5
f 5/57/5 87/82/93 88/83/94
f 5/57/5 88/83/94 7/63/7
f 7/63/7 88/83/94 77/73/82
f 7/63/7 77/73/82 9/27/81
f 89/84/95 90/85/96 91/86/97
f 90/85/96 92/87/98 91/86/97
f 92/87/98 93/88/99 91/86/97
f 91/86/97 93/88/99 94/89/100
f 89/84/95 91/86/97 94/89/100
f 95/90/101 89/84/95 94/89/100
f 95/90/101 94/89/100 96/91/102
f 97/92/103 95/90/101 96/91/102
f 97/92/103 98/93/104 95/90/101
f 90/85/96 99/94/105 92/87/98
f 99/94/105 100/95/106 92/87/98
f 100/95/106 93/88/99 92/87/98
f 99/94/105 101/96/107 100/95/106
f 101/96/107 102/97/108 100/95/106
f 102/97/108 93/88/99 100/95/106
f 102/97/108 103/98/109 93/88/99
f 103/98/109 104/99/110 93/88/99
f 93/88/99 104/99/110 105/100/111
f 93/88/99 105/100/111 97/92/103
f 93/88/99 97/92/103 96/91/102
f 94/89/100 93/88/99 96/91/102
f 101/96/107 106/101/112 102/97/108
f 102/97/108 106/101/112 107/102/113
f 102/97/108 107/102/113 103/98/109
f 103/98/109 107/102/113 108/103/114
f 103/98/109 108/103/114 104/99/110
f 104/99/110 108/103/114 109/104/115
f 104/99/110 109/104/115 105/100/111
f 105/100/111 109/104/115 98/93/104
f 105/100/111 98/93/104 97/92/103
f 88/105/94 68/106/72 69/107/116
f 87/108/93 68/106/72 88/105/94
f 87/108/93 67/109/71 68/106/72
f 86/110/92 67/109/71 87/108/93
f 86/110/92 63/111/67 67/109/71
f 85/112/91 63/111/67 86/110/92
f 85/112/91 64/113/68 63/111/67
f 88/105/94 69/107/116 77/114/82
f 77/114/82 69/107/116 70/115/74
f 77/114/82 70/115/74 76/116/80
f 76/116/80 70/115/74 71/117/75
f 76/116/80 71/117/75 75/118/79
f 75/118/79 71/117/75 72/119/76
f 75/118/79 72/119/76 73/120/77
f 73/120/77 72/119/76 51/121/53
f 73/120/77 51/121/53 74/122/117
f 51/121/53 78/123/83 74/122/117
f 51/121/53 50/124/52 78/123/83
f 50/124/52 79/125/84 78/123/83
f 50/124/52 49/126/51 79/125/84
f 49/126/51 80/127/85 79/125/84
f 49/126/51 53/128/56 80/127/85
f 53/128/56 81/129/86 80/127/85
f 53/128/56 55/130/58 81/129/86
f 55/130/58 82/131/118 81/129/86
f 55/130/58 57/132/119 82/131/118
f 59/133/62 82/131/118 57/132/119
f 59/133/62 83/134/89 82/131/118
f 65/135/69 83/134/89 59/133/62
f 65/135/69 84/136/90 83/134/89
f 64/113/68 84/136/90 65/135/69
f 64/113/68 85/112/91 84/136/90
f 110/137/120 111/138/121 112/139/122
f 111/138/121 113/140/123 112/139/122
f 112/139/122 113/140/123 114/141/124
f 112/139/122 114/141/124 115/142/125
f 110/137/120 112/139/122 115/142/125
f 116/143/126 110/137/120 115/142/125
f 116/143/126 115/142/125 117/144/127
f 118/145/128 116/143/126 117/144/127
f 114/141/124 113/140/123 111/138/121
f 119/146/129 114/141/124 111/138/121
f 120/147/130 114/141/124 119/146/129
f 120/147/130 121/148/131 114/141/124
f 114/141/124 121/148/131 115/142/125
f 122/149/132 115/142/125 121/148/131
f 122/149/132 117/144/127 115/142/125
f 123/150/133 117/144/127 122/149/132
f 118/145/128 117/144/127 123/150/133
f 124/151/134 118/145/128 123/150/133
f 124/151/134 125/152/135 118/145/128
f 120/147/130 119/146/129 126/153/136
f 120/147/130 126/153/136 121/148/131
f 126/153/136 127/154/137 121/148/131
f 121/148/131 127/154/137 128/155/138
f 121/148/131 128/155/138 122/149/132
f 128/155/138 129/156/139 122/149/132
f 123/150/133 122/149/132 129/156/139
f 124/151/134 123/150/133 129/156/139
f 126/153/136 119/146/129 127/154/137
f 128/155/138 130/157/140 129/156/139
f 130/157/140 131/158/141 129/156/139
f 124/151/134 129/156/139 131/158/141
f 131/158/141 132/159/142 124/151/134
f 132/159/142 133/160/143 124/151/134
f 133/160/143 125/152/135 124/151/134
f 133/160/143 134/161/144 125/152/135
f 135/162/145 134/161/144 133/160/143
f 135/162/145 132/159/142 134/161/144
f 134/161/144 132/159/142 136/163/146
f 130/157/140 137/164/147 131/158/141
f 137/164/147 138/165/148 131/158/141
f 138/165/148 132/159/142 131/158/141
f 138/165/148 139/166/149 132/159/142
f 132/159/142 139/166/149 136/163/146
f 136/163/146 139/166/149 138/165/148
f 137/164/147 136/163/146 138/165/148
f 132/159/142 135/162/145 133/160/143
f 140/137/150 141/138/151 142/139/152
f 141/138/151 143/140/153 142/139/152
f 142/139/152 143/140/153 144/141/154
f 142/139/152 144/141/154 145/142/155
f 140/137/150 142/139/152 145/142/155
f 146/143/156 140/137/150 145/142/155
f 146/143/156 145/142/155 147/144/157
f 148/145/158 146/143/156 147/144/157
f 144/141/154 143/140/153 141/138/151
f 149/146/159 144/141/154 141/138/151
f 150/147/160 144/141/154 149/146/159
f 150/147/160 151/148/161 144/141/154
f 144/141/154 151/148/161 145/142/155
f 152/149/162 145/142/155 151/148/161
f 152/149/162 147/144/157 145/142/155
f 153/150/163 147/144/157 152/149/162
f 148/145/158 147/144/157 153/150/163
f 154/151/164 148/145/158 153/150/163
f 154/151/164 155/152/165 148/145/158
f 150/147/160 149/146/159 156/153/166
f 150/147/160 156/153/166 151/148/161
f 156/153/166 157/154/167 151/148/161
f 151/148/161 157/154/167 158/155/168
f 151/148/161 158/155/168 152/149/162
f 158/155/168 159/156/169 152/149/162
f 153/150/163 152/149/162 159/156/169
f 154/151/164 153/150/163 159/156/169
f 156/153/166 149/146/159 157/154/167
f 158/155/168 160/157/170 159/156/169
f 160/157/170 161/158/171 159/156/169
f 154/151/164 159/156/169 161/158/171
f 161/158/171 162/159/172 154/151/164
f 162/159/172 163/160/173 154/151/164
f 163/160/173 155/152/165 154/151/164
f 163/160/173 164/161/174 155/152/165
f 165/162/175 164/161/174 163/160/173
f 165/162/175 162/159/172 164/161/174
f 164/161/174 162/159/172 166/163/176
f 160/157/170 167/164/177 161/158/171
f 167/164/177 168/165/178 161/158/171
f 168/165/178 162/159/172 161/158/171
f 168/165/178 169/166/179 162/159/172
f 162/159/172 169/166/179 166/163/176
f 166/163/176 169/166/179 168/165/178
f 167/164/177 166/163/176 168/165/178
f 162/159/172 165/162/175 163/160/173

g Unknown1
usemtl Unknown1
f 170/167/180 171/168/181 172/169/182
f 173/169/183 174/168/184 175/167/185
f 176/170/186 177/171/187 178/172/188
f 179/171/189 180/170/190 181/172/191
f 182/173/192 183/174/193 184/175/194
f 182/173/192 185/176/195 183/174/193
f 186/177/196 183/174/193 185/176/195
f 186/177/196 187/178/197 183/174/193
f 188/179/198 183/174/193 187/178/197
f 189/180/199 188/179/198 187/178/197
f 189/180/199 187/178/197 190/181/200
f 187/178/197 191/180/201 190/181/200
f 185/176/195 182/173/192 192/182/202
f 185/176/195 192/182/202 186/177/196
f 192/182/202 193/183/203 186/177/196
f 186/177/196 193/183/203 194/184/204
f 186/177/196 194/184/204 187/178/197
f 194/184/204 195/177/205 187/178/197
f 196/174/206 187/178/197 195/177/205
f 187/178/197 196/174/206 197/179/207
f 187/178/197 197/179/207 191/180/201
f 182/173/192 198/185/208 192/182/202
f 199/186/209 192/182/202 198/185/208
f 199/186/209 200/187/210 192/182/202
f 192/182/202 200/187/210 193/183/203
f 194/184/204 201/183/211 195/177/205
f 201/183/211 202/182/212 195/177/205
f 202/182/212 203/176/213 195/177/205
f 196/174/206 195/177/205 203/176/213
f 196/174/206 203/176/213 204/173/214
f 196/174/206 204/173/214 205/175/215
f 201/183/211 206/187/216 202/182/212
f 202/182/212 206/187/216 207/186/217
f 202/182/212 207/186/217 208/185/218
f 208/185/218 204/173/214 202/182/212
f 202/182/212 204/173/214 203/176/213
f 209/188/219 210/189/220 211/190/221
f 209/188/219 212/191/222 210/189/220
f 189/192/223 210/189/220 212/191/222
f 189/192/223 213/193/224 210/189/220
f 189/192/223 190/194/200 213/193/224
f 213/193/224 190/194/200 191/192/225
f 214/189/226 213/193/224 191/192/225
f 214/189/226 191/192/225 215/191/227
f 214/189/226 215/191/227 216/188/228
f 214/189/226 216/188/228 217/190/229
f 218/195/230 219/196/231 220/197/232
f 218/195/230 220/197/232 221/198/233
f 222/199/234 221/198/233 220/197/232
f 222/199/234 220/197/232 223/200/235
f 224/197/236 222/199/234 223/200/235
f 224/197/236 225/198/237 222/199/234
f 224/197/236 226/195/238 225/198/237
f 224/197/236 227/196/239 226/195/238
f 228/201/240 229/202/241 230/203/242
f 228/201/240 231/204/243 229/202/241
f 229/202/241 231/204/243 232/205/244
f 229/202/241 232/205/244 233/202/245
f 232/205/244 234/203/246 233/202/245
f 232/205/244 235/201/247 234/203/246
f 232/205/244 236/206/248 235/201/247
f 237/207/249 231/204/243 228/201/240
f 238/208/250 231/204/243 237/207/249
f 238/208/250 232/205/244 231/204/243
f 232/205/244 238/208/250 236/206/248
f 236/206/248 238/208/250 239/209/251
f 236/206/248 239/209/251 240/210/252
f 241/211/253 236/206/248 240/210/252
f 237/207/249 228/201/240 241/211/253
f 237/207/249 241/211/253 242/210/254
f 237/207/249 242/210/254 243/209/255
f 239/209/251 237/207/249 243/209/255
f 239/209/251 238/208/250 237/207/249
f 241/211/253 240/210/252 242/210/254
f 244/202/256 245/201/257 246/203/258
f 244/202/256 247/204/259 245/201/257
f 245/201/257 247/204/259 248/207/260
f 245/201/257 248/207/260 249/211/261
f 250/210/262 249/211/261 248/207/260
f 251/210/263 249/211/261 250/210/262
f 251/210/263 252/206/264 249/211/261
f 253/205/265 247/204/259 244/202/256
f 247/204/259 253/205/265 254/208/266
f 247/204/259 254/208/266 248/207/260
f 248/207/260 254/208/266 255/209/267
f 248/207/260 255/209/267 256/209/268
f 250/210/262 248/207/260 256/209/268
f 253/205/265 244/202/256 257/202/269
f 258/203/270 253/205/265 257/202/269
f 258/203/270 259/201/271 253/205/265
f 252/206/264 253/205/265 259/201/271
f 252/206/264 254/208/266 253/205/265
f 255/209/267 254/208/266 252/206/264
f 255/209/267 252/206/264 251/210/263
f 260/212/272 261/213/273 262/214/272
f 260/212/272 262/214/272 263/215/274
f 264/216/275 265/217/276 266/218/277
f 264/216/275 267/219/278 265/217/276
f 264/216/275 268/220/279 267/219/278
f 268/220/279 269/221/280 267/219/278
f 269/221/280 270/222/281 267/219/278
f 270/222/281 271/223/282 267/219/278
f 268/220/279 272/224/283 269/221/280
f 273/225/284 274/226/285 275/227/284
f 273/225/284 275/227/284 276/228/286
f 277/229/287 278/230/288 279/231/289
f 277/229/287 279/231/289 280/232/290
f 281/233/291 277/229/287 280/232/290
f 281/233/291 280/232/290 282/234/292
f 282/234/292 283/233/293 281/233/291
f 282/234/292 284/235/294 283/233/293
f 285/236/295 283/233/293 284/235/294
f 285/236/295 286/229/296 283/233/293
f 287/231/297 286/229/296 285/236/295
f 287/231/297 288/237/298 286/229/296
f 280/232/290 289/238/299 282/234/292
f 290/239/300 282/234/292 289/238/299
f 290/239/300 284/235/294 282/234/292
f 290/239/300 285/236/295 284/235/294
f 290/239/300 291/240/301 285/236/295
f 292/241/302 285/236/295 291/240/301
f 292/241/302 287/242/303 285/236/295
f 280/232/290 293/240/304 289/238/299
f 293/240/304 280/232/290 279/242/289
f 293/240/304 279/242/289 294/241/305
f 295/243/306 296/244/307 297/245/308
f 295/243/306 298/246/309 296/244/307
f 298/246/309 295/243/306 299/247/310
f 298/246/309 299/247/310 300/248/311
f 298/249/312 300/250/311 301/251/313
f 298/249/312 301/251/313 302/252/314
f 298/249/312 302/252/314 303/253/315
f 298/249/312 303/253/315 296/254/307
f 302/252/314 301/251/313 304/251/316
f 302/252/314 304/251/316 305/252/317
f 302/252/314 305/252/317 306/255/318
f 302/252/314 306/255/318 303/253/315
f 304/251/316 295/249/319 305/252/317
f 306/255/318 305/252/317 295/249/319
f 306/255/318 295/249/319 297/254/308
f 304/251/316 299/250/310 295/249/319
f 307/256/320 308/257/321 309/258/322
f 307/256/320 309/258/322 310/259/323
f 307/256/320 310/259/323 311/260/324
f 307/256/320 311/260/324 312/261/325
f 311/260/324 313/256/326 312/261/325
f 311/260/324 314/259/327 313/256/326
f 315/258/328 313/256/326 314/259/327
f 315/258/328 316/257/329 313/256/326
f 317/214/330 318/213/331 319/212/330
f 317/214/330 319/212/330 320/215/332
f 321/221/333 322/224/334 323/220/335
f 321/221/333 323/220/335 324/219/336
f 325/222/337 321/221/333 324/219/336
f 326/223/338 325/222/337 324/219/336
f 323/220/335 327/216/339 324/219/336
f 328/217/340 324/219/336 327/216/339
f 328/217/340 327/216/339 329/218/341
f 330/262/342 331/263/343 332/264/343
f 331/263/343 333/262/344 332/264/343
f 334/227/345 335/226/346 336/225/345
f 334/227/345 336/225/345 337/228/347
f 338/265/348 339/266/349 340/267/350
f 338/265/348 341/268/351 339/266/349
f 338/265/348 342/269/352 341/268/351
f 341/268/351 342/269/352 343/270/353
f 341/268/351 343/270/353 344/271/354
f 344/271/354 343/270/353 345/272/355
f 344/271/354 345/272/355 346/273/356
f 345/272/355 347/270/357 346/273/356
f 346/273/356 347/270/357 348/269/358
f 346/273/356 348/269/358 349/268/359
f 350/274/360 349/268/359 348/269/358
f 350/274/360 348/269/358 351/275/361
f 350/274/360 351/275/361 352/267/362
f 345/272/355 343/276/363 342/277/352
f 345/272/355 342/277/352 353/278/364
f 348/277/358 345/272/355 353/278/364
f 348/277/358 347/276/357 345/272/355
f 293/279/365 294/280/305 354/281/366
f 293/279/365 354/281/366 355/282/367
f 293/279/365 355/282/367 356/283/368
f 293/279/365 356/283/368 289/238/299
f 357/283/369 289/238/299 356/283/368
f 357/283/369 290/239/300 289/238/299
f 357/283/369 291/279/301 290/239/300
f 357/283/369 358/282/370 291/279/301
f 359/284/371 291/279/301 358/282/370
f 359/284/371 292/280/302 291/279/301
f 354/281/366 278/230/288 277/285/372
f 354/281/366 277/285/372 355/240/367
f 356/286/368 355/240/367 277/285/372
f 356/286/368 277/285/372 281/287/291
f 281/287/291 357/286/369 356/286/368
f 281/287/291 283/287/293 357/286/369
f 286/288/296 357/286/369 283/287/293
f 286/288/296 358/240/373 357/286/369
f 358/240/373 286/288/296 288/237/298
f 358/240/373 288/237/298 359/284/371
f 360/244/374 361/289/375 362/245/376
f 360/244/374 363/290/377 361/289/375
f 361/289/375 363/290/377 364/248/378
f 361/289/375 364/248/378 365/247/379
f 361/249/375 366/253/380 362/254/376
f 361/249/375 367/252/381 366/253/380
f 367/252/381 368/255/382 366/253/380
f 367/252/381 369/252/383 368/255/382
f 368/255/382 369/252/383 363/249/377
f 368/255/382 363/249/377 360/254/374
f 361/249/375 370/251/384 367/252/381
f 370/251/384 369/252/383 367/252/381
f 370/251/384 371/251/385 369/252/383
f 371/251/385 363/249/377 369/252/383
f 371/251/385 364/250/386 363/249/377
f 361/249/375 365/250/379 370/251/384
f 372/291/387 373/292/388 374/293/389
f 372/291/387 374/293/389 375/294/390
f 372/291/387 375/294/390 376/295/391
f 372/291/387 376/295/391 377/294/392
f 372/291/387 377/294/392 378/293/393
f 378/293/393 379/292/394 372/291/387
f 352/267/362 375/294/390 374/293/389
f 352/267/362 351/296/361 375/294/390
f 376/295/391 375/294/390 351/296/361
f 351/296/361 353/297/364 376/295/391
f 353/297/364 338/296/395 376/295/391
f 338/296/395 377/294/392 376/295/391
f 377/294/392 338/296/395 340/267/350
f 377/294/392 340/267/350 378/293/393
f 351/296/361 348/298/358 353/297/364
f 353/297/364 342/298/352 338/296/395
f 380/299/396 381/300/397 382/301/398
f 380/299/396 383/302/399 381/300/397
f 381/300/397 383/302/399 384/302/400
f 381/300/397 384/302/400 385/303/401
f 385/303/401 384/302/400 386/299/402
f 385/303/401 386/299/402 387/301/403
f 388/304/404 383/302/399 380/299/396
f 388/304/404 389/305/405 383/302/399
f 390/306/406 389/305/405 388/304/404
f 390/306/406 391/305/407 389/305/405
f 384/302/400 391/305/407 390/306/406
f 384/302/400 390/306/406 386/299/402
f 383/302/399 391/307/407 384/302/400
f 383/302/399 389/307/408 391/307/407
f 392/308/409 393/309/410 394/310/411
f 392/308/409 394/310/411 395/311/412
f 396/312/413 392/308/409 395/311/412
f 396/312/413 395/311/412 397/313/414
f 398/311/415 396/312/413 397/313/414
f 398/311/415 399/308/416 396/312/413
f 400/310/417 399/308/416 398/311/415
f 400/310/417 401/309/418 399/308/416
f 402/314/419 403/315/420 404/316/421
f 402/314/419 405/317/422 403/315/420
f 405/317/422 406/318/423 403/315/420
f 405/317/422 407/319/424 406/318/423
f 406/318/423 407/319/424 408/320/425
f 406/318/423 408/320/425 409/321/426
f 410/322/427 405/317/422 402/314/419
f 410/322/427 411/323/428 405/317/422
f 408/320/425 405/317/422 411/323/428
f 408/320/425 407/319/424 405/317/422
f 412/324/429 413/325/430 414/326/431
f 412/324/429 414/326/431 415/327/432
f 414/326/431 416/328/433 415/327/432
f 416/328/433 417/329/434 415/327/432
f 416/328/433 418/330/435 417/329/434
f 417/331/434 418/332/435 419/333/436
f 417/331/434 419/333/436 420/334/437
f 417/331/434 420/334/437 421/335/438
f 422/336/439 417/331/434 421/335/438
f 423/331/440 422/336/439 421/335/438
f 424/334/441 423/331/440 421/335/438
f 425/333/442 423/331/440 424/334/441
f 425/333/442 426/332/443 423/331/440
f 419/333/436 427/337/444 420/334/437
f 419/333/436 428/338/445 427/337/444
f 429/337/446 425/333/442 424/334/441
f 429/337/446 430/338/447 425/333/442
f 431/339/448 424/334/441 421/335/438
f 432/340/449 431/339/448 421/335/438
f 432/340/449 421/335/438 433/341/450
f 175/342/451 432/340/449 433/341/450
f 434/343/452 175/342/451 433/341/450
f 434/343/452 435/344/453 175/342/451
f 436/345/454 435/344/453 434/343/452
f 436/345/454 437/346/455 435/344/453
f 421/335/438 438/340/456 433/341/450
f 438/340/456 170/342/457 433/341/450
f 170/342/457 434/343/452 433/341/450
f 170/342/457 439/347/458 434/343/452
f 440/348/459 434/343/452 439/347/458
f 440/348/459 436/345/454 434/343/452
f 441/349/460 436/345/454 440/348/459
f 437/346/455 436/345/454 441/349/460
f 421/335/438 442/339/461 438/340/456
f 420/334/437 442/339/461 421/335/438
f 437/346/455 441/349/460 443/350/462
f 444/351/463 437/346/455 443/350/462
f 444/351/463 435/352/453 437/346/455
f 444/351/463 173/353/183 435/352/453
f 173/353/183 175/354/185 435/352/453
f 441/349/460 440/348/459 445/355/464
f 439/356/458 445/355/464 440/348/459
f 439/356/458 446/351/465 445/355/464
f 172/353/182 446/351/465 439/356/458
f 170/354/180 172/353/182 439/356/458
f 447/315/466 448/314/467 449/316/468
f 447/315/466 450/317/469 448/314/467
f 450/317/469 451/322/470 448/314/467
f 450/317/469 452/323/471 451/322/470
f 450/317/469 453/320/472 452/323/471
f 450/317/469 454/319/473 453/320/472
f 453/320/472 454/319/473 455/318/474
f 453/320/472 455/318/474 456/321/475
f 455/318/474 450/317/469 447/315/466
f 455/318/474 454/319/473 450/317/469
f 457/357/476 458/358/477 459/359/478
f 457/357/476 459/359/478 414/360/431
f 460/361/479 457/357/476 414/360/431
f 460/361/479 414/360/431 413/362/480
f 461/363/481 460/361/479 413/362/480
f 461/363/481 413/362/480 462/364/482
f 463/365/483 461/363/481 462/364/482
f 463/365/483 462/364/482 464/366/484
f 465/364/485 463/365/483 464/366/484
f 465/364/485 466/363/486 463/365/483
f 467/362/487 466/363/486 465/364/485
f 467/362/487 468/361/488 466/363/486
f 469/360/489 468/361/488 467/362/487
f 469/360/489 470/357/490 468/361/488
f 471/359/491 470/357/490 469/360/489
f 471/359/491 472/358/492 470/357/490
f 422/367/439 415/368/493 417/369/434
f 422/367/439 412/370/429 415/368/493
f 422/367/439 473/371/494 412/370/429
f 474/370/495 473/371/494 422/367/439
f 474/370/495 422/367/439 475/368/496
f 475/368/496 422/367/439 423/369/440
f 469/326/489 467/325/497 474/324/495
f 469/326/489 474/324/495 475/327/496
f 476/328/498 469/326/489 475/327/496
f 423/329/440 476/328/498 475/327/496
f 423/329/440 426/330/443 476/328/498
f 477/372/499 478/373/500 479/374/501
f 477/372/499 480/375/502 478/373/500
f 481/376/503 478/373/500 480/375/502
f 481/376/503 482/377/504 478/373/500
f 483/373/505 484/372/506 485/374/507
f 483/373/505 486/375/508 484/372/506
f 483/373/505 487/376/509 486/375/508
f 483/373/505 488/377/510 487/376/509
f 489/378/511 490/379/512 491/380/513
f 489/378/511 492/381/514 490/379/512
f 490/379/512 492/381/514 493/382/515
f 490/379/512 493/382/515 494/383/516
f 495/384/517 490/379/512 494/383/516
f 491/385/513 490/379/512 495/384/517
f 491/385/513 495/384/517 496/386/518
f 489/378/511 497/387/519 492/381/514
f 492/381/514 497/387/519 498/378/520
f 499/379/521 492/381/514 498/378/520
f 500/388/522 492/381/514 499/379/521
f 500/388/522 493/382/515 492/381/514
f 501/378/523 493/382/515 500/388/522
f 501/378/523 502/387/524 493/382/515
f 493/382/515 502/387/524 503/378/525
f 494/383/516 493/382/515 503/378/525
f 499/379/521 498/378/520 504/380/526
f 494/383/516 503/378/525 505/380/527
f 506/389/528 494/383/516 505/380/527
f 506/389/528 507/390/529 494/383/516
f 495/384/517 494/383/516 507/390/529
f 496/386/518 495/384/517 507/390/529
f 496/386/518 507/390/529 506/389/528
f 501/378/523 500/388/522 508/391/530
f 508/391/530 500/388/522 509/392/531
f 508/391/530 509/392/531 510/393/532
f 509/392/531 511/386/533 510/393/532
f 509/392/531 512/394/534 511/386/533
f 512/394/534 504/385/526 511/386/533
f 512/394/534 499/379/521 504/385/526
f 509/392/531 500/388/522 499/379/521
f 509/392/531 499/379/521 512/394/534
f 513/379/535 514/378/536 515/380/537
f 513/379/535 516/381/538 514/378/536
f 517/387/539 514/378/536 516/381/538
f 517/387/539 516/381/538 518/378/540
f 518/378/540 516/381/538 519/379/541
f 518/378/540 519/379/541 520/380/542
f 521/382/543 516/381/538 513/379/535
f 516/381/538 521/382/543 522/388/544
f 516/381/538 522/388/544 519/379/541
f 519/379/541 522/388/544 523/392/545
f 519/379/541 523/392/545 524/394/546
f 520/385/542 519/379/541 524/394/546
f 520/385/542 524/394/546 525/386/547
f 521/382/543 513/379/535 526/383/548
f 527/378/549 521/382/543 526/383/548
f 528/387/550 521/382/543 527/378/549
f 528/387/550 529/378/551 521/382/543
f 522/388/544 521/382/543 529/378/551
f 522/388/544 529/378/551 530/391/552
f 523/392/545 522/388/544 530/391/552
f 526/383/548 513/379/535 531/384/553
f 526/383/548 531/384/553 532/390/554
f 526/383/548 532/390/554 533/389/555
f 526/383/548 533/389/555 534/380/556
f 527/378/549 526/383/548 534/380/556
f 531/384/553 513/379/535 515/385/537
f 531/384/553 515/385/537 535/386/557
f 532/390/554 531/384/553 535/386/557
f 532/390/554 535/386/557 533/389/555
f 523/392/545 530/391/552 536/393/558
f 525/386/547 523/392/545 536/393/558
f 525/386/547 524/394/546 523/392/545
f 537/395/559 538/396/560 539/397/561
f 537/395/559 540/398/562 538/396/560
f 538/396/560 540/398/562 541/399/563
f 538/396/560 541/399/563 542/400/564
f 540/398/562 537/395/559 543/401/565
f 540/398/562 543/401/565 544/402/566
f 540/398/562 544/402/566 541/399/563
f 545/403/567 541/399/563 544/402/566
f 545/403/567 544/402/566 546/404/568
f 547/405/569 546/404/568 544/402/566
f 547/405/569 544/402/566 543/401/565
f 538/406/560 548/407/570 539/408/561
f 538/406/560 549/409/571 548/407/570
f 549/409/571 547/410/569 548/407/570
f 549/409/571 546/411/568 547/410/569
f 545/412/567 546/411/568 549/409/571
f 545/412/567 549/409/571 550/413/572
f 538/406/560 550/413/572 549/409/571
f 538/406/560 542/414/564 550/413/572
f 551/396/573 552/395/574 553/397/575
f 551/396/573 554/398/576 552/395/574
f 555/401/577 552/395/574 554/398/576
f 555/401/577 554/398/576 556/402/578
f 556/402/578 557/405/579 555/401/577
f 556/402/578 558/404/580 557/405/579
f 556/402/578 559/403/581 558/404/580
f 556/402/578 560/399/582 559/403/581
f 560/399/582 554/398/576 551/396/573
f 556/402/578 554/398/576 560/399/582
f 560/399/582 551/396/573 561/400/583
f 562/407/584 551/406/573 553/408/575
f 562/407/584 563/409/585 551/406/573
f 564/413/586 551/406/573 563/409/585
f 564/413/586 561/414/583 551/406/573
f 557/410/579 563/409/585 562/407/584
f 557/410/579 558/411/580 563/409/585
f 563/409/585 558/411/580 559/412/581
f 563/409/585 559/412/581 564/413/586
f 565/415/587 566/416/588 567/417/589
f 565/415/587 567/417/589 568/418/590
f 569/419/591 565/415/587 568/418/590
f 569/419/591 568/418/590 570/420/592
f 571/419/593 569/419/591 570/420/592
f 571/419/593 570/420/592 572/421/594
f 573/422/595 572/421/594 570/420/592
f 573/422/595 574/423/596 572/421/594
f 575/424/597 568/418/590 567/417/589
f 575/424/597 570/420/592 568/418/590
f 575/424/597 573/422/595 570/420/592
f 573/422/595 575/424/597 576/425/598
f 577/426/599 573/422/595 576/425/598
f 577/426/599 574/423/596 573/422/595
f 575/424/597 567/417/589 578/427/600
f 575/424/597 578/427/600 579/428/601
f 575/424/597 579/428/601 576/425/598
f 577/426/599 576/425/598 579/429/601
f 577/426/599 579/429/601 580/430/602
f 580/430/602 579/429/601 578/431/600
f 580/430/602 578/431/600 581/432/603
f 581/432/603 578/431/600 567/433/604
f 581/432/603 567/433/604 582/434/605
f 566/435/588 582/434/605 567/433/604
f 566/435/588 583/436/606 582/434/605
f 584/437/607 585/438/608 586/439/609
f 584/437/607 587/440/610 585/438/608
f 587/440/610 588/441/611 585/438/608
f 587/440/610 589/442/612 588/441/611
f 590/443/613 591/444/614 592/445/615
f 590/443/613 592/445/615 593/446/616
f 594/447/617 590/443/613 593/446/616
f 594/447/617 593/446/616 595/448/618
f 596/449/619 595/448/618 593/446/616
f 596/449/619 593/446/616 592/450/615
f 597/451/620 596/449/619 592/450/615
f 598/452/621 596/449/619 597/451/620
f 598/452/621 599/453/622 596/449/619
f 597/451/620 592/450/615 600/454/623
f 601/450/624 597/451/620 600/454/623
f 601/450/624 602/449/625 597/451/620
f 602/449/625 598/452/621 597/451/620
f 602/449/625 603/453/626 598/452/621
f 604/446/627 602/449/625 601/450/624
f 604/446/627 605/448/628 602/449/625
f 604/446/627 606/447/629 605/448/628
f 604/446/627 607/443/630 606/447/629
f 601/445/624 607/443/630 604/446/627
f 601/445/624 608/444/631 607/443/630
f 583/416/632 609/455/633 610/456/634
f 583/416/632 610/456/634 582/417/605
f 610/456/634 581/427/603 582/417/605
f 610/456/634 611/457/635 581/427/603
f 612/458/636 581/427/603 611/457/635
f 612/458/636 580/459/637 581/427/603
f 577/460/638 580/459/637 612/458/636
f 613/461/639 614/462/640 615/463/641
f 613/461/639 615/463/641 616/464/642
f 617/465/643 616/464/642 615/463/641
f 617/465/643 615/463/641 618/466/644
f 618/466/644 619/467/645 617/465/643
f 620/468/646 571/469/593 572/470/594
f 620/468/646 572/470/594 621/471/647
f 574/472/596 621/471/647 572/470/594
f 574/472/596 622/473/648 621/471/647
f 623/474/649 622/473/648 574/472/596
f 623/474/649 574/472/596 577/460/638
f 623/474/649 577/460/638 612/475/636
f 623/474/649 612/475/636 624/476/650
f 624/476/650 612/475/636 611/477/651
f 624/476/650 611/477/651 625/478/652
f 625/478/652 611/477/651 610/479/653
f 625/478/652 610/479/653 626/480/654
f 609/481/633 626/480/654 610/479/653
f 609/481/633 627/482/655 626/480/654
f 626/480/654 627/482/655 628/481/656
f 626/480/654 628/481/656 629/479/657
f 629/479/657 630/478/658 626/480/654
f 629/479/657 631/477/659 630/478/658
f 631/477/659 632/476/660 630/478/658
f 631/477/659 633/475/661 632/476/660
f 633/475/661 634/474/662 632/476/660
f 633/475/661 635/483/663 634/474/662
f 636/472/664 634/474/662 635/483/663
f 636/472/664 637/473/665 634/474/662
f 638/471/666 637/473/665 636/472/664
f 638/471/666 636/472/664 639/470/667
f 639/470/667 640/468/668 638/471/666
f 639/470/667 641/469/669 640/468/668
f 642/417/670 643/416/671 644/415/672
f 642/417/670 644/415/672 645/418/673
f 642/417/670 645/418/673 646/424/674
f 642/417/670 646/424/674 647/427/675
f 647/427/675 646/424/674 648/428/676
f 648/428/676 646/424/674 649/425/677
f 645/418/673 644/415/672 650/419/678
f 645/418/673 650/419/678 651/420/679
f 651/420/679 646/424/674 645/418/673
f 651/420/679 652/422/680 646/424/674
f 646/424/674 652/422/680 649/425/677
f 652/422/680 635/483/663 649/425/677
f 648/429/681 649/425/677 635/483/663
f 648/429/681 635/483/663 653/430/682
f 647/431/683 648/429/681 653/430/682
f 651/420/679 650/419/678 641/419/669
f 651/420/679 641/419/669 639/421/667
f 639/421/667 652/422/680 651/420/679
f 639/421/667 636/423/664 652/422/680
f 652/422/680 636/423/664 635/483/663
f 647/431/683 653/430/682 654/432/684
f 642/433/670 647/431/683 654/432/684
f 642/433/670 654/432/684 655/434/685
f 655/434/685 643/435/671 642/433/670
f 655/434/685 656/436/686 643/435/671
f 657/484/687 658/485/688 659/486/689
f 657/484/687 659/486/689 660/487/690
f 657/484/687 660/487/690 661/488/691
f 657/484/687 661/488/691 662/489/692
f 663/490/693 662/489/692 661/488/691
f 663/490/693 661/488/691 664/491/694
f 665/492/695 663/490/693 664/491/694
f 665/492/695 664/491/694 666/493/696
f 667/491/697 665/492/695 666/493/696
f 667/491/697 668/490/698 665/492/695
f 669/488/699 668/490/698 667/491/697
f 669/488/699 670/489/700 668/490/698
f 669/488/699 671/484/701 670/489/700
f 669/488/699 672/487/702 671/484/701
f 673/486/703 671/484/701 672/487/702
f 673/486/703 674/485/704 671/484/701
f 675/494/705 589/495/612 587/496/610
f 675/494/705 587/496/610 676/497/706
f 677/496/707 675/494/705 676/497/706
f 677/496/707 678/495/708 675/494/705
f 676/497/706 587/496/610 584/498/607
f 676/497/706 584/498/607 679/499/709
f 680/498/710 676/497/706 679/499/709
f 680/498/710 677/496/707 676/497/706
f 585/496/608 588/495/611 681/494/711
f 585/496/608 681/494/711 682/497/712
f 586/498/713 585/496/608 682/497/712
f 586/498/713 682/497/712 683/499/714
f 682/497/712 684/498/715 683/499/714
f 682/497/712 685/496/716 684/498/715
f 681/494/711 685/496/716 682/497/712
f 681/494/711 686/495/717 685/496/716
f 685/438/716 680/437/710 684/439/715
f 685/438/716 677/440/707 680/437/710
f 686/441/717 677/440/707 685/438/716
f 686/441/717 678/442/708 677/440/707
f 675/500/705 588/501/611 589/502/612
f 675/500/705 681/503/711 588/501/611
f 686/501/717 681/503/711 675/500/705
f 686/501/717 675/500/705 678/502/708
f 586/504/713 679/505/709 584/506/607
f 586/504/713 683/507/714 679/505/709
f 679/505/709 683/507/714 684/504/715
f 679/505/709 684/504/715 680/506/710
f 687/508/718 688/509/719 689/510/720
f 687/508/718 689/510/720 690/511/721
f 689/510/720 691/508/722 690/511/721
f 689/510/720 692/509/723 691/508/722
f 629/456/657 628/455/656 656/416/686
f 629/456/657 656/416/686 655/417/724
f 654/427/725 629/456/657 655/417/724
f 654/427/725 631/457/726 629/456/657
f 654/427/725 633/458/661 631/457/726
f 654/427/725 653/459/727 633/458/661
f 653/459/727 635/483/663 633/458/661
f 693/463/728 694/462/729 695/461/730
f 693/463/728 695/461/730 696/464/731
f 693/463/728 696/464/731 697/465/732
f 693/463/728 697/465/732 698/466/733
f 699/467/734 698/466/733 697/465/732
f 700/512/735 701/513/736 702/514/737
f 700/512/735 702/514/737 703/515/738
f 701/516/736 704/517/739 705/518/740
f 701/516/736 705/518/740 702/519/737
f 706/520/741 701/516/736 700/521/735
f 706/520/741 704/522/739 701/516/736
f 705/523/740 704/522/739 706/520/741
f 705/523/740 706/520/741 707/524/742
f 702/514/737 705/523/740 707/524/742
f 702/514/737 707/524/742 703/525/738
f 707/524/742 700/526/735 703/525/738
f 707/524/742 706/517/741 700/526/735
f 614/527/743 708/528/744 615/529/641
f 615/529/641 708/528/744 176/530/745
f 615/529/641 176/530/745 178/531/188
f 615/529/641 178/531/188 618/532/644
f 178/531/188 619/467/645 618/532/644
f 178/531/188 177/533/187 619/467/645
f 177/533/187 709/534/746 619/467/645
f 710/528/747 694/527/748 693/529/728
f 180/530/190 710/528/747 693/529/728
f 181/531/749 180/530/190 693/529/728
f 181/531/749 693/529/728 698/532/733
f 699/467/734 181/531/749 698/532/733
f 699/467/734 179/533/189 181/531/749
f 699/467/734 711/534/750 179/533/189
f 712/535/751 713/536/752 714/537/753
f 712/535/751 714/537/753 715/538/754
f 716/536/755 715/538/754 714/537/753
f 716/536/755 717/535/756 715/538/754
f 716/536/755 717/535/756 715/538/754
f 716/536/755 715/538/754 714/537/753
f 712/535/751 714/537/753 715/538/754
f 712/535/751 713/536/752 714/537/753
f 718/539/757 719/540/758 184/541/759
f 719/540/758 718/539/757 720/542/760
f 719/540/758 720/542/760 721/543/761
f 721/543/761 720/542/760 722/544/762
f 721/543/761 722/544/762 723/545/763
f 723/545/763 722/544/762 724/546/764
f 723/545/763 724/546/764 725/547/765
f 718/539/757 184/541/759 183/548/193
f 188/549/198 718/539/757 183/548/193
f 188/549/198 726/550/766 718/539/757
f 720/542/760 718/539/757 726/550/766
f 720/542/760 726/550/766 727/551/767
f 728/552/768 720/542/760 727/551/767
f 728/552/768 722/544/762 720/542/760
f 724/546/764 722/544/762 728/552/768
f 724/546/764 728/552/768 729/553/769
f 730/554/770 724/546/764 729/553/769
f 725/547/765 724/546/764 730/554/770
f 731/539/771 732/550/772 197/549/207
f 732/550/772 731/539/771 733/542/773
f 732/550/772 733/542/773 734/551/774
f 733/542/773 735/552/775 734/551/774
f 733/542/773 736/544/776 735/552/775
f 735/552/775 736/544/776 737/546/777
f 735/552/775 737/546/777 738/553/778
f 731/539/771 197/549/207 196/548/779
f 205/541/215 731/539/771 196/548/779
f 205/541/215 739/540/780 731/539/771
f 733/542/773 731/539/771 739/540/780
f 733/542/773 739/540/780 740/543/781
f 736/544/776 733/542/773 740/543/781
f 736/544/776 740/543/781 741/545/782
f 737/546/777 736/544/776 741/545/782
f 737/546/777 741/545/782 742/547/783
f 737/546/777 742/547/783 743/554/784
f 737/546/777 743/554/784 738/553/778
f 744/555/785 745/556/786 746/557/787
f 744/555/785 747/558/788 745/556/786
f 745/556/786 747/558/788 748/558/789
f 745/556/786 748/558/789 749/556/790
f 749/556/790 748/558/789 750/559/791
f 749/556/790 750/559/791 751/557/792
f 750/559/791 746/557/787 751/557/792
f 750/559/791 744/555/785 746/557/787
f 747/558/788 744/555/785 750/559/791
f 747/558/788 750/559/791 748/558/789
f 752/559/793 753/556/794 754/557/795
f 752/559/793 755/558/796 753/556/794
f 755/558/796 756/556/797 753/556/794
f 755/558/796 757/560/798 756/556/797
f 756/556/797 757/560/798 758/559/799
f 756/556/797 758/559/799 759/557/800
f 759/557/800 752/559/793 754/557/795
f 759/557/800 758/559/799 752/559/793
f 758/559/799 755/558/796 752/559/793
f 758/559/799 757/560/798 755/558/796
f 760/561/801 761/562/802 762/563/803
f 763/564/804 762/563/803 761/562/802
f 764/565/805 762/563/803 763/564/804
f 760/561/801 762/563/803 764/565/805
f 765/566/806 760/561/801 764/565/805
f 765/566/806 766/561/807 760/561/801
f 767/562/808 766/561/807 765/566/806
f 767/562/808 765/566/806 763/564/804
f 763/564/804 761/562/802 767/562/808
f 764/565/805 763/564/804 765/566/806
f 768/567/809 769/568/810 770/569/811
f 768/567/809 771/570/812 769/568/810
f 769/568/810 771/570/812 772/571/813
f 769/568/810 772/571/813 773/572/814
f 773/572/814 772/571/813 774/573/815
f 773/572/814 774/573/815 775/574/816
f 770/569/811 775/574/816 774/573/815
f 770/569/811 774/573/815 768/567/809
f 774/573/815 771/570/812 768/567/809
f 774/573/815 772/571/813 771/570/812
f 776/559/817 777/556/818 778/557/819
f 776/559/817 779/558/820 777/556/818
f 779/558/820 780/556/821 777/556/818
f 779/558/820 781/558/822 780/556/821
f 780/556/821 781/558/822 782/555/823
f 780/556/821 782/555/823 783/557/824
f 783/557/824 776/559/817 778/557/819
f 783/557/824 782/555/823 776/559/817
f 776/559/817 782/555/823 781/558/822
f 776/559/817 781/558/822 779/558/820
f 784/559/825 785/556/826 786/557/827
f 784/559/825 787/560/828 785/556/826
f 785/556/826 787/560/828 788/558/829
f 785/556/826 788/558/829 789/556/830
f 789/556/830 788/558/829 790/559/831
f 789/556/830 790/559/831 791/557/832
f 790/559/831 786/557/827 791/557/832
f 790/559/831 784/559/825 786/557/827
f 788/558/829 784/559/825 790/559/831
f 788/558/829 787/560/828 784/559/825
f 792/562/833 793/564/834 794/562/835
f 792/562/833 795/563/836 793/564/834
f 793/564/834 795/563/836 796/565/837
f 793/564/834 796/565/837 797/566/838
f 797/566/838 794/562/835 793/564/834
f 797/566/838 798/561/839 794/562/835
f 799/561/840 798/561/839 797/566/838
f 795/563/836 792/562/833 799/561/840
f 795/563/836 799/561/840 796/565/837
f 799/561/840 797/566/838 796/565/837
f 800/573/841 801/572/842 802/574/843
f 800/573/841 803/571/844 801/572/842
f 803/571/844 804/568/845 801/572/842
f 803/571/844 805/570/846 804/568/845
f 804/568/845 805/570/846 806/567/847
f 804/568/845 806/567/847 807/569/848
f 800/573/841 802/574/843 807/569/848
f 800/573/841 807/569/848 806/567/847
f 805/570/846 800/573/841 806/567/847
f 805/570/846 803/571/844 800/573/841
f 808/575/849 809/576/850 810/577/851
f 811/578/852 809/576/850 808/575/849
f 811/578/852 812/579/853 809/576/850
f 813/580/854 812/579/853 811/578/852
f 813/580/854 811/578/852 814/581/855
f 813/580/854 814/581/855 815/582/856
f 813/580/854 815/582/856 810/577/851
f 808/575/849 810/577/851 815/582/856
f 816/583/857 817/584/858 818/584/859
f 817/584/858 816/583/857 819/585/860
f 817/584/858 819/585/860 820/586/861
f 821/587/862 820/586/861 819/585/860
f 821/587/862 822/588/863 820/586/861
f 823/586/864 822/588/863 821/587/862
f 816/583/857 818/584/859 824/583/865
f 824/583/865 818/584/859 823/586/864
f 824/583/865 823/586/864 825/585/866
f 823/586/864 821/587/862 825/585/866
f 826/577/867 827/576/868 828/575/869
f 827/576/868 829/578/870 828/575/869
f 827/576/868 830/579/871 829/578/870
f 829/578/870 830/579/871 831/580/872
f 829/578/870 831/580/872 832/581/873
f 833/582/874 832/581/873 831/580/872
f 833/582/874 831/580/872 826/577/867
f 826/577/867 828/575/869 833/582/874
f 834/586/875 835/583/876 836/585/877
f 834/586/875 837/584/878 835/583/876
f 837/584/878 838/583/879 835/583/876
f 837/584/878 839/584/880 838/583/879
f 840/585/881 838/583/879 839/584/880
f 840/585/881 839/584/880 841/586/882
f 841/586/882 842/587/883 840/585/881
f 842/587/883 834/586/875 836/585/877
f 842/587/883 843/588/884 834/586/875
f 841/586/882 843/588/884 842/587/883
f 844/589/885 845/590/886 846/591/887
f 847/592/888 846/591/887 845/590/886
f 847/592/888 848/593/889 846/591/887
f 844/589/885 846/591/887 848/593/889
f 844/589/885 848/593/889 849/594/890
f 844/589/885 849/594/890 850/595/891
f 850/595/891 849/594/890 851/596/892
f 850/595/891 851/596/892 852/597/893
f 851/596/892 853/595/894 852/597/893
f 847/592/888 845/590/886 854/598/895
f 855/599/896 847/592/888 854/598/895
f 855/599/896 849/594/890 847/592/888
f 847/592/888 849/594/890 848/593/889
f 855/599/896 854/598/895 856/600/897
f 857/598/898 855/599/896 856/600/897
f 857/598/898 858/592/899 855/599/896
f 859/594/900 855/599/896 858/592/899
f 859/594/900 851/596/892 855/599/896
f 855/599/896 851/596/892 849/594/890
f 860/590/901 858/592/899 857/598/898
f 860/590/901 861/591/902 858/592/899
f 862/593/903 858/592/899 861/591/902
f 862/593/903 859/594/900 858/592/899
f 859/594/900 862/593/903 863/589/904
f 859/594/900 863/589/904 853/595/894
f 851/596/892 859/594/900 853/595/894
f 861/591/902 860/590/901 863/589/904
f 861/591/902 863/589/904 862/593/903
f 864/601/905 488/602/510 483/603/906
f 864/601/905 865/604/907 488/602/510
f 488/602/510 865/604/907 866/605/908
f 488/602/510 866/605/908 487/606/509
f 866/605/908 486/607/508 487/606/509
f 867/608/909 864/601/905 483/603/906
f 478/603/910 864/601/905 867/608/909
f 482/602/504 864/601/905 478/603/910
f 482/602/504 865/604/907 864/601/905
f 866/605/908 865/604/907 482/602/504
f 866/605/908 482/602/504 481/606/503
f 480/607/502 866/605/908 481/606/503
f 480/607/502 868/609/911 866/605/908
f 866/605/908 868/609/911 486/607/508
f 867/608/909 483/603/906 485/610/507
f 484/611/912 867/608/909 485/610/507
f 484/611/912 869/612/913 867/608/909
f 867/608/909 869/612/913 477/611/914
f 867/608/909 477/611/914 479/610/501
f 478/603/910 867/608/909 479/610/501
f 486/607/508 869/612/913 484/611/912
f 486/607/508 868/609/911 869/612/913
f 869/612/913 868/609/911 480/607/502
f 869/612/913 480/607/502 477/611/914
f 870/613/915 871/614/916 872/615/917
f 870/613/915 873/616/918 871/614/916
f 874/617/919 871/614/916 873/616/918
f 874/617/919 873/616/918 875/618/920
f 875/618/920 876/617/921 874/617/919
f 875/618/920 877/619/922 876/617/921
f 877/619/922 878/614/923 876/617/921
f 879/620/924 870/613/915 872/615/917
f 870/613/915 879/620/924 880/621/925
f 870/613/915 880/621/925 881/622/926
f 882/621/927 870/613/915 881/622/926
f 882/621/927 873/616/918 870/613/915
f 883/623/928 873/616/918 882/621/927
f 883/623/928 875/618/920 873/616/918
f 877/619/922 875/618/920 883/623/928
f 879/620/924 872/615/917 878/614/923
f 877/619/922 879/620/924 878/614/923
f 879/620/924 877/619/922 884/624/929
f 879/620/924 884/624/929 880/621/925
f 880/621/925 884/624/929 885/625/930
f 880/621/925 885/625/930 886/626/931
f 886/626/931 881/622/926 880/621/925
f 886/626/931 887/627/932 881/622/926
f 887/627/932 882/621/927 881/622/926
f 887/627/932 888/626/933 882/621/927
f 888/626/933 883/623/928 882/621/927
f 877/619/922 883/623/928 884/624/929
f 883/623/928 889/625/934 884/624/929
f 889/625/934 885/625/930 884/624/929
f 889/625/934 890/624/935 885/625/930
f 885/625/930 890/624/935 891/621/936
f 885/625/930 891/621/936 886/626/931
f 892/622/937 886/626/931 891/621/936
f 892/622/937 887/627/932 886/626/931
f 893/621/938 887/627/932 892/622/937
f 893/621/938 888/626/933 887/627/932
f 888/626/933 889/625/934 883/623/928
f 894/623/939 889/625/934 888/626/933
f 889/625/934 894/623/939 890/624/935
f 894/623/939 895/619/940 890/624/935
f 890/624/935 895/619/940 896/620/941
f 890/624/935 896/620/941 891/621/936
f 891/621/936 896/620/941 897/613/942
f 891/621/936 897/613/942 892/622/937
f 897/613/942 893/621/938 892/622/937
f 897/613/942 898/616/943 893/621/938
f 898/616/943 894/623/939 893/621/938
f 894/623/939 888/626/933 893/621/938
f 898/616/943 899/618/944 894/623/939
f 898/616/943 900/617/945 899/618/944
f 901/617/946 899/618/944 900/617/945
f 901/617/946 895/619/940 899/618/944
f 894/623/939 899/618/944 895/619/940
f 898/616/943 902/614/947 900/617/945
f 902/614/947 898/616/943 897/613/942
f 902/614/947 897/613/942 903/615/948
f 903/615/948 897/613/942 896/620/941
f 903/615/948 896/620/941 904/614/949
f 904/614/949 896/620/941 895/619/940
f 904/614/949 895/619/940 901/617/946
f 905/628/950 179/629/189 711/630/951
f 906/631/952 179/629/189 905/628/950
f 906/631/952 180/170/190 179/629/189
f 906/631/952 710/632/953 180/170/190
f 906/631/952 907/633/954 710/632/953
f 907/633/954 694/462/729 710/632/953
f 907/633/954 908/634/955 694/462/729
f 905/628/950 711/630/951 909/635/956
f 709/630/746 905/628/950 909/635/956
f 709/630/746 177/629/957 905/628/950
f 177/629/957 906/631/952 905/628/950
f 177/629/957 176/170/186 906/631/952
f 708/632/958 906/631/952 176/170/186
f 708/632/958 907/633/954 906/631/952
f 614/462/640 907/633/954 708/632/958
f 614/462/640 908/634/955 907/633/954
f 910/636/959 911/637/960 912/637/961
f 910/636/959 913/638/962 911/637/960
f 914/639/963 911/637/960 913/638/962
f 914/639/963 915/640/964 911/637/960
f 914/639/963 916/640/965 915/640/964
f 914/639/963 917/639/966 916/640/965
f 912/637/961 916/640/965 917/639/966
f 912/637/961 917/639/966 910/636/959
f 910/636/959 917/639/966 918/641/967
f 910/636/959 918/641/967 919/642/968
f 910/636/959 919/642/968 920/643/969
f 921/643/970 910/636/959 920/643/969
f 921/643/970 913/638/962 910/636/959
f 922/641/971 913/638/962 921/643/970
f 922/641/971 914/639/963 913/638/962
f 918/641/967 923/642/972 919/642/968
f 918/641/967 922/641/971 923/642/972
f 922/641/971 921/643/970 923/642/972
f 924/637/973 925/636/974 926/637/975
f 924/637/973 927/638/976 925/636/974
f 925/636/974 927/638/976 928/643/977
f 925/636/974 928/643/977 929/643/978
f 930/642/979 925/636/974 929/643/978
f 930/642/979 931/641/980 925/636/974
f 932/639/981 925/636/974 931/641/980
f 932/639/981 926/637/975 925/636/974
f 932/639/981 933/640/982 926/637/975
f 924/637/973 934/639/983 927/638/976
f 934/639/983 935/641/984 927/638/976
f 928/643/977 927/638/976 935/641/984
f 928/643/977 935/641/984 936/642/985
f 936/642/985 935/641/984 931/641/980
f 936/642/985 931/641/980 930/642/979
f 924/637/973 937/640/986 934/639/983
f 932/639/981 934/639/983 937/640/986
f 932/639/981 937/640/986 933/640/982
f 938/644/987 939/645/988 940/645/989
f 938/644/987 941/646/990 939/645/988
f 941/646/990 942/647/991 939/645/988
f 942/647/991 940/645/989 939/645/988
f 942/647/991 943/647/992 940/645/989
f 944/648/993 940/645/989 943/647/992
f 944/648/993 938/644/987 940/645/989
f 938/644/987 944/648/993 945/649/994
f 938/644/987 945/649/994 941/646/990
f 941/646/990 945/649/994 942/647/991
f 943/647/992 942/647/991 945/649/994
f 943/647/992 945/649/994 944/648/993
f 946/650/995 947/651/996 948/652/997
f 949/653/998 947/651/996 946/650/995
f 950/654/999 947/651/996 949/653/998
f 950/654/999 948/652/997 947/651/996
f 951/655/1000 948/652/997 950/654/999
f 946/650/995 948/652/997 951/655/1000
f 946/650/995 951/655/1000 952/656/1001
f 946/650/995 952/656/1001 953/657/1002
f 946/650/995 953/657/1002 954/658/1003
f 946/650/995 954/658/1003 955/659/1004
f 949/653/998 946/650/995 955/659/1004
f 956/660/1005 949/653/998 955/659/1004
f 956/660/1005 950/654/999 949/653/998
f 951/655/1000 950/654/999 956/660/1005
f 957/661/1006 951/655/1000 956/660/1005
f 957/661/1006 952/656/1001 951/655/1000
f 958/662/1007 952/656/1001 957/661/1006
f 952/656/1001 958/662/1007 959/663/1008
f 952/656/1001 959/663/1008 953/657/1002
f 954/658/1003 953/657/1002 959/663/1008
f 954/658/1003 959/663/1008 960/664/1009
f 954/658/1003 960/664/1009 961/665/1010
f 954/658/1003 961/665/1010 957/661/1006
f 957/661/1006 955/659/1004 954/658/1003
f 957/661/1006 956/660/1005 955/659/1004
f 958/662/1007 957/661/1006 961/665/1010
f 960/664/1009 958/662/1007 961/665/1010
f 960/664/1009 959/663/1008 958/662/1007
f 962/645/1011 963/646/1012 964/644/1013
f 965/647/1014 963/646/1012 962/645/1011
f 965/647/1014 966/649/1015 963/646/1012
f 966/649/1015 964/644/1013 963/646/1012
f 966/649/1015 967/648/1016 964/644/1013
f 968/645/1017 964/644/1013 967/648/1016
f 962/645/1011 964/644/1013 968/645/1017
f 968/645/1017 965/647/1014 962/645/1011
f 968/645/1017 969/647/1018 965/647/1014
f 966/649/1015 965/647/1014 969/647/1018
f 966/649/1015 969/647/1018 967/648/1016
f 968/645/1017 967/648/1016 969/647/1018
f 970/659/1019 971/660/1020 972/661/1021
f 973/653/1022 971/660/1020 970/659/1019
f 973/653/1022 974/654/1023 971/660/1020
f 974/654/1023 975/655/1024 971/660/1020
f 975/655/1024 972/661/1021 971/660/1020
f 970/659/1019 972/661/1021 976/658/1025
f 976/658/1025 977/650/1026 970/659/1019
f 977/650/1026 973/653/1022 970/659/1019
f 977/650/1026 978/651/1027 973/653/1022
f 978/651/1027 974/654/1023 973/653/1022
f 978/651/1027 979/652/1028 974/654/1023
f 974/654/1023 979/652/1028 975/655/1024
f 979/652/1028 977/650/1026 975/655/1024
f 980/656/1029 975/655/1024 977/650/1026
f 975/655/1024 980/656/1029 972/661/1021
f 981/665/1030 976/658/1025 972/661/1021
f 981/665/1030 982/664/1031 976/658/1025
f 983/663/1032 976/658/1025 982/664/1031
f 983/663/1032 984/657/1033 976/658/1025
f 976/658/1025 984/657/1033 977/650/1026
f 980/656/1029 977/650/1026 984/657/1033
f 983/663/1032 980/656/1029 984/657/1033
f 983/663/1032 985/662/1034 980/656/1029
f 972/661/1021 980/656/1029 985/662/1034
f 972/661/1021 985/662/1034 981/665/1030
f 985/662/1034 982/664/1031 981/665/1030
f 985/662/1034 983/663/1032 982/664/1031
f 979/652/1028 978/651/1027 977/650/1026

g Unknown2
usemtl Unknown2
f 986/666/1035 987/667/1036 988/668/1037
f 989/669/1038 988/668/1037 987/667/1036
f 990/670/1039 988/668/1037 989/669/1038
f 991/671/1040 988/668/1037 990/670/1039
f 991/671/1040 986/672/1041 988/668/1037
f 986/672/1041 991/671/1040 992/673/1042
f 986/672/1041 992/673/1042 993/674/1043
f 989/669/1038 987/667/1036 994/675/1044
f 995/676/1045 989/669/1038 994/675/1044
f 995/676/1045 996/677/1046 989/669/1038
f 996/677/1046 997/678/1047 989/669/1038
f 990/670/1039 989/669/1038 997/678/1047
f 998/679/1048 990/670/1039 997/678/1047
f 992/673/1042 990/670/1039 998/679/1048
f 992/673/1042 991/671/1040 990/670/1039
f 995/676/1045 999/680/1049 996/677/1046
f 993/674/1043 992/673/1042 998/679/1048
f 993/674/1043 998/679/1048 1000/681/1050
f 1000/681/1050 998/679/1048 1001/682/1051
f 1000/681/1050 1001/682/1051 1002/683/1052
f 1001/682/1051 1003/684/1053 1002/683/1052
f 1001/682/1051 1004/685/1054 1003/684/1053
f 1004/685/1054 1005/686/1055 1003/684/1053
f 1004/685/1054 1006/687/1056 1005/686/1055
f 1006/687/1056 999/688/1057 1005/686/1055
f 998/679/1048 997/678/1047 1001/682/1051
f 997/678/1047 1004/685/1054 1001/682/1051
f 997/678/1047 1007/689/1058 1004/685/1054
f 1007/689/1058 1006/687/1056 1004/685/1054
f 1007/689/1058 1008/690/1059 1006/687/1056
f 1006/687/1056 1008/690/1059 999/688/1057
f 996/677/1046 999/688/1057 1008/690/1059
f 996/677/1046 1008/690/1059 1007/689/1058
f 996/677/1046 1007/689/1058 997/678/1047
f 1009/691/1060 1010/692/1061 1011/693/1062
f 1009/691/1060 1012/694/1063 1010/692/1061
f 1012/694/1063 1009/691/1060 1013/695/1064
f 1012/694/1063 1013/695/1064 1014/696/1065
f 1015/697/1066 1016/698/1067 1017/699/1068
f 1015/697/1066 1018/700/1069 1016/698/1067
f 1019/701/1070 1016/698/1067 1018/700/1069
f 1020/702/1071 1019/701/1070 1018/700/1069
f 1019/701/1070 1020/702/1071 1021/703/1072
f 1022/704/1073 1018/700/1069 1015/697/1066
f 1022/704/1073 1023/705/1074 1018/700/1069
f 1020/702/1071 1018/700/1069 1023/705/1074
f 1020/702/1071 1023/705/1074 1022/704/1073
f 1020/702/1071 1022/704/1073 1024/706/1075
f 1025/707/1076 1020/702/1071 1024/706/1075
f 1021/703/1072 1020/702/1071 1025/707/1076
f 1021/703/1072 1025/707/1076 1026/708/1077
f 1027/709/1078 1021/703/1072 1026/708/1077
f 1027/709/1078 1028/710/1079 1021/703/1072
f 1028/710/1079 1019/711/1070 1021/703/1072
f 1029/712/1080 1019/711/1070 1028/710/1079
f 1029/712/1080 1016/713/1067 1019/711/1070
f 1016/713/1067 1029/712/1080 1030/714/1081
f 1016/713/1067 1030/714/1081 1017/715/1068
f 1029/712/1080 1028/710/1079 1031/716/1082
f 1029/712/1080 1031/716/1082 1032/717/1083
f 1029/712/1080 1032/717/1083 1030/714/1081
f 1032/717/1083 1031/716/1082 1028/710/1079
f 1032/717/1083 1028/710/1079 1033/718/1084
f 1033/718/1084 1028/710/1079 1027/709/1078
f 1033/718/1084 1027/709/1078 1034/719/1085
f 1034/719/1085 1027/709/1078 1035/720/1086
f 1034/719/1085 1035/720/1086 1036/721/1087
f 1036/721/1087 1035/720/1086 1037/722/1088
f 1036/721/1087 1037/722/1088 1038/723/1089
f 1038/723/1089 1037/722/1088 1039/724/1090
f 1038/723/1089 1039/724/1090 1040/725/1091
f 1027/709/1078 1041/726/1092 1035/720/1086
f 1037/722/1088 1035/720/1086 1041/726/1092
f 1037/722/1088 1041/726/1092 1042/727/1093
f 1039/724/1090 1037/722/1088 1042/727/1093
f 1039/724/1090 1042/727/1093 1043/728/1094
f 1044/729/1095 1039/724/1090 1043/728/1094
f 1040/725/1091 1039/724/1090 1044/729/1095
f 1040/725/1091 1044/729/1095 1045/730/1096
f 1044/729/1095 1046/731/1097 1045/730/1096
f 1044/729/1095 1047/732/1098 1046/731/1097
f 1027/709/1078 1026/708/1077 1041/726/1092
f 1026/708/1077 1048/733/1099 1041/726/1092
f 1041/726/1092 1048/733/1099 1049/734/1100
f 1041/726/1092 1049/734/1100 1042/727/1093
f 1042/727/1093 1049/734/1100 1050/735/1101
f 1042/727/1093 1050/735/1101 1043/728/1094
f 1043/728/1094 1050/735/1101 1051/736/1102
f 1043/728/1094 1051/736/1102 1052/737/1103
f 1044/729/1095 1043/728/1094 1052/737/1103
f 1026/708/1077 1025/707/1076 1048/733/1099
f 1048/733/1099 1025/707/1076 1053/738/1104
f 1048/733/1099 1053/738/1104 1054/739/1105
f 1049/734/1100 1048/733/1099 1054/739/1105
f 1049/734/1100 1054/739/1105 1055/740/1106
f 1050/735/1101 1049/734/1100 1055/740/1106
f 1050/735/1101 1055/740/1106 1056/741/1107
f 1051/736/1102 1050/735/1101 1056/741/1107
f 1051/736/1102 1056/741/1107 1057/742/1108
f 1058/743/1109 1051/736/1102 1057/742/1108
f 1058/743/1109 1059/744/1110 1051/736/1102
f 1025/707/1076 1024/706/1075 1053/738/1104
f 1060/745/1111 1061/746/1112 1062/747/1113
f 1062/747/1113 1061/746/1112 1063/748/1114
f 1062/747/1113 1063/748/1114 1064/749/1115
f 1065/750/1116 1062/747/1113 1064/749/1115
f 1066/751/1117 1065/750/1116 1064/749/1115
f 1066/751/1117 1067/752/1118 1065/750/1116
f 1066/751/1117 1068/753/1119 1067/752/1118
f 1069/754/1120 1068/753/1119 1066/751/1117
f 1069/754/1120 1070/755/1121 1068/753/1119
f 1071/756/1122 1068/753/1119 1070/755/1121
f 1071/756/1122 1067/757/1118 1068/753/1119
f 1069/754/1120 1066/751/1117 1072/758/1123
f 1073/759/1124 1069/754/1120 1072/758/1123
f 1073/759/1124 1074/760/1125 1069/754/1120
f 1074/760/1125 1075/761/1126 1069/754/1120
f 1069/754/1120 1075/761/1126 1070/755/1121
f 1075/761/1126 1076/762/1127 1070/755/1121
f 1076/762/1127 1077/763/1128 1070/755/1121
f 1076/762/1127 1078/764/1129 1077/763/1128
f 1072/758/1123 1066/751/1117 1064/765/1130
f 1072/758/1123 1064/765/1130 1063/766/1114
f 1079/767/1131 1072/758/1123 1063/766/1114
f 1079/767/1131 1073/759/1124 1072/758/1123
f 1080/768/1132 1079/767/1131 1063/766/1114
f 1080/768/1132 1063/766/1114 1061/769/1112
f 1060/745/1111 1080/768/1132 1061/769/1112
f 1060/745/1111 1081/770/1133 1080/768/1132
f 1081/770/1133 1082/771/1134 1080/768/1132
f 1081/770/1133 1083/772/1135 1082/771/1134
f 1081/770/1133 1084/773/1136 1083/772/1135
f 1074/760/1125 1083/772/1135 1084/773/1136
f 1080/774/1137 1083/772/1135 1074/760/1125
f 1080/774/1137 1082/775/1134 1083/772/1135
f 1074/760/1125 1084/773/1136 1075/761/1126
f 1085/776/1138 1075/761/1126 1084/773/1136
f 1085/776/1138 1086/777/1139 1075/761/1126
f 1075/761/1126 1086/777/1139 1076/762/1127
f 1086/777/1139 1078/764/1129 1076/762/1127
f 1086/777/1139 1087/778/1140 1078/764/1129
f 1087/778/1140 1086/777/1139 1088/779/1141
f 1086/777/1139 1089/780/1142 1088/779/1141
f 1089/780/1142 1085/776/1138 1084/773/1136
f 1086/777/1139 1085/776/1138 1089/780/1142
f 1089/780/1142 1084/773/1136 1081/781/1133
f 1073/759/1124 1080/774/1137 1074/760/1125
f 1073/759/1124 1079/782/1143 1080/774/1137
f 1090/783/1144 1088/784/1141 1089/785/1142
f 1090/783/1144 1089/785/1142 1081/770/1133
f 1091/786/1145 1092/787/1146 1093/788/1147
f 1091/786/1145 1093/788/1147 1094/789/1148
f 1095/790/1149 1096/791/1150 1097/792/1151
f 1095/790/1149 1097/792/1151 1098/793/1152
f 1099/794/1153 1100/795/1154 1101/796/1155
f 1099/794/1153 1101/796/1155 1102/797/1156
f 1103/798/1157 1099/794/1153 1102/797/1156
f 1103/798/1157 1104/799/1158 1099/794/1153
f 1105/800/1159 1104/799/1158 1103/798/1157
f 1105/800/1159 1103/798/1157 1106/801/1160
f 1105/800/1159 1106/801/1160 1107/802/1161
f 1105/800/1159 1107/802/1161 1108/803/1162
f 1103/798/1157 1102/797/1156 1109/804/1163
f 1110/805/1164 1103/798/1157 1109/804/1163
f 1110/805/1164 1106/801/1160 1103/798/1157
f 1110/805/1164 1111/806/1165 1106/801/1160
f 1107/802/1161 1106/801/1160 1111/806/1165
f 1112/807/1166 1107/802/1161 1111/806/1165
f 1112/807/1166 1111/806/1165 1113/808/1167
f 1112/807/1166 1113/808/1167 1114/809/1168
f 1112/807/1166 1114/809/1168 1115/810/1169
f 1110/805/1164 1109/804/1163 1116/811/1170
f 1110/805/1164 1116/811/1170 1117/812/1171
f 1111/806/1165 1110/805/1164 1117/812/1171
f 1111/806/1165 1117/812/1171 1113/813/1172
f 1117/814/1171 1114/809/1168 1113/808/1167
f 1117/814/1171 1118/815/1173 1114/809/1168
f 1119/816/1174 1114/809/1168 1118/815/1173
f 1115/810/1169 1114/809/1168 1119/816/1174
f 1115/810/1169 1119/816/1174 1120/817/1175
f 1115/810/1169 1120/817/1175 1121/818/1176
f 1116/811/1170 1118/815/1173 1117/814/1171
f 1122/819/1177 1118/815/1173 1116/811/1170
f 1122/819/1177 1123/820/1178 1118/815/1173
f 1119/816/1174 1118/815/1173 1123/820/1178
f 1123/820/1178 1120/817/1175 1119/816/1174
f 1123/820/1178 1124/821/1179 1120/817/1175
f 1125/822/1180 1124/821/1179 1123/820/1178
f 1125/822/1180 1123/820/1178 1122/819/1177
f 1125/822/1180 1122/819/1177 1126/823/1181
f 1127/824/1182 1125/822/1180 1126/823/1181
f 1127/824/1182 1126/823/1181 1128/825/1183
f 1129/826/1184 1130/827/1185 1131/828/1186
f 1129/826/1184 1131/828/1186 1132/829/1187
f 1091/830/1145 1094/831/1148 1133/832/1188
f 1091/830/1145 1133/832/1188 1134/833/1189
f 1133/832/1188 1135/834/1190 1134/833/1189
f 1133/832/1188 1136/835/1191 1135/834/1190
f 1137/836/1192 1138/837/1193 1135/838/1190
f 1137/836/1192 1135/838/1190 1136/839/1191
f 1093/840/1147 1092/841/1146 1139/833/1194
f 1093/840/1147 1139/833/1194 1140/832/1195
f 1139/833/1194 1137/842/1192 1140/832/1195
f 1139/833/1194 1138/843/1193 1137/842/1192
f 1141/844/1196 1095/790/1149 1142/845/1197
f 1141/844/1196 1142/845/1197 1143/846/1198
f 1142/845/1197 1144/847/1199 1143/846/1198
f 1142/845/1197 1145/848/1200 1144/847/1199
f 1098/849/1201 1146/844/1202 1147/846/1203
f 1098/849/1201 1147/846/1203 1148/845/1204
f 1147/846/1203 1149/850/1205 1148/845/1204
f 1147/846/1203 1150/847/1206 1149/850/1205
f 1151/851/1207 1152/852/1208 1145/848/1200
f 1151/851/1207 1145/848/1200 1149/853/1209
f 1095/790/1149 1141/854/1210 1096/855/1150
f 1092/856/1211 1096/855/1150 1141/854/1210
f 1091/857/1212 1096/855/1150 1092/856/1211
f 1091/857/1212 1097/858/1151 1096/855/1150
f 1097/858/1151 1091/857/1212 1146/859/1202
f 1098/849/1201 1097/858/1151 1146/859/1202
f 1143/860/1198 1092/856/1211 1141/854/1210
f 1143/860/1198 1139/861/1194 1092/856/1211
f 1138/862/1193 1139/861/1194 1143/860/1198
f 1138/862/1193 1143/860/1198 1144/863/1213
f 1152/864/1208 1138/862/1193 1144/863/1213
f 1152/864/1208 1135/865/1190 1138/862/1193
f 1152/864/1208 1151/866/1214 1135/865/1190
f 1135/865/1190 1151/866/1214 1150/867/1215
f 1147/868/1203 1135/865/1190 1150/867/1215
f 1147/868/1203 1134/869/1189 1135/865/1190
f 1091/857/1212 1134/869/1189 1147/868/1203
f 1144/863/1213 1145/848/1200 1152/864/1208
f 1091/857/1212 1147/868/1203 1146/859/1202
f 1151/866/1214 1149/850/1205 1150/867/1215
f 1153/870/1216 1154/871/1217 1155/872/1218
f 1153/870/1216 1155/872/1218 1156/873/1219
f 1156/873/1219 1157/874/1220 1153/870/1216
f 1158/875/1221 1153/870/1216 1157/874/1220
f 1154/876/1217 1153/870/1216 1158/875/1221
f 1154/876/1217 1158/875/1221 1159/877/1222
f 1159/877/1222 1158/875/1221 1160/878/1223
f 1161/879/1224 1159/877/1222 1160/878/1223
f 1156/873/1219 1162/880/1225 1157/874/1220
f 1162/880/1225 1163/881/1226 1157/874/1220
f 1157/874/1220 1163/881/1226 1164/882/1227
f 1157/874/1220 1164/882/1227 1165/883/1228
f 1158/875/1221 1157/874/1220 1165/883/1228
f 1160/884/1229 1158/875/1221 1165/883/1228
f 1160/884/1229 1165/883/1228 1166/885/1230
f 1167/886/1231 1162/880/1225 1156/873/1219
f 1167/886/1231 1168/887/1232 1162/880/1225
f 1169/888/1233 1162/880/1225 1168/887/1232
f 1162/880/1225 1169/888/1233 1163/881/1226
f 1169/888/1233 1170/889/1234 1163/881/1226
f 1170/889/1234 1171/890/1235 1163/881/1226
f 1171/890/1235 1164/882/1227 1163/881/1226
f 1171/890/1235 1172/891/1236 1164/882/1227
f 1156/873/1219 1173/892/1237 1167/886/1231
f 1173/892/1237 1168/887/1232 1167/886/1231
f 1173/892/1237 1174/893/1238 1168/887/1232
f 1168/887/1232 1174/893/1238 1130/894/1185
f 1129/895/1184 1168/887/1232 1130/894/1185
f 1129/895/1184 1175/896/1239 1168/887/1232
f 1169/888/1233 1168/887/1232 1175/896/1239
f 1156/873/1219 1176/897/1240 1173/892/1237
f 1170/889/1234 1177/898/1241 1171/890/1235
f 1169/888/1233 1175/896/1239 1129/895/1184
f 1169/888/1233 1129/895/1184 1132/899/1242
f 1169/888/1233 1132/899/1242 1177/900/1243
f 1169/888/1233 1177/900/1243 1170/889/1234
f 1165/883/1228 1164/882/1227 1172/901/1244
f 1165/883/1228 1172/901/1244 1166/885/1230
f 1166/885/1230 1172/901/1244 1171/902/1245
f 1166/885/1230 1171/902/1245 1178/903/1246
f 1171/902/1245 1179/904/1247 1178/903/1246
f 1171/902/1245 1132/829/1187 1179/904/1247
f 1171/902/1245 1177/900/1243 1132/829/1187
f 1166/905/1230 1161/879/1224 1160/878/1223
f 1166/905/1230 1178/906/1246 1161/879/1224
f 1178/906/1246 1179/907/1248 1161/879/1224
f 1180/908/1249 1181/909/1250 1182/910/1251
f 1180/908/1249 1182/910/1251 1183/911/1252
f 1183/911/1252 1182/910/1251 1184/912/1253
f 1183/911/1252 1184/912/1253 1036/913/1087
f 1185/914/1254 1186/915/1255 1187/916/1256
f 1185/914/1254 1187/916/1256 1188/917/1257
f 1189/918/1258 1190/919/1259 1185/920/1254
f 1189/918/1258 1185/920/1254 1188/921/1257
f 1190/922/1260 1189/923/1258 1191/924/1261
f 1190/922/1260 1191/924/1261 1192/925/1262
f 1187/926/1256 1186/927/1255 1192/928/1262
f 1187/926/1256 1192/928/1262 1191/929/1263
f 1193/930/1264 1194/931/1265 1195/932/1266
f 1193/930/1264 1195/932/1266 1196/933/1267
f 1197/934/1268 1198/935/1269 1199/936/1270
f 1197/934/1268 1200/937/1271 1198/935/1269
f 1201/938/1272 1200/937/1271 1197/934/1268
f 1201/938/1272 1202/939/1273 1200/937/1271
f 1203/940/1274 1204/941/1275 1205/942/1276
f 1203/940/1274 1205/942/1276 1206/943/1277
f 1207/944/1278 1206/943/1277 1205/942/1276
f 1207/944/1278 1208/945/1279 1206/943/1277
f 1209/946/1280 1208/945/1279 1207/944/1278
f 1210/947/1281 1209/946/1280 1207/944/1278
f 1211/948/1282 1212/949/1283 1213/950/1284
f 1211/948/1282 1213/950/1284 1214/951/1285
f 1214/951/1285 1213/950/1284 1215/952/1286
f 1214/951/1285 1215/952/1286 1216/953/1287
f 1217/954/1288 1218/955/1289 1219/956/1290
f 1217/954/1288 1219/956/1290 1220/957/1291
f 1220/957/1291 1221/958/1292 1217/954/1288
f 1221/958/1292 1222/959/1293 1217/954/1288
f 1223/960/1294 1220/957/1291 1219/956/1290
f 1223/960/1294 1224/961/1295 1220/957/1291
f 1224/961/1295 1221/958/1292 1220/957/1291
f 1224/961/1295 1225/962/1296 1221/958/1292
f 1225/962/1296 1224/961/1295 1046/963/1097
f 1224/961/1295 1223/960/1294 1046/963/1097
f 1226/964/1297 1227/965/1298 1228/966/1299
f 1226/964/1297 1228/966/1299 1229/967/1300
f 1230/968/1301 1226/964/1297 1229/967/1300
f 1230/968/1301 1229/967/1300 1054/969/1105
f 1231/970/1302 1232/971/1303 1233/972/1304
f 1231/970/1302 1233/972/1304 1234/973/1305
f 1233/974/1304 1235/975/1306 1236/976/1307
f 1233/974/1304 1236/976/1307 1234/977/1305
f 1237/978/1308 1236/979/1307 1235/980/1309
f 1237/978/1308 1235/980/1309 1238/981/1310
f 1238/982/1310 1232/983/1303 1231/984/1302
f 1238/982/1310 1231/984/1302 1237/985/1308
f 1239/986/1311 1240/987/1312 1241/988/1313
f 1239/986/1311 1241/988/1313 1242/989/1314
f 1243/990/1315 1244/991/1316 1245/992/1317
f 1243/990/1315 1246/993/1318 1244/991/1316
f 1246/993/1318 1247/994/1319 1244/991/1316
f 1246/993/1318 1248/995/1320 1247/994/1319
f 1249/996/1321 1228/997/1299 1227/998/1298
f 1249/996/1321 1250/999/1322 1228/997/1299
f 1250/999/1322 1251/1000/1323 1228/997/1299
f 1251/1000/1323 1252/1001/1324 1228/997/1299
f 1253/1002/1325 1228/997/1299 1252/1001/1324
f 1253/1002/1325 1229/1003/1326 1228/997/1299
f 1254/1004/1327 1229/1003/1326 1253/1002/1325
f 1055/1005/1328 1229/1003/1326 1254/1004/1327
f 1055/1005/1328 1054/1006/1105 1229/1003/1326
f 1250/999/1322 1053/1007/1104 1251/1000/1323
f 1053/1007/1104 1255/1008/1329 1251/1000/1323
f 1255/1008/1329 1256/1009/1330 1251/1000/1323
f 1251/1000/1323 1256/1009/1330 1252/1001/1324
f 1252/1001/1324 1256/1009/1330 1257/1010/1331
f 1252/1001/1324 1257/1010/1331 1258/1011/1332
f 1259/1012/1333 1252/1001/1324 1258/1011/1332
f 1253/1002/1325 1252/1001/1324 1259/1012/1333
f 1053/1007/1104 1024/1013/1334 1255/1008/1329
f 1022/1014/1073 1255/1008/1329 1024/1013/1334
f 1255/1008/1329 1022/1014/1073 1015/1015/1066
f 1255/1008/1329 1015/1015/1066 1260/1016/1335
f 1255/1008/1329 1260/1016/1335 1256/1009/1330
f 1256/1009/1330 1260/1016/1335 1261/1017/1336
f 1256/1009/1330 1261/1017/1336 1257/1010/1331
f 1260/1016/1335 1015/1015/1066 1017/1018/1068
f 1260/1016/1335 1017/1018/1068 1261/1017/1336
f 1253/1002/1325 1259/1012/1333 1262/1019/1337
f 1253/1002/1325 1262/1019/1337 1263/1020/1338
f 1254/1004/1327 1253/1002/1325 1263/1020/1338
f 1254/1004/1327 1263/1020/1338 1264/1021/1339
f 1254/1004/1327 1264/1021/1339 1265/1022/1340
f 1055/1005/1328 1254/1004/1327 1265/1022/1340
f 1055/1005/1328 1265/1022/1340 1056/1023/1341
f 1057/1024/1342 1056/1023/1341 1265/1022/1340
f 1263/1020/1338 1262/1019/1337 1266/1025/1343
f 1263/1020/1338 1266/1025/1343 1264/1021/1339
f 1266/1025/1343 1267/1026/1344 1264/1021/1339
f 1267/1026/1344 1268/1027/1345 1264/1021/1339
f 1264/1021/1339 1268/1027/1345 1265/1022/1340
f 1268/1027/1345 1057/1024/1342 1265/1022/1340
f 1268/1027/1345 1058/1028/1346 1057/1024/1342
f 1057/1024/1342 1058/1028/1346 1269/1029/1347
f 1269/1029/1347 1270/1030/1348 1057/1024/1342
f 1057/1024/1342 1270/1030/1348 1271/1031/1349
f 1057/1024/1342 1271/1031/1349 1272/1032/1350
f 1267/1026/1344 1273/1033/1351 1268/1027/1345
f 1273/1033/1351 1274/1034/1352 1268/1027/1345
f 1274/1034/1352 1058/1028/1346 1268/1027/1345
f 1274/1034/1352 1275/1035/1353 1058/1028/1346
f 1274/1034/1352 1276/1036/1354 1275/1035/1353
f 1274/1034/1352 1277/1037/1355 1276/1036/1354
f 1278/1038/1356 1276/1036/1354 1277/1037/1355
f 1273/1033/1351 1279/1039/1357 1274/1034/1352
f 1279/1039/1357 1280/1040/1358 1274/1034/1352
f 1280/1040/1358 1281/1041/1359 1274/1034/1352
f 1274/1034/1352 1281/1041/1359 1277/1037/1355
f 1282/1042/1360 1277/1037/1355 1281/1041/1359
f 1282/1042/1360 1278/1038/1356 1277/1037/1355
f 1282/1042/1360 1283/1043/1361 1278/1038/1356
f 1278/1038/1356 1283/1043/1361 1284/1044/1362
f 1278/1038/1356 1284/1044/1362 1285/1045/1363
f 1286/1046/1364 1280/1040/1358 1279/1039/1357
f 1281/1041/1359 1280/1040/1358 1286/1046/1364
f 1281/1041/1359 1286/1046/1364 1287/1047/1365
f 1281/1041/1359 1287/1047/1365 1288/1048/1366
f 1281/1041/1359 1288/1048/1366 1282/1042/1360
f 1288/1048/1366 1289/1049/1367 1282/1042/1360
f 1289/1049/1367 1283/1043/1361 1282/1042/1360
f 1289/1049/1367 1290/1050/1368 1283/1043/1361
f 1291/1051/1369 1283/1043/1361 1290/1050/1368
f 1291/1051/1369 1284/1044/1362 1283/1043/1361
f 1286/1046/1364 1279/1039/1357 1292/1052/1370
f 1292/1052/1370 1293/1053/1371 1286/1046/1364
f 1286/1046/1364 1293/1053/1371 1294/1054/1372
f 1286/1046/1364 1294/1054/1372 1287/1047/1365
f 1287/1047/1365 1294/1054/1372 1288/1048/1366
f 1288/1048/1366 1294/1054/1372 1295/1055/1373
f 1288/1048/1366 1295/1055/1373 1296/1056/1374
f 1288/1048/1366 1296/1056/1374 1297/1057/1375
f 1288/1048/1366 1297/1057/1375 1289/1049/1367
f 1298/1058/1376 1292/1052/1370 1279/1039/1357
f 1298/1058/1376 1299/1059/1377 1292/1052/1370
f 1292/1052/1370 1299/1059/1377 1293/1053/1371
f 1295/1055/1373 1294/1054/1372 1300/1060/1378
f 1295/1055/1373 1300/1060/1378 1301/1061/1379
f 1295/1055/1373 1301/1061/1379 1302/1062/1380
f 1303/1063/1381 1295/1055/1373 1302/1062/1380
f 1303/1063/1381 1304/1064/1382 1295/1055/1373
f 1304/1064/1382 1296/1056/1374 1295/1055/1373
f 1304/1064/1382 1305/1065/1383 1296/1056/1374
f 1305/1065/1383 1297/1057/1375 1296/1056/1374
f 1305/1065/1383 1306/1066/1384 1297/1057/1375
f 1307/1067/1385 1306/1066/1384 1305/1065/1383
f 1307/1067/1385 1308/1068/1386 1306/1066/1384
f 1301/1061/1379 1309/1069/1387 1302/1062/1380
f 1310/1070/1388 1307/1067/1385 1305/1065/1383
f 1310/1070/1388 1305/1065/1383 1304/1064/1382
f 1311/1071/1389 1310/1070/1388 1304/1064/1382
f 1311/1071/1389 1312/1072/1390 1310/1070/1388
f 1310/1070/1388 1312/1072/1390 1313/1073/1391
f 1310/1070/1388 1313/1073/1391 1314/1074/1392
f 1315/1075/1393 1310/1070/1388 1314/1074/1392
f 1315/1075/1393 1307/1076/1385 1310/1070/1388
f 1303/1063/1381 1311/1071/1389 1304/1064/1382
f 1314/1074/1392 1313/1073/1391 1316/1077/1394
f 1314/1074/1392 1316/1077/1394 1317/1078/1395
f 1318/1079/1396 1314/1074/1392 1317/1078/1395
f 1318/1079/1396 1315/1075/1393 1314/1074/1392
f 1319/1080/1397 1315/1075/1393 1318/1079/1396
f 1319/1080/1397 1320/1081/1398 1315/1075/1393
f 1320/1081/1398 1307/1076/1385 1315/1075/1393
f 1320/1081/1398 1308/1082/1386 1307/1076/1385
f 1317/1078/1395 1316/1077/1394 1321/1083/1399
f 1322/1084/1400 1317/1078/1395 1321/1083/1399
f 1323/1085/1401 1317/1078/1395 1322/1084/1400
f 1323/1085/1401 1324/1086/1402 1317/1078/1395
f 1317/1078/1395 1324/1086/1402 1325/1087/1403
f 1317/1078/1395 1325/1087/1403 1318/1079/1396
f 1319/1080/1397 1318/1079/1396 1325/1087/1403
f 1316/1077/1394 1326/1088/1404 1321/1083/1399
f 1316/1077/1394 1327/1089/1405 1326/1088/1404
f 1328/1090/1406 1322/1084/1400 1321/1083/1399
f 1326/1091/1404 1303/1063/1381 1302/1062/1380
f 1326/1091/1404 1327/1092/1405 1303/1063/1381
f 1259/1012/1333 1258/1011/1332 1329/1093/1407
f 1259/1012/1333 1329/1093/1407 1330/1094/1408
f 1259/1012/1333 1330/1094/1408 1331/1095/1409
f 1332/1096/1410 1333/949/1411 1334/948/1412
f 1332/1096/1410 1334/948/1412 1335/1097/1413
f 1336/1098/1414 1332/1096/1410 1335/1097/1413
f 1336/1098/1414 1335/1097/1413 1337/1099/1415
f 1338/1100/1416 1297/1057/1375 1339/1101/1417
f 1338/1100/1416 1340/1102/1418 1297/1057/1375
f 1297/1057/1375 1340/1102/1418 1341/1103/1419
f 1297/1057/1375 1341/1103/1419 1289/1049/1367
f 1342/1104/1420 1289/1049/1367 1341/1103/1419
f 1342/1104/1420 1290/1050/1368 1289/1049/1367
f 1342/1104/1420 1291/1051/1369 1290/1050/1368
f 1342/1104/1420 1343/1105/1421 1291/1051/1369
f 1343/1105/1421 1344/1106/1422 1291/1051/1369
f 1284/1044/1362 1291/1051/1369 1344/1106/1422
f 1345/1107/1423 1342/1104/1420 1341/1103/1419
f 1345/1107/1423 1346/1108/1424 1342/1104/1420
f 1346/1108/1424 1343/1105/1421 1342/1104/1420
f 1346/1108/1424 1347/1109/1425 1343/1105/1421
f 1347/1109/1425 1348/1110/1426 1343/1105/1421
f 1343/1105/1421 1348/1110/1426 1344/1106/1422
f 1348/1110/1426 1349/1111/1427 1344/1106/1422
f 1350/1112/1428 1344/1106/1422 1349/1111/1427
f 1284/1044/1362 1344/1106/1422 1350/1112/1428
f 1285/1045/1363 1284/1044/1362 1350/1112/1428
f 1351/1113/1429 1345/1107/1423 1341/1103/1419
f 1351/1113/1429 1352/1114/1430 1345/1107/1423
f 1345/1107/1423 1352/1114/1430 1353/1115/1431
f 1345/1107/1423 1353/1115/1431 1346/1108/1424
f 1353/1115/1431 1347/1109/1425 1346/1108/1424
f 1353/1115/1431 1354/1116/1432 1347/1109/1425
f 1347/1109/1425 1354/1116/1432 1355/1117/1433
f 1347/1109/1425 1355/1117/1433 1356/1118/1434
f 1347/1109/1425 1356/1118/1434 1348/1110/1426
f 1351/1113/1429 1341/1103/1419 1357/1119/1435
f 1351/1113/1429 1358/1120/1436 1352/1114/1430
f 1348/1110/1426 1356/1118/1434 1355/1121/1433
f 1348/1110/1426 1355/1121/1433 1359/1122/1437
f 1348/1110/1426 1359/1122/1437 1349/1111/1427
f 1360/1123/1438 1349/1111/1427 1359/1122/1437
f 1360/1123/1438 1361/1124/1439 1349/1111/1427
f 1361/1124/1439 1362/1125/1440 1349/1111/1427
f 1350/1112/1428 1349/1111/1427 1362/1125/1440
f 1350/1112/1428 1362/1125/1440 1363/1126/1441
f 1350/1112/1428 1363/1126/1441 1364/1127/1442
f 1285/1045/1363 1350/1112/1428 1364/1127/1442
f 1365/1128/1443 1360/1123/1438 1359/1122/1437
f 1365/1128/1443 1366/1129/1444 1360/1123/1438
f 1247/1130/1319 1360/1123/1438 1366/1129/1444
f 1247/1130/1319 1248/1131/1320 1360/1123/1438
f 1361/1124/1439 1360/1123/1438 1248/1131/1320
f 1361/1124/1439 1248/1131/1320 1243/1132/1315
f 1361/1124/1439 1243/1132/1315 1242/1133/1445
f 1361/1124/1439 1242/1133/1445 1367/1134/1446
f 1361/1124/1439 1367/1134/1446 1362/1125/1440
f 1367/1134/1446 1368/1135/1447 1362/1125/1440
f 1369/1136/1448 1362/1125/1440 1368/1135/1447
f 1243/1132/1315 1248/1131/1320 1246/1137/1449
f 1242/1133/1445 1243/1132/1315 1245/992/1317
f 1242/1133/1445 1245/992/1317 1239/986/1311
f 1270/1030/1348 1238/1138/1310 1271/1139/1349
f 1270/1030/1348 1232/1140/1450 1238/1138/1310
f 1370/1141/1451 1232/1140/1450 1270/1030/1348
f 1370/1141/1451 1233/1142/1304 1232/1140/1450
f 1370/1141/1451 1235/1143/1309 1233/1142/1304
f 1370/1141/1451 1371/1144/1452 1235/1143/1309
f 1372/1145/1453 1371/1144/1452 1370/1141/1451
f 1372/1145/1453 1370/1141/1451 1373/1146/1454
f 1374/1147/1455 1372/1145/1453 1373/1146/1454
f 1269/1029/1347 1370/1141/1451 1270/1030/1348
f 1269/1029/1347 1058/1028/1346 1370/1141/1451
f 1058/1028/1346 1373/1146/1454 1370/1141/1451
f 1058/1028/1346 1375/1148/1456 1373/1146/1454
f 1376/1149/1457 1373/1146/1454 1375/1148/1456
f 1374/1147/1455 1373/1146/1454 1376/1149/1457
f 1367/1134/1446 1374/1147/1455 1376/1149/1457
f 1367/1134/1446 1377/1150/1458 1374/1147/1455
f 1242/1133/1445 1377/1150/1458 1367/1134/1446
f 1242/1133/1445 1241/1151/1313 1377/1150/1458
f 1376/1149/1457 1375/1148/1456 1368/1135/1447
f 1367/1134/1446 1376/1149/1457 1368/1135/1447
f 1276/1152/1354 1278/1153/1459 1378/1154/1460
f 1276/1152/1354 1378/1154/1460 1379/1155/1461
f 1379/1155/1461 1275/1156/1462 1276/1152/1354
f 1379/1155/1461 1380/1157/1463 1275/1156/1462
f 1380/1157/1463 1058/1158/1109 1275/1156/1462
f 1380/1157/1463 1375/1159/1464 1058/1158/1109
f 1368/1160/1447 1375/1159/1464 1380/1157/1463
f 1368/1160/1447 1379/1155/1461 1378/1154/1460
f 1368/1160/1447 1380/1157/1463 1379/1155/1461
f 1369/1161/1448 1368/1160/1447 1378/1154/1460
f 1329/1162/1465 1207/1163/1278 1330/1164/1408
f 1329/1162/1465 1210/1165/1466 1207/1163/1278
f 1258/1166/1332 1210/1165/1466 1329/1162/1465
f 1258/1166/1332 1381/1167/1467 1210/1165/1466
f 1381/1167/1467 1382/1168/1468 1210/1165/1466
f 1209/1169/1280 1210/1165/1466 1382/1168/1468
f 1209/1169/1280 1382/1168/1468 1383/1170/1469
f 1208/1171/1470 1209/1169/1280 1383/1170/1469
f 1208/1171/1470 1383/1170/1469 1384/1172/1471
f 1206/1173/1277 1208/1171/1470 1384/1172/1471
f 1257/1174/1331 1381/1167/1467 1258/1166/1332
f 1257/1174/1331 1385/1175/1472 1381/1167/1467
f 1381/1167/1467 1385/1175/1472 1386/1176/1473
f 1381/1167/1467 1386/1176/1473 1180/1177/1249
f 1381/1167/1467 1180/1177/1249 1183/1178/1474
f 1381/1167/1467 1183/1178/1474 1382/1168/1468
f 1183/1178/1474 1387/1179/1475 1382/1168/1468
f 1382/1168/1468 1387/1179/1475 1383/1170/1469
f 1384/1172/1471 1383/1170/1469 1387/1179/1475
f 1261/1180/1336 1385/1175/1472 1257/1174/1331
f 1261/1180/1336 1388/1181/1476 1385/1175/1472
f 1385/1175/1472 1388/1181/1476 1389/1182/1477
f 1385/1175/1472 1389/1182/1477 1386/1176/1473
f 1389/1182/1477 1034/1183/1085 1386/1176/1473
f 1386/1176/1473 1034/1183/1085 1390/1184/1478
f 1386/1176/1473 1390/1184/1478 1180/1177/1249
f 1180/1177/1249 1390/1184/1478 1391/1185/1479
f 1180/1177/1249 1391/1185/1479 1181/1186/1250
f 1017/1187/1068 1388/1181/1476 1261/1180/1336
f 1017/1187/1068 1030/1188/1081 1388/1181/1476
f 1030/1188/1081 1389/1182/1477 1388/1181/1476
f 1030/1188/1081 1032/1189/1083 1389/1182/1477
f 1389/1182/1477 1032/1189/1083 1033/1190/1480
f 1389/1182/1477 1033/1190/1480 1034/1183/1085
f 1392/1191/1481 1393/1192/1482 1394/1193/1483
f 1392/1191/1481 1394/1193/1483 1319/1080/1397
f 1395/1194/1484 1392/1191/1481 1319/1080/1397
f 1395/1194/1484 1319/1080/1397 1396/1195/1485
f 1395/1194/1484 1396/1195/1485 1397/1196/1486
f 1395/1194/1484 1397/1196/1486 1398/1197/1487
f 1398/1197/1487 1399/1198/1488 1395/1194/1484
f 1395/1194/1484 1399/1198/1488 1351/1199/1429
f 1395/1194/1484 1351/1199/1429 1357/1200/1435
f 1396/1195/1485 1319/1080/1397 1325/1087/1403
f 1396/1195/1485 1325/1087/1403 1400/1201/1489
f 1401/1202/1490 1396/1195/1485 1400/1201/1489
f 1401/1202/1490 1397/1196/1486 1396/1195/1485
f 1401/1202/1490 1402/1203/1491 1397/1196/1486
f 1402/1203/1491 1398/1197/1487 1397/1196/1486
f 1402/1203/1491 1403/1204/1492 1398/1197/1487
f 1403/1204/1492 1404/1205/1493 1398/1197/1487
f 1398/1197/1487 1404/1205/1493 1399/1198/1488
f 1325/1087/1403 1405/1206/1494 1400/1201/1489
f 1406/1207/1495 1400/1201/1489 1405/1206/1494
f 1406/1207/1495 1218/1208/1496 1400/1201/1489
f 1218/1208/1496 1401/1202/1490 1400/1201/1489
f 1407/1209/1497 1401/1202/1490 1218/1208/1496
f 1401/1202/1490 1407/1209/1497 1402/1203/1491
f 1408/1210/1498 1402/1203/1491 1407/1209/1497
f 1408/1210/1498 1403/1204/1492 1402/1203/1491
f 1325/1087/1403 1409/1211/1499 1405/1206/1494
f 1410/1212/1500 1405/1206/1494 1409/1211/1499
f 1410/1212/1500 1411/1213/1501 1405/1206/1494
f 1406/1207/1495 1405/1206/1494 1411/1213/1501
f 1406/1207/1495 1411/1213/1501 1412/1214/1502
f 1219/1215/1290 1406/1207/1495 1412/1214/1502
f 1406/1207/1495 1219/1215/1290 1218/1208/1496
f 1324/1086/1402 1409/1211/1499 1325/1087/1403
f 1324/1086/1402 1410/1212/1500 1409/1211/1499
f 1324/1086/1402 1413/1216/1503 1410/1212/1500
f 1413/1216/1503 1414/1217/1504 1410/1212/1500
f 1415/1218/1505 1410/1212/1500 1414/1217/1504
f 1415/1218/1505 1411/1213/1501 1410/1212/1500
f 1411/1213/1501 1415/1218/1505 1412/1214/1502
f 1412/1214/1502 1415/1218/1505 1203/1219/1274
f 1412/1214/1502 1203/1219/1274 1416/1220/1506
f 1046/1221/1507 1412/1214/1502 1416/1220/1506
f 1046/1221/1507 1223/1222/1508 1412/1214/1502
f 1219/1215/1290 1412/1214/1502 1223/1222/1508
f 1413/1216/1503 1417/1223/1509 1414/1217/1504
f 1414/1217/1504 1417/1223/1509 1418/1224/1510
f 1414/1217/1504 1418/1224/1510 1415/1218/1505
f 1416/1220/1506 1203/1219/1274 1206/1173/1277
f 1416/1220/1506 1206/1173/1277 1384/1172/1471
f 1416/1220/1506 1384/1172/1471 1419/1225/1511
f 1045/1226/1512 1416/1220/1506 1419/1225/1511
f 1045/1226/1512 1046/1221/1507 1416/1220/1506
f 1046/1221/1507 1045/1226/1512 1420/1227/1513
f 1421/1228/1514 1046/1221/1507 1420/1227/1513
f 1421/1228/1514 1225/1229/1296 1046/1221/1507
f 1384/1172/1471 1387/1179/1475 1419/1225/1511
f 1419/1225/1511 1387/1179/1475 1038/1230/1515
f 1419/1225/1511 1038/1230/1515 1040/1231/1516
f 1040/1231/1516 1045/1226/1512 1419/1225/1511
f 1183/1178/1474 1038/1230/1515 1387/1179/1475
f 1183/1178/1474 1036/1232/1087 1038/1230/1515
f 1415/1218/1505 1204/941/1275 1203/1219/1274
f 1415/1218/1505 1418/1233/1510 1204/941/1275
f 1407/1209/1497 1218/1208/1496 1422/1234/1517
f 1423/1235/1518 1407/1209/1497 1422/1234/1517
f 1408/1210/1498 1407/1209/1497 1423/1235/1518
f 1424/1236/1519 1408/1210/1498 1423/1235/1518
f 1424/1236/1519 1425/1237/1520 1408/1210/1498
f 1408/1210/1498 1425/1237/1520 1403/1204/1492
f 1425/1237/1520 1426/1238/1521 1403/1204/1492
f 1403/1204/1492 1426/1238/1521 1404/1205/1493
f 1423/1235/1518 1422/1234/1517 1427/1239/1522
f 1428/1240/1523 1423/1235/1518 1427/1239/1522
f 1428/1240/1523 1429/1241/1524 1423/1235/1518
f 1424/1236/1519 1423/1235/1518 1429/1241/1524
f 1429/1241/1524 1430/1242/1525 1424/1236/1519
f 1424/1236/1519 1430/1242/1525 1431/1243/1526
f 1424/1236/1519 1431/1243/1526 1432/1244/1527
f 1424/1236/1519 1432/1244/1527 1425/1237/1520
f 1433/1245/1528 1425/1237/1520 1432/1244/1527
f 1433/1245/1528 1434/1246/1529 1425/1237/1520
f 1425/1237/1520 1434/1246/1529 1426/1238/1521
f 1429/1241/1524 1435/1247/1530 1430/1242/1525
f 1196/1248/1531 1430/1242/1525 1435/1247/1530
f 1196/1248/1531 1198/1249/1269 1430/1242/1525
f 1202/1250/1273 1430/1242/1525 1198/1249/1269
f 1202/1250/1273 1431/1243/1526 1430/1242/1525
f 1221/1251/1292 1435/1247/1530 1429/1241/1524
f 1221/1251/1292 1436/1252/1532 1435/1247/1530
f 1437/1253/1533 1435/1247/1530 1436/1252/1532
f 1437/1253/1533 1438/1254/1534 1435/1247/1530
f 1438/1254/1534 1196/1248/1531 1435/1247/1530
f 1438/1254/1534 1193/1255/1264 1196/1248/1531
f 1429/1241/1524 1222/1256/1293 1221/1251/1292
f 1202/1250/1273 1198/1249/1269 1200/1257/1271
f 1225/1229/1296 1436/1252/1532 1221/1251/1292
f 1225/1229/1296 1439/1258/1535 1436/1252/1532
f 1439/1258/1535 1437/1253/1533 1436/1252/1532
f 1439/1258/1535 1440/1259/1536 1437/1253/1533
f 1421/1228/1514 1440/1259/1536 1439/1258/1535
f 1421/1228/1514 1441/1260/1537 1440/1259/1536
f 1421/1228/1514 1190/1261/1260 1441/1260/1537
f 1421/1228/1514 1185/1262/1254 1190/1261/1260
f 1186/1263/1255 1185/1262/1254 1421/1228/1514
f 1421/1228/1514 1439/1258/1535 1225/1229/1296
f 1431/1243/1526 1202/1250/1273 1201/1264/1272
f 1431/1243/1526 1201/1264/1272 1442/1265/1538
f 1431/1243/1526 1442/1265/1538 1443/1266/1539
f 1431/1243/1526 1443/1266/1539 1432/1244/1527
f 1199/936/1270 1198/1249/1269 1196/1248/1531
f 1199/936/1270 1196/1248/1531 1195/932/1266
f 1433/1267/1528 1426/1238/1521 1434/1246/1529
f 1433/1267/1528 1444/1268/1540 1426/1238/1521
f 1426/1238/1521 1444/1268/1540 1445/1269/1541
f 1426/1238/1521 1445/1269/1541 1404/1205/1493
f 1445/1269/1541 1399/1198/1488 1404/1205/1493
f 1445/1269/1541 1446/1270/1542 1399/1198/1488
f 1446/1270/1542 1351/1199/1429 1399/1198/1488
f 1446/1270/1542 1358/1271/1436 1351/1199/1429
f 1447/1272/1543 1045/1226/1512 1448/1273/1544
f 1447/1272/1543 1449/1274/1545 1045/1226/1512
f 1449/1274/1545 1420/1227/1513 1045/1226/1512
f 1421/1228/1514 1420/1227/1513 1449/1274/1545
f 1186/1263/1255 1421/1228/1514 1449/1274/1545
f 1192/1275/1262 1186/1263/1255 1449/1274/1545
f 1192/1275/1262 1449/1274/1545 1447/1276/1543
f 1273/1277/1546 1298/1278/1376 1279/1279/1547
f 1273/1277/1546 1450/1280/1548 1298/1278/1376
f 1451/1281/1549 1450/1280/1548 1273/1277/1546
f 1451/1281/1549 1273/1277/1546 1267/1282/1344
f 1267/1282/1344 1331/1283/1550 1451/1281/1549
f 1267/1282/1344 1266/1284/1551 1331/1283/1550
f 1262/1285/1552 1331/1283/1550 1266/1284/1551
f 1262/1285/1552 1259/1286/1553 1331/1283/1550
f 1438/1287/1534 1194/1288/1265 1193/1289/1264
f 1438/1287/1534 1452/1290/1554 1194/1288/1265
f 1452/1290/1554 1438/1287/1534 1437/1291/1555
f 1452/1290/1554 1437/1291/1555 1453/1292/1556
f 1453/1292/1556 1437/1291/1555 1440/1293/1557
f 1453/1292/1556 1440/1293/1557 1448/1294/1544
f 1453/1292/1556 1448/1294/1544 1454/1295/1558
f 1453/1292/1556 1454/1295/1558 1455/1296/1559
f 1440/1293/1557 1447/1297/1543 1448/1294/1544
f 1440/1293/1557 1441/1298/1537 1447/1297/1543
f 1190/1299/1260 1447/1297/1543 1441/1298/1537
f 1190/1299/1260 1192/1300/1262 1447/1297/1543
f 1456/1301/1560 1454/1295/1558 1448/1294/1544
f 1456/1301/1560 1457/1302/1561 1454/1295/1558
f 1271/1303/1349 1238/1304/1310 1235/1305/1309
f 1271/1303/1349 1235/1305/1309 1371/1306/1452
f 1271/1303/1349 1371/1306/1452 1372/1307/1562
f 1271/1303/1349 1372/1307/1562 1272/1308/1350
f 1372/1307/1562 1458/1309/1563 1272/1308/1350
f 1454/1310/1558 1272/1308/1350 1458/1309/1563
f 1454/1310/1558 1459/1311/1564 1272/1308/1350
f 1454/1310/1558 1457/1312/1561 1459/1311/1564
f 1372/1307/1562 1374/1313/1455 1458/1309/1563
f 1377/1314/1458 1458/1309/1563 1374/1313/1455
f 1377/1314/1458 1460/1315/1565 1458/1309/1563
f 1240/1316/1312 1460/1315/1565 1377/1314/1458
f 1240/1316/1312 1377/1314/1458 1241/1317/1313
f 1454/1310/1558 1458/1309/1563 1455/1318/1559
f 1461/1319/1566 1462/1320/1567 1463/1321/1568
f 1461/1319/1566 1464/1322/1569 1462/1320/1567
f 1465/1323/1570 1462/1320/1567 1464/1322/1569
f 1465/1323/1570 1464/1322/1569 1466/1324/1571
f 1308/1325/1386 1465/1323/1570 1466/1324/1571
f 1308/1325/1386 1466/1324/1571 1306/1326/1572
f 1466/1324/1571 1297/1327/1573 1306/1326/1572
f 1467/1328/1574 1464/1322/1569 1461/1319/1566
f 1466/1324/1571 1464/1322/1569 1467/1328/1574
f 1466/1324/1571 1467/1328/1574 1468/1329/1575
f 1466/1324/1571 1468/1329/1575 1297/1327/1573
f 1468/1329/1575 1339/1330/1417 1297/1327/1573
f 1467/1328/1574 1461/1319/1566 1469/1331/1576
f 1470/1332/1577 1471/1333/1578 1472/1334/1579
f 1470/1332/1577 1473/1335/1580 1471/1333/1578
f 1471/1333/1578 1473/1335/1580 1474/1336/1581
f 1471/1333/1578 1474/1336/1581 1475/1337/1582
f 1319/1338/1583 1475/1337/1582 1474/1336/1581
f 1319/1338/1583 1394/1339/1483 1475/1337/1582
f 1462/1340/1567 1473/1335/1580 1470/1332/1577
f 1473/1335/1580 1462/1340/1567 1465/1341/1570
f 1473/1335/1580 1465/1341/1570 1474/1336/1581
f 1474/1336/1581 1465/1341/1570 1308/1342/1386
f 1474/1336/1581 1308/1342/1386 1320/1343/1584
f 1319/1338/1583 1474/1336/1581 1320/1343/1584
f 1462/1340/1567 1470/1332/1577 1463/1344/1568
f 1476/1345/1585 1477/1346/1586 1478/1347/1587
f 1476/1345/1585 1479/1348/1588 1477/1346/1586
f 1479/1348/1588 1480/1349/1589 1477/1346/1586
f 1479/1348/1588 1481/1350/1590 1480/1349/1589
f 1482/1351/1591 1480/1349/1589 1481/1350/1590
f 1482/1351/1591 1483/1352/1592 1480/1349/1589
f 1483/1352/1592 1482/1351/1591 1484/1353/1593
f 1483/1352/1592 1484/1353/1593 1485/1354/1594
f 1479/1348/1588 1476/1345/1585 1486/1355/1595
f 1479/1348/1588 1486/1355/1595 1487/1356/1596
f 1484/1353/1593 1479/1348/1588 1487/1356/1596
f 1484/1353/1593 1482/1351/1591 1479/1348/1588
f 1482/1351/1591 1481/1350/1590 1479/1348/1588
f 1488/1357/1597 1484/1353/1593 1487/1356/1596
f 1488/1357/1597 1489/1358/1598 1484/1353/1593
f 1485/1354/1594 1484/1353/1593 1489/1358/1598
f 1485/1354/1594 1489/1358/1598 1490/1358/1599
f 1491/1359/1600 1492/1360/1601 1493/1361/1602
f 1491/1359/1600 1493/1361/1602 1494/1362/1603
f 1495/1363/1604 1491/1359/1600 1494/1362/1603
f 1495/1363/1604 1494/1362/1603 1496/1364/1605
f 1497/1365/1606 1498/1366/1607 1499/1367/1608
f 1497/1365/1606 1500/1368/1609 1498/1366/1607
f 1501/1369/1610 1498/1366/1607 1500/1368/1609
f 1501/1369/1610 1500/1368/1609 1502/1370/1611
f 1500/1368/1609 1503/1371/1612 1502/1370/1611
f 1503/1371/1612 1488/1372/1597 1502/1370/1611
f 1503/1371/1612 1489/1373/1598 1488/1372/1597
f 1504/1374/1613 1500/1368/1609 1497/1365/1606
f 1504/1374/1613 1505/1375/1614 1500/1368/1609
f 1505/1375/1614 1506/1376/1615 1500/1368/1609
f 1500/1368/1609 1506/1376/1615 1503/1371/1612
f 1503/1371/1612 1506/1376/1615 1507/1377/1616
f 1503/1371/1612 1507/1377/1616 1508/1378/1617
f 1489/1373/1598 1503/1371/1612 1508/1378/1617
f 1489/1373/1598 1508/1378/1617 1490/1373/1599
f 1504/1374/1613 1506/1376/1615 1505/1375/1614
f 1504/1374/1613 1507/1377/1616 1506/1376/1615
f 1477/1379/1586 1509/1380/1618 1478/1381/1587
f 1509/1380/1618 1477/1379/1586 1483/1382/1619
f 1509/1380/1618 1483/1382/1619 1510/1383/1620
f 1510/1383/1620 1483/1382/1619 1485/1384/1594
f 1510/1383/1620 1485/1384/1594 1511/1385/1621
f 1477/1379/1586 1480/1386/1589 1483/1382/1619
f 1511/1385/1621 1485/1384/1594 1490/1387/1599
f 1511/1385/1621 1490/1387/1599 1512/1388/1622
f 1511/1385/1621 1512/1388/1622 1513/1389/1623
f 1513/1389/1623 1514/1390/1624 1511/1385/1621
f 1494/1391/1603 1514/1390/1624 1513/1389/1623
f 1494/1391/1603 1493/1392/1602 1514/1390/1624
f 1512/1388/1622 1490/1387/1599 1515/1393/1625
f 1512/1388/1622 1515/1393/1625 1516/1394/1626
f 1516/1394/1626 1496/1395/1605 1512/1388/1622
f 1496/1395/1605 1513/1389/1623 1512/1388/1622
f 1496/1395/1605 1494/1391/1603 1513/1389/1623
f 1508/1396/1617 1515/1393/1625 1490/1387/1599
f 1508/1396/1617 1517/1397/1627 1515/1393/1625
f 1508/1396/1617 1507/1398/1628 1517/1397/1627
f 1507/1398/1628 1518/1399/1629 1517/1397/1627
f 1507/1398/1628 1497/1400/1606 1518/1399/1629
f 1518/1399/1629 1497/1400/1606 1499/1401/1608
f 1504/1402/1613 1497/1400/1606 1507/1398/1628
f 1516/1394/1626 1519/1403/1630 1496/1395/1605
f 1520/1404/1631 1519/1403/1630 1516/1394/1626
f 1520/1404/1631 1521/1405/1632 1519/1403/1630
f 1520/1404/1631 1516/1394/1626 1515/1393/1625
f 1521/1406/1632 1522/1407/1633 1523/1408/1634
f 1521/1406/1632 1523/1408/1634 1519/1409/1630
f 1519/1409/1630 1523/1408/1634 1495/1410/1604
f 1519/1409/1630 1495/1410/1604 1496/1411/1605
f 1524/1412/1635 1525/1413/1636 1526/1414/1637
f 1524/1412/1635 1526/1414/1637 1527/1415/1638
f 1524/1412/1635 1527/1415/1638 1528/1416/1639
f 1524/1412/1635 1528/1416/1639 1529/1417/1640
f 1528/1416/1639 1530/1418/1641 1529/1417/1640
f 1528/1416/1639 1531/1419/1642 1530/1418/1641
f 1531/1419/1642 1528/1416/1639 1527/1415/1638
f 1531/1419/1642 1527/1415/1638 1526/1414/1637
f 1532/1420/1643 1533/1421/1644 1534/1422/1645
f 1532/1420/1643 1534/1422/1645 1535/1423/1646
f 1536/1424/1647 1532/1420/1643 1535/1423/1646
f 1536/1424/1647 1535/1423/1646 1537/1425/1648
f 1538/1426/1649 1536/1424/1647 1537/1425/1648
f 1539/1427/1650 1538/1426/1649 1537/1425/1648
f 1540/1428/1651 1535/1423/1646 1534/1422/1645
f 1540/1428/1651 1537/1425/1648 1535/1423/1646
f 1540/1428/1651 1541/1429/1652 1537/1425/1648
f 1539/1427/1650 1537/1425/1648 1541/1429/1652
f 1541/1429/1652 1542/1430/1653 1539/1427/1650
f 1542/1430/1653 1543/1431/1654 1539/1427/1650
f 1542/1430/1653 1544/1432/1655 1543/1431/1654
f 1544/1432/1655 1545/1433/1656 1543/1431/1654
f 1544/1432/1655 1546/1434/1657 1545/1433/1656
f 1547/1435/1658 1540/1428/1651 1534/1422/1645
f 1547/1435/1658 1548/1436/1659 1540/1428/1651
f 1547/1435/1658 1549/1437/1660 1548/1436/1659
f 1550/1438/1661 1549/1437/1660 1547/1435/1658
f 1551/1439/1662 1550/1438/1661 1547/1435/1658
f 1552/1440/1663 1547/1435/1658 1534/1422/1645
f 1551/1439/1662 1547/1435/1658 1552/1440/1663
f 1553/1441/1664 1551/1439/1662 1552/1440/1663
f 1553/1441/1664 1554/1442/1665 1551/1439/1662
f 1555/1443/1666 1554/1442/1665 1553/1441/1664
f 1555/1443/1666 1553/1441/1664 1556/1444/1667
f 1557/1445/1668 1556/1444/1667 1553/1441/1664
f 1552/1440/1663 1534/1422/1645 1558/1446/1669
f 1559/1447/1670 1552/1440/1663 1558/1446/1669
f 1559/1447/1670 1553/1441/1664 1552/1440/1663
f 1557/1445/1668 1553/1441/1664 1559/1447/1670
f 1560/1448/1671 1557/1445/1668 1559/1447/1670
f 1561/1449/1672 1557/1445/1668 1560/1448/1671
f 1561/1449/1672 1562/1450/1673 1557/1445/1668
f 1562/1450/1673 1563/1451/1674 1557/1445/1668
f 1562/1450/1673 1564/1452/1675 1563/1451/1674
f 1558/1446/1669 1534/1422/1645 1533/1453/1644
f 1558/1446/1669 1533/1453/1644 1565/1454/1676
f 1566/1455/1677 1558/1446/1669 1565/1454/1676
f 1566/1455/1677 1559/1447/1670 1558/1446/1669
f 1565/1454/1676 1533/1453/1644 1532/1456/1643
f 1565/1454/1676 1532/1456/1643 1567/1457/1678
f 1568/1458/1679 1565/1454/1676 1567/1457/1678
f 1568/1458/1679 1566/1455/1677 1565/1454/1676
f 1532/1456/1643 1569/1459/1680 1567/1457/1678
f 1569/1459/1680 1568/1458/1679 1567/1457/1678
f 1569/1459/1680 1570/1460/1681 1568/1458/1679
f 1571/1461/1682 1570/1460/1681 1569/1459/1680
f 1571/1461/1682 1572/1462/1683 1570/1460/1681
f 1532/1456/1643 1536/1463/1647 1569/1459/1680
f 1536/1463/1647 1571/1461/1682 1569/1459/1680
f 1536/1463/1647 1538/1464/1649 1571/1461/1682
f 1573/1465/1684 1541/1429/1652 1540/1428/1651
f 1573/1465/1684 1574/1466/1685 1541/1429/1652
f 1541/1429/1652 1574/1466/1685 1542/1430/1653
f 1542/1430/1653 1574/1466/1685 1575/1467/1686
f 1542/1430/1653 1575/1467/1686 1576/1468/1687
f 1576/1468/1687 1544/1432/1655 1542/1430/1653
f 1576/1468/1687 1577/1469/1688 1544/1432/1655
f 1578/1470/1689 1577/1469/1688 1576/1468/1687
f 1578/1470/1689 1576/1468/1687 1579/1471/1690
f 1580/1472/1691 1578/1470/1689 1579/1471/1690
f 1580/1472/1691 1581/1473/1692 1578/1470/1689
f 1576/1468/1687 1575/1467/1686 1582/1474/1693
f 1576/1468/1687 1582/1474/1693 1579/1471/1690
f 1579/1471/1690 1582/1474/1693 1583/1475/1694
f 1579/1471/1690 1583/1475/1694 1580/1472/1691
f 1580/1472/1691 1583/1475/1694 1584/1476/1695
f 1580/1472/1691 1584/1476/1695 1585/1477/1696
f 1585/1477/1696 1581/1473/1692 1580/1472/1691
f 1585/1477/1696 1586/1478/1697 1581/1473/1692
f 1587/1479/1698 1586/1478/1697 1585/1477/1696
f 1587/1479/1698 1585/1477/1696 1588/1480/1699
f 1589/1481/1700 1587/1479/1698 1588/1480/1699
f 1584/1476/1695 1588/1480/1699 1585/1477/1696
f 1584/1476/1695 1590/1482/1701 1588/1480/1699
f 1590/1482/1701 1591/1483/1702 1588/1480/1699
f 1589/1481/1700 1588/1480/1699 1591/1483/1702
f 1592/1484/1703 1589/1481/1700 1591/1483/1702
f 1592/1484/1703 1593/1485/1704 1589/1481/1700
f 1594/1486/1705 1593/1485/1704 1592/1484/1703
f 1590/1482/1701 1595/1487/1706 1591/1483/1702
f 1595/1487/1706 1592/1484/1703 1591/1483/1702
f 1595/1487/1706 1596/1488/1707 1592/1484/1703
f 1596/1488/1707 1597/1489/1708 1592/1484/1703
f 1594/1486/1705 1592/1484/1703 1597/1489/1708
f 1598/1490/1709 1594/1486/1705 1597/1489/1708
f 1599/1491/1710 1594/1486/1705 1598/1490/1709
f 1599/1491/1710 1600/1492/1711 1594/1486/1705
f 1596/1488/1707 1564/1452/1675 1597/1489/1708
f 1564/1452/1675 1562/1450/1673 1597/1489/1708
f 1597/1489/1708 1562/1450/1673 1601/1493/1712
f 1598/1490/1709 1597/1489/1708 1601/1493/1712
f 1561/1449/1672 1601/1493/1712 1562/1450/1673
f 1561/1449/1672 1572/1494/1683 1601/1493/1712
f 1570/1495/1681 1572/1494/1683 1561/1449/1672
f 1560/1448/1671 1570/1495/1681 1561/1449/1672
f 1560/1448/1671 1568/1496/1713 1570/1495/1681
f 1559/1447/1670 1568/1496/1713 1560/1448/1671
f 1559/1447/1670 1566/1497/1714 1568/1496/1713
f 1602/1498/1715 1603/1499/1716 1604/1500/1717
f 1602/1498/1715 1604/1500/1717 1605/1501/1718
f 1605/1501/1718 1606/1502/1719 1602/1498/1715
f 1605/1501/1718 1607/1503/1720 1606/1502/1719
f 1608/1504/1721 1606/1502/1719 1607/1503/1720
f 1608/1504/1721 1607/1503/1720 1609/1505/1722
f 1607/1503/1720 1604/1500/1717 1609/1505/1722
f 1607/1503/1720 1605/1501/1718 1604/1500/1717
f 1218/1506/1289 1610/1507/1723 1611/1508/1724
f 1218/1506/1289 1217/1509/1725 1610/1507/1723
f 1612/1510/1726 1610/1507/1723 1217/1509/1725
f 1612/1510/1726 1217/1509/1725 1613/1511/1727
f 1612/1510/1726 1613/1511/1727 1428/1512/1523
f 1612/1510/1726 1428/1512/1523 1614/1513/1728
f 1615/1514/1729 1614/1513/1728 1428/1512/1523
f 1218/1506/1289 1611/1508/1724 1616/1515/1730
f 1218/1506/1289 1616/1515/1730 1422/1516/1517
f 1427/1517/1522 1422/1516/1517 1616/1515/1730
f 1427/1517/1522 1616/1515/1730 1615/1514/1729
f 1615/1514/1729 1428/1512/1523 1427/1517/1522
f 1285/1518/1363 1364/1519/1442 1617/1520/1731
f 1363/1521/1441 1617/1520/1731 1364/1519/1442
f 1363/1521/1441 1618/1522/1732 1617/1520/1731
f 1363/1521/1441 1619/1523/1733 1618/1522/1732
f 1363/1521/1441 1620/1524/1734 1619/1523/1733
f 1378/1525/1460 1619/1523/1733 1620/1524/1734
f 1378/1525/1460 1621/1526/1735 1619/1523/1733
f 1378/1525/1460 1622/1527/1736 1621/1526/1735
f 1378/1525/1460 1278/1528/1737 1622/1527/1736
f 1623/1529/1738 1622/1527/1736 1278/1528/1737
f 1623/1529/1738 1278/1528/1737 1285/1518/1363
f 1285/1518/1363 1617/1520/1731 1623/1529/1738
f 1624/1530/1739 1625/1531/1740 1626/1532/1741
f 1624/1530/1739 1627/1533/1742 1625/1531/1740
f 1627/1533/1742 1628/1534/1743 1625/1531/1740
f 1625/1531/1740 1628/1534/1743 1629/1535/1744
f 1625/1531/1740 1629/1535/1744 1630/1536/1745
f 1626/1532/1741 1625/1531/1740 1630/1536/1745
f 1626/1532/1741 1630/1536/1745 1631/1537/1746
f 1630/1536/1745 1632/1538/1747 1631/1537/1746
f 1633/1539/1748 1627/1533/1742 1624/1530/1739
f 1634/1540/1749 1627/1533/1742 1633/1539/1748
f 1627/1533/1742 1634/1540/1749 1628/1534/1743
f 1633/1539/1748 1624/1530/1739 1635/1541/1750
f 1636/1542/1751 1633/1539/1748 1635/1541/1750
f 1636/1542/1751 1637/1543/1752 1633/1539/1748
f 1634/1540/1749 1633/1539/1748 1637/1543/1752
f 1636/1542/1751 1635/1541/1750 1638/1544/1753
f 1639/1545/1754 1636/1542/1751 1638/1544/1753
f 1639/1545/1754 1640/1546/1755 1636/1542/1751
f 1641/1547/1756 1636/1542/1751 1640/1546/1755
f 1641/1547/1756 1642/1548/1757 1636/1542/1751
f 1636/1542/1751 1642/1548/1757 1637/1543/1752
f 1643/1549/1758 1640/1546/1755 1639/1545/1754
f 1643/1549/1758 1644/1550/1759 1640/1546/1755
f 1644/1550/1759 1641/1547/1756 1640/1546/1755
f 1644/1550/1759 1645/1551/1760 1641/1547/1756
f 1646/1552/1761 1645/1551/1760 1644/1550/1759
f 1646/1552/1761 1647/1553/1762 1645/1551/1760
f 1630/1536/1745 1647/1553/1762 1646/1552/1761
f 1630/1536/1745 1629/1535/1744 1647/1553/1762
f 1632/1538/1747 1644/1550/1759 1643/1549/1758
f 1632/1538/1747 1646/1552/1761 1644/1550/1759
f 1630/1536/1745 1646/1552/1761 1632/1538/1747
f 1648/1554/1763 1649/1555/1764 1650/1556/1765
f 1648/1554/1763 1651/1557/1766 1649/1555/1764
f 1649/1555/1764 1651/1557/1766 1652/1558/1767
f 1649/1555/1764 1652/1558/1767 1653/1559/1768
f 1649/1555/1764 1653/1559/1768 1654/1560/1769
f 1649/1555/1764 1654/1560/1769 1655/1561/1770
f 1650/1556/1765 1649/1555/1764 1655/1561/1770
f 1650/1556/1765 1655/1561/1770 1656/1562/1771
f 1655/1561/1770 1657/1563/1772 1656/1562/1771
f 1658/1564/1773 1651/1557/1766 1648/1554/1763
f 1658/1564/1773 1652/1558/1767 1651/1557/1766
f 1658/1564/1773 1659/1565/1774 1652/1558/1767
f 1660/1566/1775 1659/1565/1774 1658/1564/1773
f 1660/1566/1775 1658/1564/1773 1661/1567/1776
f 1662/1568/1777 1660/1566/1775 1661/1567/1776
f 1662/1568/1777 1663/1569/1778 1660/1566/1775
f 1664/1570/1779 1663/1569/1778 1662/1568/1777
f 1658/1564/1773 1648/1554/1763 1665/1571/1780
f 1661/1567/1776 1658/1564/1773 1665/1571/1780
f 1661/1567/1776 1665/1571/1780 1666/1572/1781
f 1667/1573/1782 1661/1567/1776 1666/1572/1781
f 1667/1573/1782 1662/1568/1777 1661/1567/1776
f 1668/1574/1783 1662/1568/1777 1667/1573/1782
f 1664/1570/1779 1662/1568/1777 1668/1574/1783
f 1669/1575/1784 1664/1570/1779 1668/1574/1783
f 1669/1575/1784 1670/1576/1785 1664/1570/1779
f 1655/1561/1770 1670/1576/1785 1669/1575/1784
f 1655/1561/1770 1654/1560/1769 1670/1576/1785
f 1668/1574/1783 1667/1573/1782 1671/1577/1786
f 1669/1575/1784 1668/1574/1783 1671/1577/1786
f 1669/1575/1784 1671/1577/1786 1657/1563/1772
f 1655/1561/1770 1669/1575/1784 1657/1563/1772
f 1672/1578/1787 1673/1579/1788 1674/1580/1789
f 1675/1581/1790 1674/1580/1789 1673/1579/1788
f 1674/1580/1789 1675/1581/1790 1676/1582/1791
f 1674/1580/1789 1676/1582/1791 1677/1583/1792
f 1677/1583/1792 1678/1584/1793 1674/1580/1789
f 1672/1578/1787 1674/1580/1789 1678/1584/1793
f 1675/1581/1790 1673/1579/1788 1679/1585/1794
f 1679/1585/1794 1680/1586/1795 1675/1581/1790
f 1675/1581/1790 1680/1586/1795 1676/1582/1791
f 1676/1582/1791 1680/1586/1795 1681/1587/1796
f 1677/1583/1792 1676/1582/1791 1681/1587/1796
f 1677/1583/1792 1681/1587/1796 1585/1588/1696
f 1678/1584/1793 1677/1583/1792 1585/1588/1696
f 1682/1589/1797 1678/1584/1793 1585/1588/1696
f 1678/1584/1793 1682/1589/1797 1683/1590/1798
f 1683/1590/1798 1684/1591/1799 1678/1584/1793
f 1685/1592/1800 1679/1585/1794 1673/1579/1788
f 1680/1586/1795 1679/1585/1794 1685/1592/1800
f 1683/1590/1798 1686/1593/1801 1684/1591/1799
f 1686/1593/1801 1683/1590/1798 1687/1594/1802
f 1686/1593/1801 1687/1594/1802 1688/1595/1803
f 1686/1593/1801 1688/1595/1803 1689/1596/1804
f 1689/1596/1804 1688/1595/1803 1680/1586/1795
f 1680/1586/1795 1688/1595/1803 1687/1594/1802
f 1680/1586/1795 1687/1594/1802 1690/1597/1805
f 1681/1587/1796 1680/1586/1795 1690/1597/1805
f 1681/1587/1796 1690/1597/1805 1682/1589/1797
f 1681/1587/1796 1682/1589/1797 1585/1588/1696
f 1690/1597/1805 1687/1594/1802 1683/1590/1798
f 1690/1597/1805 1683/1590/1798 1682/1589/1797

g Unknown3
usemtl Unknown3
f 1691/1/1806 1692/2/1807 1693/3/1808
f 1691/1/1806 1693/3/1808 1694/4/1809
f 1694/4/1809 1693/3/1808 1695/5/5
f 1694/4/1809 1695/5/5 1696/6/6
f 1696/6/6 1695/5/5 1697/7/1810
f 1696/6/6 1697/7/1810 1698/8/1811
f 1698/8/1811 1697/7/1810 1699/9/1812
f 1698/8/1811 1699/9/1812 1700/10/1813
f 1701/11/1814 1702/12/1815 1703/13/1814
f 1701/11/1814 1703/13/1814 1704/14/1816
f 1705/1/1817 1706/2/1818 1707/3/1819
f 1705/1/1817 1707/3/1819 1708/4/1820
f 1708/4/1820 1707/3/1819 1709/5/1821
f 1708/4/1820 1709/5/1821 1710/6/1822
f 1710/6/1822 1709/5/1821 1711/7/1823
f 1710/6/1822 1711/7/1823 1712/8/1824
f 1712/8/1824 1711/7/1823 1692/9/1807
f 1712/8/1824 1692/9/1807 1691/10/1806
f 1713/1/1825 1714/2/1826 1715/3/1827
f 1713/1/1825 1715/3/1827 1716/4/1828
f 1716/4/1828 1715/3/1827 1717/5/1829
f 1716/4/1828 1717/5/1829 1718/6/1830
f 1718/6/1830 1717/5/1829 1719/7/1831
f 1718/6/1830 1719/7/1831 1720/8/1832
f 1720/8/1832 1719/7/1831 1706/9/1818
f 1720/8/1832 1706/9/1818 1705/10/1817
f 1700/1/1813 1699/2/1833 1721/3/1834
f 1700/1/1813 1721/3/1834 1722/4/1835
f 1722/4/1835 1721/3/1834 1723/5/34
f 1722/4/1835 1723/5/34 1724/6/35
f 1724/6/35 1723/5/34 1725/7/1836
f 1724/6/35 1725/7/1836 1726/8/1837
f 1726/8/1837 1725/7/1836 1714/9/1826
f 1726/8/1837 1714/9/1826 1713/10/1838
f 1727/15/39 1728/16/40 1729/17/39
f 1727/15/39 1729/17/39 1730/18/41
f 1731/19/1839 1726/20/1837 1713/21/1840
f 1732/22/44 1726/20/1837 1731/19/1839
f 1732/22/44 1724/23/35 1726/20/1837
f 1733/24/45 1724/23/35 1732/22/44
f 1733/24/45 1722/25/1835 1724/23/35
f 1734/26/1841 1722/25/1835 1733/24/45
f 1734/26/1841 1700/27/1842 1722/25/1835
f 1731/19/1839 1713/21/1840 1735/28/1843
f 1735/28/1843 1713/21/1840 1716/29/1828
f 1735/28/1843 1716/29/1828 1736/30/1844
f 1736/30/1844 1716/29/1828 1718/31/1830
f 1736/30/1844 1718/31/1830 1737/32/1845
f 1737/32/1845 1718/31/1830 1720/33/1832
f 1737/32/1845 1720/33/1832 1738/34/1846
f 1738/34/1846 1739/35/1847 1737/32/1845
f 1737/32/1845 1739/35/1847 1740/36/1848
f 1737/32/1845 1740/36/1848 1736/37/1844
f 1736/37/1844 1740/36/1848 1741/38/53
f 1736/37/1844 1741/38/53 1735/39/1849
f 1741/38/53 1731/40/1839 1735/39/1849
f 1738/34/1846 1720/33/1832 1705/41/1850
f 1738/34/1846 1705/41/1850 1742/42/1851
f 1742/42/1851 1743/43/1852 1738/34/1846
f 1738/34/1846 1743/43/1852 1739/35/1847
f 1742/42/1851 1705/41/1850 1708/44/1820
f 1742/42/1851 1708/44/1820 1744/45/1853
f 1744/45/1853 1745/46/1854 1742/42/1851
f 1742/42/1851 1745/46/1854 1743/43/1852
f 1744/45/1853 1708/44/1820 1710/47/1822
f 1744/45/1853 1710/47/1822 1746/48/1855
f 1746/48/1855 1747/49/1856 1744/45/1853
f 1744/45/1853 1747/49/1856 1745/46/1854
f 1746/48/1855 1710/47/1822 1712/50/1824
f 1746/48/1855 1712/50/1824 1748/51/1857
f 1748/51/1857 1749/52/1858 1746/48/1855
f 1746/48/1855 1749/52/1858 1747/49/1856
f 1748/51/1857 1712/50/1824 1691/53/1806
f 1748/51/1857 1691/53/1806 1750/54/1859
f 1750/54/1859 1691/53/1806 1694/55/1809
f 1750/54/1859 1694/55/1809 1751/56/65
f 1751/56/65 1694/55/1809 1696/57/6
f 1751/56/65 1696/57/6 1752/58/66
f 1753/59/67 1751/56/65 1752/58/66
f 1754/60/68 1751/56/65 1753/59/67
f 1754/60/68 1750/61/1859 1751/56/65
f 1750/61/1859 1754/60/68 1755/62/69
f 1750/61/1859 1755/62/69 1748/51/1857
f 1748/51/1857 1755/62/69 1749/52/1858
f 1752/58/66 1696/57/6 1698/63/1811
f 1752/58/66 1698/63/1811 1756/64/1860
f 1757/65/71 1752/58/66 1756/64/1860
f 1753/59/67 1752/58/66 1757/65/71
f 1756/64/1860 1698/63/1811 1700/27/1842
f 1756/64/1860 1700/27/1842 1734/26/1841
f 1758/66/72 1756/64/1860 1734/26/1841
f 1757/65/71 1756/64/1860 1758/66/72
f 1758/66/72 1734/26/1841 1759/67/73
f 1760/68/74 1759/67/73 1734/26/1841
f 1760/68/74 1734/26/1841 1733/24/45
f 1761/69/75 1760/68/74 1733/24/45
f 1761/69/75 1733/24/45 1732/22/44
f 1762/70/76 1761/69/75 1732/22/44
f 1762/70/76 1732/22/44 1731/40/1839
f 1741/38/53 1762/70/76 1731/40/1839
f 1725/20/1836 1763/19/77 1764/28/1861
f 1723/23/34 1763/19/77 1725/20/1836
f 1723/23/34 1765/71/79 1763/19/77
f 1721/25/1834 1765/71/79 1723/23/34
f 1721/25/1834 1766/72/1862 1765/71/79
f 1699/27/1863 1766/72/1862 1721/25/1834
f 1699/27/1863 1767/73/1864 1766/72/1862
f 1725/20/1836 1764/28/1861 1714/74/1865
f 1714/74/1865 1764/28/1861 1768/30/1866
f 1714/74/1865 1768/30/1866 1715/29/1827
f 1715/29/1827 1768/30/1866 1769/75/1867
f 1715/29/1827 1769/75/1867 1717/31/1829
f 1717/31/1829 1769/75/1867 1770/76/1868
f 1717/31/1829 1770/76/1868 1719/33/1831
f 1719/33/1831 1770/76/1868 1771/77/1869
f 1719/33/1831 1771/77/1869 1706/41/1870
f 1706/41/1870 1771/77/1869 1772/78/1871
f 1706/41/1870 1772/78/1871 1707/44/1819
f 1707/44/1819 1772/78/1871 1773/79/1872
f 1707/44/1819 1773/79/1872 1709/47/1821
f 1709/47/1821 1773/79/1872 1774/80/1873
f 1709/47/1821 1774/80/1873 1711/50/1823
f 1711/50/1823 1774/80/1873 1775/54/1874
f 1711/50/1823 1775/54/1874 1692/53/1807
f 1692/53/1807 1775/54/1874 1776/81/1875
f 1692/53/1807 1776/81/1875 1693/55/1808
f 1693/55/1808 1776/81/1875 1777/82/93
f 1693/55/1808 1777/82/93 1695/57/5
f 1695/57/5 1777/82/93 1778/83/94
f 1695/57/5 1778/83/94 1697/63/1810
f 1697/63/1810 1778/83/94 1767/73/1864
f 1697/63/1810 1767/73/1864 1699/27/1863
f 1779/84/1876 1780/85/1877 1781/86/1878
f 1780/85/1877 1782/87/1879 1781/86/1878
f 1782/87/1879 1783/88/1880 1781/86/1878
f 1781/86/1878 1783/88/1880 1784/89/1881
f 1779/84/1876 1781/86/1878 1784/89/1881
f 1785/90/1882 1779/84/1876 1784/89/1881
f 1785/90/1882 1784/89/1881 1786/91/1883
f 1787/92/1884 1785/90/1882 1786/91/1883
f 1787/92/1884 1788/93/104 1785/90/1882
f 1780/85/1877 1789/94/1885 1782/87/1879
f 1789/94/1885 1790/95/1886 1782/87/1879
f 1790/95/1886 1783/88/1880 1782/87/1879
f 1789/94/1885 1791/96/1887 1790/95/1886
f 1791/96/1887 1792/97/1888 1790/95/1886
f 1792/97/1888 1783/88/1880 1790/95/1886
f 1792/97/1888 1793/98/109 1783/88/1880
f 1793/98/109 1794/99/110 1783/88/1880
f 1783/88/1880 1794/99/110 1795/100/111
f 1783/88/1880 1795/100/111 1787/92/1884
f 1783/88/1880 1787/92/1884 1786/91/1883
f 1784/89/1881 1783/88/1880 1786/91/1883
f 1791/96/1887 1796/101/112 1792/97/1888
f 1792/97/1888 1796/101/112 1797/102/113
f 1792/97/1888 1797/102/113 1793/98/109
f 1793/98/109 1797/102/113 1798/103/114
f 1793/98/109 1798/103/114 1794/99/110
f 1794/99/110 1798/103/114 1799/104/115
f 1794/99/110 1799/104/115 1795/100/111
f 1795/100/111 1799/104/115 1788/93/104
f 1795/100/111 1788/93/104 1787/92/1884
f 1778/105/94 1758/106/72 1759/107/116
f 1777/108/93 1758/106/72 1778/105/94
f 1777/108/93 1757/109/71 1758/106/72
f 1776/110/1875 1757/109/71 1777/108/93
f 1776/110/1875 1753/111/67 1757/109/71
f 1775/112/1874 1753/111/67 1776/110/1875
f 1775/112/1874 1754/113/68 1753/111/67
f 1778/105/94 1759/107/116 1767/114/1864
f 1767/114/1864 1759/107/116 1760/115/74
f 1767/114/1864 1760/115/74 1766/116/1862
f 1766/116/1862 1760/115/74 1761/117/75
f 1766/116/1862 1761/117/75 1765/118/79
f 1765/118/79 1761/117/75 1762/119/76
f 1765/118/79 1762/119/76 1763/120/77
f 1763/120/77 1762/119/76 1741/121/53
f 1763/120/77 1741/121/53 1764/122/1889
f 1741/121/53 1768/123/1866 1764/122/1889
f 1741/121/53 1740/124/1848 1768/123/1866
f 1740/124/1848 1769/125/1867 1768/123/1866
f 1740/124/1848 1739/126/1847 1769/125/1867
f 1739/126/1847 1770/127/1868 1769/125/1867
f 1739/126/1847 1743/128/1852 1770/127/1868
f 1743/128/1852 1771/129/1869 1770/127/1868
f 1743/128/1852 1745/130/1854 1771/129/1869
f 1745/130/1854 1772/131/1890 1771/129/1869
f 1745/130/1854 1747/132/1891 1772/131/1890
f 1749/133/1858 1772/131/1890 1747/132/1891
f 1749/133/1858 1773/134/1872 1772/131/1890
f 1755/135/69 1773/134/1872 1749/133/1858
f 1755/135/69 1774/136/1873 1773/134/1872
f 1754/113/68 1774/136/1873 1755/135/69
f 1754/113/68 1775/112/1874 1774/136/1873
f 1800/137/1892 1801/138/1893 1802/139/1894
f 1801/138/1893 1803/140/1895 1802/139/1894
f 1802/139/1894 1803/140/1895 1804/141/1896
f 1802/139/1894 1804/141/1896 1805/142/1897
f 1800/137/1892 1802/139/1894 1805/142/1897
f 1806/143/1898 1800/137/1892 1805/142/1897
f 1806/143/1898 1805/142/1897 1807/144/1899
f 1808/145/128 1806/143/1898 1807/144/1899
f 1804/141/1896 1803/140/1895 1801/138/1893
f 1809/146/1900 1804/141/1896 1801/138/1893
f 1810/147/1901 1804/141/1896 1809/146/1900
f 1810/147/1901 1811/148/1902 1804/141/1896
f 1804/141/1896 1811/148/1902 1805/142/1897
f 1812/149/1903 1805/142/1897 1811/148/1902
f 1812/149/1903 1807/144/1899 1805/142/1897
f 1813/150/133 1807/144/1899 1812/149/1903
f 1808/145/128 1807/144/1899 1813/150/133
f 1814/151/1904 1808/145/128 1813/150/133
f 1814/151/1904 1815/152/1905 1808/145/128
f 1810/147/1901 1809/146/1900 1816/153/1906
f 1810/147/1901 1816/153/1906 1811/148/1902
f 1816/153/1906 1817/154/1907 1811/148/1902
f 1811/148/1902 1817/154/1907 1818/155/1908
f 1811/148/1902 1818/155/1908 1812/149/1903
f 1818/155/1908 1819/156/139 1812/149/1903
f 1813/150/133 1812/149/1903 1819/156/139
f 1814/151/1904 1813/150/133 1819/156/139
f 1816/153/1906 1809/146/1900 1817/154/1907
f 1818/155/1908 1820/157/140 1819/156/139
f 1820/157/140 1821/158/141 1819/156/139
f 1814/151/1904 1819/156/139 1821/158/141
f 1821/158/141 1822/159/1909 1814/151/1904
f 1822/159/1909 1823/160/1910 1814/151/1904
f 1823/160/1910 1815/152/1905 1814/151/1904
f 1823/160/1910 1824/161/1911 1815/152/1905
f 1825/162/1912 1824/161/1911 1823/160/1910
f 1825/162/1912 1822/159/1909 1824/161/1911
f 1824/161/1911 1822/159/1909 1826/163/146
f 1820/157/140 1827/164/147 1821/158/141
f 1827/164/147 1828/165/148 1821/158/141
f 1828/165/148 1822/159/1909 1821/158/141
f 1828/165/148 1829/166/149 1822/159/1909
f 1822/159/1909 1829/166/149 1826/163/146
f 1826/163/146 1829/166/149 1828/165/148
f 1827/164/147 1826/163/146 1828/165/148
f 1822/159/1909 1825/162/1912 1823/160/1910
f 1830/137/1913 1831/138/1914 1832/139/1915
f 1831/138/1914 1833/140/1916 1832/139/1915
f 1832/139/1915 1833/140/1916 1834/141/1917
f 1832/139/1915 1834/141/1917 1835/142/1918
f 1830/137/1913 1832/139/1915 1835/142/1918
f 1836/143/1919 1830/137/1913 1835/142/1918
f 1836/143/1919 1835/142/1918 1837/144/157
f 1838/145/1920 1836/143/1919 1837/144/157
f 1834/141/1917 1833/140/1916 1831/138/1914
f 1839/146/1921 1834/141/1917 1831/138/1914
f 1840/147/160 1834/141/1917 1839/146/1921
f 1840/147/160 1841/148/1922 1834/141/1917
f 1834/141/1917 1841/148/1922 1835/142/1918
f 1842/149/162 1835/142/1918 1841/148/1922
f 1842/149/162 1837/144/157 1835/142/1918
f 1843/150/163 1837/144/157 1842/149/162
f 1838/145/1920 1837/144/157 1843/150/163
f 1844/151/1923 1838/145/1920 1843/150/163
f 1844/151/1923 1845/152/1924 1838/145/1920
f 1840/147/160 1839/146/1921 1846/153/1925
f 1840/147/160 1846/153/1925 1841/148/1922
f 1846/153/1925 1847/154/167 1841/148/1922
f 1841/148/1922 1847/154/167 1848/155/168
f 1841/148/1922 1848/155/168 1842/149/162
f 1848/155/168 1849/156/169 1842/149/162
f 1843/150/163 1842/149/162 1849/156/169
f 1844/151/1923 1843/150/163 1849/156/169
f 1846/153/1925 1839/146/1921 1847/154/167
f 1848/155/168 1850/157/170 1849/156/169
f 1850/157/170 1851/158/171 1849/156/169
f 1844/151/1923 1849/156/169 1851/158/171
f 1851/158/171 1852/159/1926 1844/151/1923
f 1852/159/1926 1853/160/1927 1844/151/1923
f 1853/160/1927 1845/152/1924 1844/151/1923
f 1853/160/1927 1854/161/1928 1845/152/1924
f 1855/162/1929 1854/161/1928 1853/160/1927
f 1855/162/1929 1852/159/1926 1854/161/1928
f 1854/161/1928 1852/159/1926 1856/163/1930
f 1850/157/170 1857/164/177 1851/158/171
f 1857/164/177 1858/165/178 1851/158/171
f 1858/165/178 1852/159/1926 1851/158/171
f 1858/165/178 1859/166/179 1852/159/1926
f 1852/159/1926 1859/166/179 1856/163/1930
f 1856/163/1930 1859/166/179 1858/165/178
f 1857/164/177 1856/163/1930 1858/165/178
f 1852/159/1926 1855/162/1929 1853/160/1927

g Unknown4
usemtl Unknown4
f 1860/1/1931 1861/2/1932 1862/3/1933
f 1860/1/1931 1862/3/1933 1863/4/1934
f 1863/4/1934 1862/3/1933 1864/5/1935
f 1863/4/1934 1864/5/1935 1865/6/1936
f 1865/6/1936 1864/5/1935 1866/7/1937
f 1865/6/1936 1866/7/1937 1867/8/1938
f 1867/8/1938 1866/7/1937 1868/9/1939
f 1867/8/1938 1868/9/1939 1869/10/1940
f 1870/11/1941 1871/12/1942 1872/13/1941
f 1870/11/1941 1872/13/1941 1873/14/1943
f 1874/1/1944 1875/2/1945 1876/3/1946
f 1874/1/1944 1876/3/1946 1877/4/1947
f 1877/4/1947 1876/3/1946 1878/5/1948
f 1877/4/1947 1878/5/1948 1879/6/1949
f 1879/6/1949 1878/5/1948 1880/7/1950
f 1879/6/1949 1880/7/1950 1881/8/1951
f 1881/8/1951 1880/7/1950 1861/9/1932
f 1881/8/1951 1861/9/1932 1860/10/1931
f 1882/1/1952 1883/2/1953 1884/3/1954
f 1882/1/1952 1884/3/1954 1885/4/1955
f 1885/4/1955 1884/3/1954 1886/5/1956
f 1885/4/1955 1886/5/1956 1887/6/1957
f 1887/6/1957 1886/5/1956 1888/7/1958
f 1887/6/1957 1888/7/1958 1889/8/1959
f 1889/8/1959 1888/7/1958 1875/9/1945
f 1889/8/1959 1875/9/1945 1874/10/1944
f 1869/1/1940 1868/2/1960 1890/3/1961
f 1869/1/1940 1890/3/1961 1891/4/1962
f 1891/4/1962 1890/3/1961 1892/5/1963
f 1891/4/1962 1892/5/1963 1893/6/1964
f 1893/6/1964 1892/5/1963 1894/7/1965
f 1893/6/1964 1894/7/1965 1895/8/1966
f 1895/8/1966 1894/7/1965 1883/9/1953
f 1895/8/1966 1883/9/1953 1882/10/1952
f 1896/15/1967 1897/16/1968 1898/17/1967
f 1896/15/1967 1898/17/1967 1899/18/1969
f 1900/19/1970 1895/20/1966 1882/21/1971
f 1901/22/1972 1895/20/1966 1900/19/1970
f 1901/22/1972 1893/23/1964 1895/20/1966
f 1902/24/1973 1893/23/1964 1901/22/1972
f 1902/24/1973 1891/25/1962 1893/23/1964
f 1903/26/1974 1891/25/1962 1902/24/1973
f 1903/26/1974 1869/27/1975 1891/25/1962
f 1900/19/1970 1882/21/1971 1904/28/1976
f 1904/28/1976 1882/21/1971 1885/29/1955
f 1904/28/1976 1885/29/1955 1905/30/1977
f 1905/30/1977 1885/29/1955 1887/31/1957
f 1905/30/1977 1887/31/1957 1906/32/1978
f 1906/32/1978 1887/31/1957 1889/33/1959
f 1906/32/1978 1889/33/1959 1907/34/1979
f 1907/34/1979 1908/35/1980 1906/32/1978
f 1906/32/1978 1908/35/1980 1909/36/1981
f 1906/32/1978 1909/36/1981 1905/37/1977
f 1905/37/1977 1909/36/1981 1910/38/1982
f 1905/37/1977 1910/38/1982 1904/39/1983
f 1910/38/1982 1900/40/1970 1904/39/1983
f 1907/34/1979 1889/33/1959 1874/41/1984
f 1907/34/1979 1874/41/1984 1911/42/1985
f 1911/42/1985 1912/43/1986 1907/34/1979
f 1907/34/1979 1912/43/1986 1908/35/1980
f 1911/42/1985 1874/41/1984 1877/44/1947
f 1911/42/1985 1877/44/1947 1913/45/1987
f 1913/45/1987 1914/46/1988 1911/42/1985
f 1911/42/1985 1914/46/1988 1912/43/1986
f 1913/45/1987 1877/44/1947 1879/47/1949
f 1913/45/1987 1879/47/1949 1915/48/1989
f 1915/48/1989 1916/49/1990 1913/45/1987
f 1913/45/1987 1916/49/1990 1914/46/1988
f 1915/48/1989 1879/47/1949 1881/50/1951
f 1915/48/1989 1881/50/1951 1917/51/1991
f 1917/51/1991 1918/52/1992 1915/48/1989
f 1915/48/1989 1918/52/1992 1916/49/1990
f 1917/51/1991 1881/50/1951 1860/53/1931
f 1917/51/1991 1860/53/1931 1919/54/1993
f 1919/54/1993 1860/53/1931 1863/55/1934
f 1919/54/1993 1863/55/1934 1920/56/1994
f 1920/56/1994 1863/55/1934 1865/57/1936
f 1920/56/1994 1865/57/1936 1921/58/1995
f 1922/59/1996 1920/56/1994 1921/58/1995
f 1923/60/1997 1920/56/1994 1922/59/1996
f 1923/60/1997 1919/61/1993 1920/56/1994
f 1919/61/1993 1923/60/1997 1924/62/1998
f 1919/61/1993 1924/62/1998 1917/51/1991
f 1917/51/1991 1924/62/1998 1918/52/1992
f 1921/58/1995 1865/57/1936 1867/63/1938
f 1921/58/1995 1867/63/1938 1925/64/1999
f 1926/65/2000 1921/58/1995 1925/64/1999
f 1922/59/1996 1921/58/1995 1926/65/2000
f 1925/64/1999 1867/63/1938 1869/27/1975
f 1925/64/1999 1869/27/1975 1903/26/1974
f 1927/66/2001 1925/64/1999 1903/26/1974
f 1926/65/2000 1925/64/1999 1927/66/2001
f 1927/66/2001 1903/26/1974 1928/67/2002
f 1929/68/2003 1928/67/2002 1903/26/1974
f 1929/68/2003 1903/26/1974 1902/24/1973
f 1930/69/2004 1929/68/2003 1902/24/1973
f 1930/69/2004 1902/24/1973 1901/22/1972
f 1931/70/2005 1930/69/2004 1901/22/1972
f 1931/70/2005 1901/22/1972 1900/40/1970
f 1910/38/1982 1931/70/2005 1900/40/1970
f 1894/20/1965 1932/19/2006 1933/28/2007
f 1892/23/1963 1932/19/2006 1894/20/1965
f 1892/23/1963 1934/71/2008 1932/19/2006
f 1890/25/1961 1934/71/2008 1892/23/1963
f 1890/25/1961 1935/72/2009 1934/71/2008
f 1868/27/2010 1935/72/2009 1890/25/1961
f 1868/27/2010 1936/73/2011 1935/72/2009
f 1894/20/1965 1933/28/2007 1883/74/1953
f 1883/74/1953 1933/28/2007 1937/30/2012
f 1883/74/1953 1937/30/2012 1884/29/1954
f 1884/29/1954 1937/30/2012 1938/75/2013
f 1884/29/1954 1938/75/2013 1886/31/1956
f 1886/31/1956 1938/75/2013 1939/76/2014
f 1886/31/1956 1939/76/2014 1888/33/1958
f 1888/33/1958 1939/76/2014 1940/77/2015
f 1888/33/1958 1940/77/2015 1875/41/2016
f 1875/41/2016 1940/77/2015 1941/78/2017
f 1875/41/2016 1941/78/2017 1876/44/1946
f 1876/44/1946 1941/78/2017 1942/79/2018
f 1876/44/1946 1942/79/2018 1878/47/1948
f 1878/47/1948 1942/79/2018 1943/80/2019
f 1878/47/1948 1943/80/2019 1880/50/1950
f 1880/50/1950 1943/80/2019 1944/54/2020
f 1880/50/1950 1944/54/2020 1861/53/1932
f 1861/53/1932 1944/54/2020 1945/81/2021
f 1861/53/1932 1945/81/2021 1862/55/1933
f 1862/55/1933 1945/81/2021 1946/82/2022
f 1862/55/1933 1946/82/2022 1864/57/1935
f 1864/57/1935 1946/82/2022 1947/83/2023
f 1864/57/1935 1947/83/2023 1866/63/1937
f 1866/63/1937 1947/83/2023 1936/73/2011
f 1866/63/1937 1936/73/2011 1868/27/2010
f 1948/84/2024 1949/85/2025 1950/86/2026
f 1949/85/2025 1951/87/2027 1950/86/2026
f 1951/87/2027 1952/88/2028 1950/86/2026
f 1950/86/2026 1952/88/2028 1953/89/2029
f 1948/84/2024 1950/86/2026 1953/89/2029
f 1954/90/2030 1948/84/2024 1953/89/2029
f 1954/90/2030 1953/89/2029 1955/91/2031
f 1956/92/2032 1954/90/2030 1955/91/2031
f 1956/92/2032 1957/93/2033 1954/90/2030
f 1949/85/2025 1958/94/2034 1951/87/2027
f 1958/94/2034 1959/95/2035 1951/87/2027
f 1959/95/2035 1952/88/2028 1951/87/2027
f 1958/94/2034 1960/96/2036 1959/95/2035
f 1960/96/2036 1961/97/2037 1959/95/2035
f 1961/97/2037 1952/88/2028 1959/95/2035
f 1961/97/2037 1962/98/2038 1952/88/2028
f 1962/98/2038 1963/99/2039 1952/88/2028
f 1952/88/2028 1963/99/2039 1964/100/2040
f 1952/88/2028 1964/100/2040 1956/92/2032
f 1952/88/2028 1956/92/2032 1955/91/2031
f 1953/89/2029 1952/88/2028 1955/91/2031
f 1960/96/2036 1965/101/2041 1961/97/2037
f 1961/97/2037 1965/101/2041 1966/102/2042
f 1961/97/2037 1966/102/2042 1962/98/2038
f 1962/98/2038 1966/102/2042 1967/103/2043
f 1962/98/2038 1967/103/2043 1963/99/2039
f 1963/99/2039 1967/103/2043 1968/104/2044
f 1963/99/2039 1968/104/2044 1964/100/2040
f 1964/100/2040 1968/104/2044 1957/93/2033
f 1964/100/2040 1957/93/2033 1956/92/2032
f 1947/105/2023 1927/106/2001 1928/107/2045
f 1946/108/2022 1927/106/2001 1947/105/2023
f 1946/108/2022 1926/109/2000 1927/106/2001
f 1945/110/2021 1926/109/2000 1946/108/2022
f 1945/110/2021 1922/111/1996 1926/109/2000
f 1944/112/2020 1922/111/1996 1945/110/2021
f 1944/112/2020 1923/113/1997 1922/111/1996
f 1947/105/2023 1928/107/2045 1936/114/2011
f 1936/114/2011 1928/107/2045 1929/115/2003
f 1936/114/2011 1929/115/2003 1935/116/2009
f 1935/116/2009 1929/115/2003 1930/117/2004
f 1935/116/2009 1930/117/2004 1934/118/2008
f 1934/118/2008 1930/117/2004 1931/119/2005
f 1934/118/2008 1931/119/2005 1932/120/2006
f 1932/120/2006 1931/119/2005 1910/121/1982
f 1932/120/2006 1910/121/1982 1933/122/2007
f 1910/121/1982 1937/123/2012 1933/122/2007
f 1910/121/1982 1909/124/1981 1937/123/2012
f 1909/124/1981 1938/125/2013 1937/123/2012
f 1909/124/1981 1908/126/1980 1938/125/2013
f 1908/126/1980 1939/127/2014 1938/125/2013
f 1908/126/1980 1912/128/1986 1939/127/2014
f 1912/128/1986 1940/129/2015 1939/127/2014
f 1912/128/1986 1914/130/1988 1940/129/2015
f 1914/130/1988 1941/131/2046 1940/129/2015
f 1914/130/1988 1916/132/2047 1941/131/2046
f 1918/133/1992 1941/131/2046 1916/132/2047
f 1918/133/1992 1942/134/2018 1941/131/2046
f 1924/135/1998 1942/134/2018 1918/133/1992
f 1924/135/1998 1943/136/2019 1942/134/2018
f 1923/113/1997 1943/136/2019 1924/135/1998
f 1923/113/1997 1944/112/2020 1943/136/2019
f 1969/137/2048 1970/138/2049 1971/139/2050
f 1970/138/2049 1972/140/2051 1971/139/2050
f 1971/139/2050 1972/140/2051 1973/141/2052
f 1971/139/2050 1973/141/2052 1974/142/2053
f 1969/137/2048 1971/139/2050 1974/142/2053
f 1975/143/2054 1969/137/2048 1974/142/2053
f 1975/143/2054 1974/142/2053 1976/144/2055
f 1977/145/2056 1975/143/2054 1976/144/2055
f 1973/141/2052 1972/140/2051 1970/138/2049
f 1978/146/2057 1973/141/2052 1970/138/2049
f 1979/147/2058 1973/141/2052 1978/146/2057
f 1979/147/2058 1980/148/2059 1973/141/2052
f 1973/141/2052 1980/148/2059 1974/142/2053
f 1981/149/2060 1974/142/2053 1980/148/2059
f 1981/149/2060 1976/144/2055 1974/142/2053
f 1982/150/2061 1976/144/2055 1981/149/2060
f 1977/145/2056 1976/144/2055 1982/150/2061
f 1983/151/2062 1977/145/2056 1982/150/2061
f 1983/151/2062 1984/152/2063 1977/145/2056
f 1979/147/2058 1978/146/2057 1985/153/2064
f 1979/147/2058 1985/153/2064 1980/148/2059
f 1985/153/2064 1986/154/2065 1980/148/2059
f 1980/148/2059 1986/154/2065 1987/155/2066
f 1980/148/2059 1987/155/2066 1981/149/2060
f 1987/155/2066 1988/156/2067 1981/149/2060
f 1982/150/2061 1981/149/2060 1988/156/2067
f 1983/151/2062 1982/150/2061 1988/156/2067
f 1985/153/2064 1978/146/2057 1986/154/2065
f 1987/155/2066 1989/157/2068 1988/156/2067
f 1989/157/2068 1990/158/2069 1988/156/2067
f 1983/151/2062 1988/156/2067 1990/158/2069
f 1990/158/2069 1991/159/2070 1983/151/2062
f 1991/159/2070 1992/160/2071 1983/151/2062
f 1992/160/2071 1984/152/2063 1983/151/2062
f 1992/160/2071 1993/161/2072 1984/152/2063
f 1994/162/2073 1993/161/2072 1992/160/2071
f 1994/162/2073 1991/159/2070 1993/161/2072
f 1993/161/2072 1991/159/2070 1995/163/2074
f 1989/157/2068 1996/164/2075 1990/158/2069
f 1996/164/2075 1997/165/2076 1990/158/2069
f 1997/165/2076 1991/159/2070 1990/158/2069
f 1997/165/2076 1998/166/2077 1991/159/2070
f 1991/159/2070 1998/166/2077 1995/163/2074
f 1995/163/2074 1998/166/2077 1997/165/2076
f 1996/164/2075 1995/163/2074 1997/165/2076
f 1991/159/2070 1994/162/2073 1992/160/2071
f 1999/137/2078 2000/138/2079 2001/139/2080
f 2000/138/2079 2002/140/2081 2001/139/2080
f 2001/139/2080 2002/140/2081 2003/141/2082
f 2001/139/2080 2003/141/2082 2004/142/2083
f 1999/137/2078 2001/139/2080 2004/142/2083
f 2005/143/2084 1999/137/2078 2004/142/2083
f 2005/143/2084 2004/142/2083 2006/144/2085
f 2007/145/2086 2005/143/2084 2006/144/2085
f 2003/141/2082 2002/140/2081 2000/138/2079
f 2008/146/2087 2003/141/2082 2000/138/2079
f 2009/147/2088 2003/141/2082 2008/146/2087
f 2009/147/2088 2010/148/2089 2003/141/2082
f 2003/141/2082 2010/148/2089 2004/142/2083
f 2011/149/2090 2004/142/2083 2010/148/2089
f 2011/149/2090 2006/144/2085 2004/142/2083
f 2012/150/2091 2006/144/2085 2011/149/2090
f 2007/145/2086 2006/144/2085 2012/150/2091
f 2013/151/2092 2007/145/2086 2012/150/2091
f 2013/151/2092 2014/152/2093 2007/145/2086
f 2009/147/2088 2008/146/2087 2015/153/2094
f 2009/147/2088 2015/153/2094 2010/148/2089
f 2015/153/2094 2016/154/2095 2010/148/2089
f 2010/148/2089 2016/154/2095 2017/155/2096
f 2010/148/2089 2017/155/2096 2011/149/2090
f 2017/155/2096 2018/156/2097 2011/149/2090
f 2012/150/2091 2011/149/2090 2018/156/2097
f 2013/151/2092 2012/150/2091 2018/156/2097
f 2015/153/2094 2008/146/2087 2016/154/2095
f 2017/155/2096 2019/157/2098 2018/156/2097
f 2019/157/2098 2020/158/2099 2018/156/2097
f 2013/151/2092 2018/156/2097 2020/158/2099
f 2020/158/2099 2021/159/2100 2013/151/2092
f 2021/159/2100 2022/160/2101 2013/151/2092
f 2022/160/2101 2014/152/2093 2013/151/2092
f 2022/160/2101 2023/161/2102 2014/152/2093
f 2024/162/2103 2023/161/2102 2022/160/2101
f 2024/162/2103 2021/159/2100 2023/161/2102
f 2023/161/2102 2021/159/2100 2025/163/2104
f 2019/157/2098 2026/164/2105 2020/158/2099
f 2026/164/2105 2027/165/2106 2020/158/2099
f 2027/165/2106 2021/159/2100 2020/158/2099
f 2027/165/2106 2028/166/2107 2021/159/2100
f 2021/159/2100 2028/166/2107 2025/163/2104
f 2025/163/2104 2028/166/2107 2027/165/2106
f 2026/164/2105 2025/163/2104 2027/165/2106
f 2021/159/2100 2024/162/2103 2022/160/2101

g Unknown5
usemtl Unknown5
f 2029/1/1931 2030/2/1932 2031/3/1933
f 2029/1/1931 2031/3/1933 2032/4/2108
f 2032/4/2108 2031/3/1933 2033/5/2109
f 2032/4/2108 2033/5/2109 2034/6/2110
f 2034/6/2110 2033/5/2109 2035/7/2111
f 2034/6/2110 2035/7/2111 2036/8/2112
f 2036/8/2112 2035/7/2111 2037/9/2113
f 2036/8/2112 2037/9/2113 2038/10/2114
f 2039/11/2115 2040/12/2116 2041/13/2115
f 2039/11/2115 2041/13/2115 2042/14/2117
f 2043/1/1944 2044/2/2118 2045/3/2119
f 2043/1/1944 2045/3/2119 2046/4/2120
f 2046/4/2120 2045/3/2119 2047/5/1948
f 2046/4/2120 2047/5/1948 2048/6/1949
f 2048/6/1949 2047/5/1948 2049/7/1950
f 2048/6/1949 2049/7/1950 2050/8/1951
f 2050/8/1951 2049/7/1950 2030/9/1932
f 2050/8/1951 2030/9/1932 2029/10/1931
f 2051/1/2121 2052/2/1953 2053/3/2122
f 2051/1/2121 2053/3/2122 2054/4/1955
f 2054/4/1955 2053/3/2122 2055/5/1956
f 2054/4/1955 2055/5/1956 2056/6/1957
f 2056/6/1957 2055/5/1956 2057/7/1958
f 2056/6/1957 2057/7/1958 2058/8/2123
f 2058/8/2123 2057/7/1958 2044/9/2118
f 2058/8/2123 2044/9/2118 2043/10/1944
f 2038/1/2114 2037/2/2113 2059/3/2124
f 2038/1/2114 2059/3/2124 2060/4/2125
f 2060/4/2125 2059/3/2124 2061/5/2126
f 2060/4/2125 2061/5/2126 2062/6/2127
f 2062/6/2127 2061/5/2126 2063/7/2128
f 2062/6/2127 2063/7/2128 2064/8/2129
f 2064/8/2129 2063/7/2128 2052/9/1953
f 2064/8/2129 2052/9/1953 2051/10/2121
f 2065/15/2130 2066/16/2131 2067/17/2130
f 2065/15/2130 2067/17/2130 2068/18/2132
f 2069/19/1970 2064/20/2129 2051/21/2133
f 2070/22/2134 2064/20/2129 2069/19/1970
f 2070/22/2134 2062/23/2127 2064/20/2129
f 2071/24/2135 2062/23/2127 2070/22/2134
f 2071/24/2135 2060/25/2125 2062/23/2127
f 2072/26/2136 2060/25/2125 2071/24/2135
f 2072/26/2136 2038/27/2137 2060/25/2125
f 2069/19/1970 2051/21/2133 2073/28/1976
f 2073/28/1976 2051/21/2133 2054/29/1955
f 2073/28/1976 2054/29/1955 2074/30/1977
f 2074/30/1977 2054/29/1955 2056/31/1957
f 2074/30/1977 2056/31/1957 2075/32/1978
f 2075/32/1978 2056/31/1957 2058/33/2123
f 2075/32/1978 2058/33/2123 2076/34/2138
f 2076/34/2138 2077/35/1980 2075/32/1978
f 2075/32/1978 2077/35/1980 2078/36/1981
f 2075/32/1978 2078/36/1981 2074/37/1977
f 2074/37/1977 2078/36/1981 2079/38/1982
f 2074/37/1977 2079/38/1982 2073/39/1983
f 2079/38/1982 2069/40/1970 2073/39/1983
f 2076/34/2138 2058/33/2123 2043/41/1984
f 2076/34/2138 2043/41/1984 2080/42/2139
f 2080/42/2139 2081/43/1986 2076/34/2138
f 2076/34/2138 2081/43/1986 2077/35/1980
f 2080/42/2139 2043/41/1984 2046/44/2120
f 2080/42/2139 2046/44/2120 2082/45/1987
f 2082/45/1987 2083/46/1988 2080/42/2139
f 2080/42/2139 2083/46/1988 2081/43/1986
f 2082/45/1987 2046/44/2120 2048/47/1949
f 2082/45/1987 2048/47/1949 2084/48/1989
f 2084/48/1989 2085/49/1990 2082/45/1987
f 2082/45/1987 2085/49/1990 2083/46/1988
f 2084/48/1989 2048/47/1949 2050/50/1951
f 2084/48/1989 2050/50/1951 2086/51/1991
f 2086/51/1991 2087/52/1992 2084/48/1989
f 2084/48/1989 2087/52/1992 2085/49/1990
f 2086/51/1991 2050/50/1951 2029/53/1931
f 2086/51/1991 2029/53/1931 2088/54/1993
f 2088/54/1993 2029/53/1931 2032/55/2108
f 2088/54/1993 2032/55/2108 2089/56/2140
f 2089/56/2140 2032/55/2108 2034/57/2110
f 2089/56/2140 2034/57/2110 2090/58/2141
f 2091/59/1996 2089/56/2140 2090/58/2141
f 2092/60/1997 2089/56/2140 2091/59/1996
f 2092/60/1997 2088/61/1993 2089/56/2140
f 2088/61/1993 2092/60/1997 2093/62/1998
f 2088/61/1993 2093/62/1998 2086/51/1991
f 2086/51/1991 2093/62/1998 2087/52/1992
f 2090/58/2141 2034/57/2110 2036/63/2112
f 2090/58/2141 2036/63/2112 2094/64/2142
f 2095/65/2143 2090/58/2141 2094/64/2142
f 2091/59/1996 2090/58/2141 2095/65/2143
f 2094/64/2142 2036/63/2112 2038/27/2137
f 2094/64/2142 2038/27/2137 2072/26/2136
f 2096/66/2144 2094/64/2142 2072/26/2136
f 2095/65/2143 2094/64/2142 2096/66/2144
f 2096/66/2144 2072/26/2136 2097/67/2145
f 2098/68/2146 2097/67/2145 2072/26/2136
f 2098/68/2146 2072/26/2136 2071/24/2135
f 2099/69/2147 2098/68/2146 2071/24/2135
f 2099/69/2147 2071/24/2135 2070/22/2134
f 2100/70/2005 2099/69/2147 2070/22/2134
f 2100/70/2005 2070/22/2134 2069/40/1970
f 2079/38/1982 2100/70/2005 2069/40/1970
f 2063/20/2128 2101/19/2148 2102/28/2149
f 2061/23/2126 2101/19/2148 2063/20/2128
f 2061/23/2126 2103/71/2150 2101/19/2148
f 2059/25/2124 2103/71/2150 2061/23/2126
f 2059/25/2124 2104/72/2151 2103/71/2150
f 2037/27/2113 2104/72/2151 2059/25/2124
f 2037/27/2113 2105/73/2152 2104/72/2151
f 2063/20/2128 2102/28/2149 2052/74/1953
f 2052/74/1953 2102/28/2149 2106/30/2153
f 2052/74/1953 2106/30/2153 2053/29/2122
f 2053/29/2122 2106/30/2153 2107/75/2013
f 2053/29/2122 2107/75/2013 2055/31/1956
f 2055/31/1956 2107/75/2013 2108/76/2014
f 2055/31/1956 2108/76/2014 2057/33/1958
f 2057/33/1958 2108/76/2014 2109/77/2015
f 2057/33/1958 2109/77/2015 2044/41/2154
f 2044/41/2154 2109/77/2015 2110/78/2017
f 2044/41/2154 2110/78/2017 2045/44/2119
f 2045/44/2119 2110/78/2017 2111/79/2018
f 2045/44/2119 2111/79/2018 2047/47/1948
f 2047/47/1948 2111/79/2018 2112/80/2019
f 2047/47/1948 2112/80/2019 2049/50/1950
f 2049/50/1950 2112/80/2019 2113/54/2020
f 2049/50/1950 2113/54/2020 2030/53/1932
f 2030/53/1932 2113/54/2020 2114/81/2021
f 2030/53/1932 2114/81/2021 2031/55/1933
f 2031/55/1933 2114/81/2021 2115/82/2155
f 2031/55/1933 2115/82/2155 2033/57/2109
f 2033/57/2109 2115/82/2155 2116/83/2156
f 2033/57/2109 2116/83/2156 2035/63/2111
f 2035/63/2111 2116/83/2156 2105/73/2152
f 2035/63/2111 2105/73/2152 2037/27/2113
f 2117/84/2157 2118/85/2158 2119/86/2159
f 2118/85/2158 2120/87/2160 2119/86/2159
f 2120/87/2160 2121/88/2161 2119/86/2159
f 2119/86/2159 2121/88/2161 2122/89/2162
f 2117/84/2157 2119/86/2159 2122/89/2162
f 2123/90/2163 2117/84/2157 2122/89/2162
f 2123/90/2163 2122/89/2162 2124/91/2031
f 2125/92/2164 2123/90/2163 2124/91/2031
f 2125/92/2164 2126/93/2165 2123/90/2163
f 2118/85/2158 2127/94/2166 2120/87/2160
f 2127/94/2166 2128/95/2167 2120/87/2160
f 2128/95/2167 2121/88/2161 2120/87/2160
f 2127/94/2166 2129/96/2168 2128/95/2167
f 2129/96/2168 2130/97/2169 2128/95/2167
f 2130/97/2169 2121/88/2161 2128/95/2167
f 2130/97/2169 2131/98/2170 2121/88/2161
f 2131/98/2170 2132/99/2171 2121/88/2161
f 2121/88/2161 2132/99/2171 2133/100/2172
f 2121/88/2161 2133/100/2172 2125/92/2164
f 2121/88/2161 2125/92/2164 2124/91/2031
f 2122/89/2162 2121/88/2161 2124/91/2031
f 2129/96/2168 2134/101/2173 2130/97/2169
f 2130/97/2169 2134/101/2173 2135/102/2174
f 2130/97/2169 2135/102/2174 2131/98/2170
f 2131/98/2170 2135/102/2174 2136/103/2175
f 2131/98/2170 2136/103/2175 2132/99/2171
f 2132/99/2171 2136/103/2175 2137/104/2176
f 2132/99/2171 2137/104/2176 2133/100/2172
f 2133/100/2172 2137/104/2176 2126/93/2165
f 2133/100/2172 2126/93/2165 2125/92/2164
f 2116/105/2156 2096/106/2144 2097/107/2177
f 2115/108/2155 2096/106/2144 2116/105/2156
f 2115/108/2155 2095/109/2143 2096/106/2144
f 2114/110/2021 2095/109/2143 2115/108/2155
f 2114/110/2021 2091/111/1996 2095/109/2143
f 2113/112/2020 2091/111/1996 2114/110/2021
f 2113/112/2020 2092/113/1997 2091/111/1996
f 2116/105/2156 2097/107/2177 2105/114/2152
f 2105/114/2152 2097/107/2177 2098/115/2146
f 2105/114/2152 2098/115/2146 2104/116/2151
f 2104/116/2151 2098/115/2146 2099/117/2147
f 2104/116/2151 2099/117/2147 2103/118/2150
f 2103/118/2150 2099/117/2147 2100/119/2005
f 2103/118/2150 2100/119/2005 2101/120/2148
f 2101/120/2148 2100/119/2005 2079/121/1982
f 2101/120/2148 2079/121/1982 2102/122/2178
f 2079/121/1982 2106/123/2153 2102/122/2178
f 2079/121/1982 2078/124/1981 2106/123/2153
f 2078/124/1981 2107/125/2013 2106/123/2153
f 2078/124/1981 2077/126/1980 2107/125/2013
f 2077/126/1980 2108/127/2014 2107/125/2013
f 2077/126/1980 2081/128/1986 2108/127/2014
f 2081/128/1986 2109/129/2015 2108/127/2014
f 2081/128/1986 2083/130/1988 2109/129/2015
f 2083/130/1988 2110/131/2046 2109/129/2015
f 2083/130/1988 2085/132/2047 2110/131/2046
f 2087/133/1992 2110/131/2046 2085/132/2047
f 2087/133/1992 2111/134/2018 2110/131/2046
f 2093/135/1998 2111/134/2018 2087/133/1992
f 2093/135/1998 2112/136/2019 2111/134/2018
f 2092/113/1997 2112/136/2019 2093/135/1998
f 2092/113/1997 2113/112/2020 2112/136/2019
f 2138/137/2179 2139/138/2180 2140/139/2181
f 2139/138/2180 2141/140/2182 2140/139/2181
f 2140/139/2181 2141/140/2182 2142/141/2183
f 2140/139/2181 2142/141/2183 2143/142/2184
f 2138/137/2179 2140/139/2181 2143/142/2184
f 2144/143/2185 2138/137/2179 2143/142/2184
f 2144/143/2185 2143/142/2184 2145/144/2186
f 2146/145/2187 2144/143/2185 2145/144/2186
f 2142/141/2183 2141/140/2182 2139/138/2180
f 2147/146/2188 2142/141/2183 2139/138/2180
f 2148/147/2189 2142/141/2183 2147/146/2188
f 2148/147/2189 2149/148/2190 2142/141/2183
f 2142/141/2183 2149/148/2190 2143/142/2184
f 2150/149/2191 2143/142/2184 2149/148/2190
f 2150/149/2191 2145/144/2186 2143/142/2184
f 2151/150/2192 2145/144/2186 2150/149/2191
f 2146/145/2187 2145/144/2186 2151/150/2192
f 2152/151/2193 2146/145/2187 2151/150/2192
f 2152/151/2193 2153/152/2194 2146/145/2187
f 2148/147/2189 2147/146/2188 2154/153/2195
f 2148/147/2189 2154/153/2195 2149/148/2190
f 2154/153/2195 2155/154/2196 2149/148/2190
f 2149/148/2190 2155/154/2196 2156/155/2197
f 2149/148/2190 2156/155/2197 2150/149/2191
f 2156/155/2197 2157/156/2198 2150/149/2191
f 2151/150/2192 2150/149/2191 2157/156/2198
f 2152/151/2193 2151/150/2192 2157/156/2198
f 2154/153/2195 2147/146/2188 2155/154/2196
f 2156/155/2197 2158/157/2199 2157/156/2198
f 2158/157/2199 2159/158/2200 2157/156/2198
f 2152/151/2193 2157/156/2198 2159/158/2200
f 2159/158/2200 2160/159/2201 2152/151/2193
f 2160/159/2201 2161/160/2202 2152/151/2193
f 2161/160/2202 2153/152/2194 2152/151/2193
f 2161/160/2202 2162/161/2203 2153/152/2194
f 2163/162/2204 2162/161/2203 2161/160/2202
f 2163/162/2204 2160/159/2201 2162/161/2203
f 2162/161/2203 2160/159/2201 2164/163/2205
f 2158/157/2199 2165/164/2206 2159/158/2200
f 2165/164/2206 2166/165/2207 2159/158/2200
f 2166/165/2207 2160/159/2201 2159/158/2200
f 2166/165/2207 2167/166/2208 2160/159/2201
f 2160/159/2201 2167/166/2208 2164/163/2205
f 2164/163/2205 2167/166/2208 2166/165/2207
f 2165/164/2206 2164/163/2205 2166/165/2207
f 2160/159/2201 2163/162/2204 2161/160/2202
f 2168/137/2209 2169/138/2210 2170/139/2211
f 2169/138/2210 2171/140/2212 2170/139/2211
f 2170/139/2211 2171/140/2212 2172/141/2213
f 2170/139/2211 2172/141/2213 2173/142/2214
f 2168/137/2209 2170/139/2211 2173/142/2214
f 2174/143/2215 2168/137/2209 2173/142/2214
f 2174/143/2215 2173/142/2214 2175/144/2085
f 2176/145/2216 2174/143/2215 2175/144/2085
f 2172/141/2213 2171/140/2212 2169/138/2210
f 2177/146/2217 2172/141/2213 2169/138/2210
f 2178/147/2218 2172/141/2213 2177/146/2217
f 2178/147/2218 2179/148/2219 2172/141/2213
f 2172/141/2213 2179/148/2219 2173/142/2214
f 2180/149/2220 2173/142/2214 2179/148/2219
f 2180/149/2220 2175/144/2085 2173/142/2214
f 2181/150/2221 2175/144/2085 2180/149/2220
f 2176/145/2216 2175/144/2085 2181/150/2221
f 2182/151/2222 2176/145/2216 2181/150/2221
f 2182/151/2222 2183/152/2223 2176/145/2216
f 2178/147/2218 2177/146/2217 2184/153/2224
f 2178/147/2218 2184/153/2224 2179/148/2219
f 2184/153/2224 2185/154/2225 2179/148/2219
f 2179/148/2219 2185/154/2225 2186/155/2226
f 2179/148/2219 2186/155/2226 2180/149/2220
f 2186/155/2226 2187/156/2227 2180/149/2220
f 2181/150/2221 2180/149/2220 2187/156/2227
f 2182/151/2222 2181/150/2221 2187/156/2227
f 2184/153/2224 2177/146/2217 2185/154/2225
f 2186/155/2226 2188/157/2228 2187/156/2227
f 2188/157/2228 2189/158/2229 2187/156/2227
f 2182/151/2222 2187/156/2227 2189/158/2229
f 2189/158/2229 2190/159/2230 2182/151/2222
f 2190/159/2230 2191/160/2231 2182/151/2222
f 2191/160/2231 2183/152/2223 2182/151/2222
f 2191/160/2231 2192/161/2232 2183/152/2223
f 2193/162/2233 2192/161/2232 2191/160/2231
f 2193/162/2233 2190/159/2230 2192/161/2232
f 2192/161/2232 2190/159/2230 2194/163/2234
f 2188/157/2228 2195/164/2235 2189/158/2229
f 2195/164/2235 2196/165/2236 2189/158/2229
f 2196/165/2236 2190/159/2230 2189/158/2229
f 2196/165/2236 2197/166/2237 2190/159/2230
f 2190/159/2230 2197/166/2237 2194/163/2234
f 2194/163/2234 2197/166/2237 2196/165/2236
f 2195/164/2235 2194/163/2234 2196/165/2236
f 2190/159/2230 2193/162/2233 2191/160/2231

g Unknown6
usemtl Unknown6
f 2198/1598/2238 2199/1599/2239 2200/1600/2238
f 2200/1600/2238 2201/1601/2240 2198/1598/2238
f 2202/1598/2241 2198/1599/2242 2201/1600/2241
f 2201/1600/2241 2203/1601/2243 2202/1598/2241
f 2204/1598/2244 2202/1599/2245 2203/1600/2244
f 2203/1600/2244 2205/1601/2246 2204/1598/2244
f 2199/1598/2247 2204/1599/2248 2205/1600/2247
f 2205/1600/2247 2200/1601/2249 2199/1598/2247
f 2200/1598/2250 2205/1599/2251 2203/1600/2250
f 2203/1600/2250 2201/1601/2252 2200/1598/2250
f 2199/1599/2253 2198/1600/2254 2202/1601/2253
f 2202/1601/2253 2204/1598/2255 2199/1599/2253

g Unknown7
usemtl Unknown7
f 2206/1600/2256 2207/1601/2256 2208/1598/2256
f 2208/1598/2256 2209/1599/2257 2206/1600/2256
f 2207/1600/2258 2210/1601/2258 2211/1598/2258
f 2211/1598/2258 2208/1599/2258 2207/1600/2258
f 2210/1600/2259 2212/1601/2259 2213/1598/2259
f 2213/1598/2259 2211/1599/2259 2210/1600/2259
f 2212/1600/2260 2206/1601/2260 2209/1598/2260
f 2209/1598/2260 2213/1599/2261 2212/1600/2260
f 2210/1600/2262 2207/1601/2263 2206/1598/2262
f 2206/1598/2262 2212/1599/2264 2210/1600/2262
f 2211/1601/2265 2213/1598/2265 2209/1599/2265
f 2209/1599/2265 2208/1600/2265 2211/1601/2265

