# GBX.NET 2 - CPlugSolid - OBJ Exporter (.obj)
# Exported at 2026-01-06 00:11:07
# Modified: mudguard faces removed

v 0.36612496 0.70091665 -0.6019167
v 0.35932288 0.6218021 -0.6
v 0.5262572 0.6177458 -0.5999043
v 0.23300001 0.7555 0.36350003
v 0.233 0.7455 0.36350003
v 0.2265 0.7575 0.27950004
v -0.23300001 0.7555 0.36350003
v -0.2265 0.7575 0.27950004
v -0.233 0.7455 0.36350003
v -0.2315 0.74200004 0.36450002
v -0.32200003 0.66650003 0.26400003
v -0.2325 0.75949997 0.34000006
v 0.2315 0.74200004 0.36450002
v 0.2325 0.7455 0.33550003
v 0.32199997 0.66650003 0.26400003
v -0.30700004 0.7035 0.26500002
v 0.12325008 0.21437503 -1.5356252
v 0.12317865 0.14532144 -1.1545002
v 0.12287508 0.40170828 -1.5681251
v -0.12325006 0.21437503 -1.5356252
v -0.122875065 0.40170828 -1.5681251
v -0.12317864 0.14532144 -1.1545002
v -0.44300002 0.85050005 -1.7380003
v -0.44350004 0.828 -1.6380001
v -0.44350004 0.8345 -1.6395001
v -0.44300005 0.8435001 -1.7390002
v -0.44350004 0.88770455 -1.7955027
v -0.44350004 0.8936481 -1.790352
v 0.44299996 0.85050005 -1.7380003
v 0.44349998 0.8345 -1.6395001
v 0.44349998 0.828 -1.6380001
v 0.443 0.8435001 -1.7390002
v 0.44349998 0.88770455 -1.7955027
v 0.44349998 0.8936481 -1.790352
v 0.0 0.8475 -1.6395001
v 0.0 0.841 -1.6380001
v 0.0 0.9000563 -1.8116509
v 0.0 0.9060001 -1.8050001
v 0.0 0.8565001 -1.7555001
v 0.0 0.86350006 -1.7565001
v -0.41620836 0.7329999 -0.59749997
v -0.36612502 0.70091665 -0.6019167
v -0.3878338 0.724689 -0.5991081
v -0.5372457 0.6226603 -0.5976038
v -0.35932294 0.6218021 -0.6
v -0.5170139 0.6767361 -0.59749997
v 0.38783374 0.724689 -0.5991081
v 0.4162083 0.7329999 -0.59749997
v 0.5024167 0.689413 -0.5912722
v 0.5410992 0.62937987 -0.59751254
v 0.108500004 0.8315 0.27850002
v 0.108500004 0.83849996 0.27950004
v 0.0 0.846 0.27850002
v 0.0 0.85300004 0.27950004
v -0.10849999 0.83849996 0.27950004
v -0.10849999 0.8315 0.27850002
v 0.36749998 0.194875 -0.37099996
v 0.36717758 0.15271813 -0.37099996
v 0.367375 0.13612504 -0.36099997
v 0.36725 0.12925002 -0.9305001
v 0.36699998 0.15300001 -0.9305001
v 0.36725 0.19825003 -1.2810001
v 0.36774996 0.15974998 -1.3035002
v 0.36774996 0.27062497 -1.4701251
v 0.367375 0.3782083 -1.477125
v -0.36750004 0.194875 -0.37099996
v -0.36737508 0.13612504 -0.36099997
v -0.36717764 0.15271813 -0.37099996
v -0.36725006 0.12925002 -0.9305001
v -0.36700004 0.15300001 -0.9305001
v -0.36725006 0.19825003 -1.2810001
v -0.36775002 0.15974998 -1.3035002
v -0.36775002 0.27062497 -1.4701251
v -0.36737505 0.3782083 -1.477125
v -0.6435001 0.492 1.8474997
v -0.6435001 0.47949997 1.8439997
v -0.20200013 0.47949997 1.8439997
v -0.20200013 0.492 1.8474997
v 0.20200013 0.47949997 1.8439997
v 0.6435001 0.47949997 1.8439997
v 0.6435001 0.492 1.8474997
v 0.20200013 0.492 1.8474997
v 0.31955445 0.59940827 -1.5264819
v 0.33131942 0.59763896 -1.5158195
v 0.3386406 0.5997578 -1.4936467
v 0.33449998 0.6065001 -1.4925001
v 0.21162109 0.62774086 -1.5629337
v 0.23850001 0.63650006 -1.4925001
v 0.13764215 0.67494667 -1.5773033
v 0.17175001 0.6965 -1.4935001
v -0.13764215 0.67494667 -1.5773033
v 0.25699997 0.6460001 -1.4200001
v 0.33249998 0.611 -1.4200001
v 0.35299996 0.59 -1.4200001
v 0.3378055 0.5908195 -1.4899029
v 0.0 0.70475 -1.4935001
v -0.17175001 0.6965 -1.4935001
v -0.23850001 0.63650006 -1.4925001
v -0.21162109 0.62774086 -1.5629337
v -0.33450004 0.6065001 -1.4925001
v -0.3195545 0.59940827 -1.5264819
v -0.33864066 0.5997578 -1.4936467
v -0.33131948 0.59763896 -1.5158195
v -0.25700003 0.6460001 -1.4200001
v -0.33250004 0.611 -1.4200001
v -0.35300002 0.59 -1.4200001
v -0.33780557 0.5908195 -1.4899029
v -0.2325 0.759 0.36450005
v -0.10999999 0.77500004 0.5535
v 0.0 0.5740763 0.63776714
v 0.0 0.7864999 0.5765
v 0.11000001 0.77500004 0.5535
v -0.10999999 0.8055 0.5545
v 0.0 0.8130001 0.5775
v 0.11000001 0.8055 0.5545
v 0.2325 0.759 0.36450005
v 0.2325 0.75949997 0.34000006
v 0.30699998 0.7035 0.26500002
v -0.24317668 0.82798475 -1.2362592
v -0.30246726 0.8805849 -0.7882158
v -0.2977987 0.89001876 -0.7562087
v -0.23016837 0.8300199 -1.2672735
v -0.26440987 0.91417617 -0.7353313
v -0.19182785 0.8497842 -1.2838153
v -0.2260693 0.93394035 -0.7518731
v -0.15843904 0.8739415 -1.2629379
v -0.21306099 0.9359756 -0.7828875
v -0.15377045 0.88337547 -1.2309312
v 0.29779863 0.89001876 -0.7562087
v 0.3024672 0.8805849 -0.7882158
v 0.24317668 0.82798475 -1.2362592
v 0.23016837 0.8300199 -1.2672735
v 0.2644098 0.91417617 -0.7353313
v 0.19182785 0.8497842 -1.2838153
v 0.2260693 0.93394035 -0.7518731
v 0.15843904 0.8739415 -1.2629379
v 0.21306099 0.9359756 -0.7828875
v 0.15377045 0.88337547 -1.2309312
v 0.0 0.611 -1.4200001
v 0.63400006 0.27099994 1.7900001
v 0.2290001 0.29349998 1.79
v 0.22900012 0.31149998 1.7900001
v 0.63400006 0.28899997 1.7900001
v -0.63400006 0.27099994 1.7900001
v -0.22900012 0.31149998 1.7900001
v -0.2290001 0.29349998 1.79
v -0.63400006 0.28899997 1.7900001
v 0.24500015 0.5125 1.7234998
v 0.24500015 0.49249998 1.7234998
v -0.24500015 0.49249998 1.7234998
v -0.24500015 0.5125 1.7234998
v 0.6435001 0.49249998 1.7234998
v 0.6435001 0.5125 1.7234998
v -0.6435001 0.5125 1.7234998
v -0.6435001 0.49249998 1.7234998
v -0.29400066 0.4604999 1.6639996
v -0.65350074 0.2965 1.8199993
v -0.64700073 0.27599993 1.8174995
v -0.28700066 0.44049993 1.6614996
v 0.64700073 0.27599993 1.8174995
v 0.65350074 0.2965 1.8199993
v 0.2940006 0.4604999 1.6639996
v 0.2870006 0.44049993 1.6614996
v -0.33250004 0.5815 -1.5075002
v -0.31700003 0.5815 -1.5075002
v -0.31700003 0.887 -1.5950001
v -0.33250004 0.887 -1.5950001
v 0.31699997 0.887 -1.5950001
v 0.31699997 0.5815 -1.5075002
v 0.33249998 0.5815 -1.5075002
v 0.33249998 0.887 -1.5950001
v -0.33250004 0.5815 -1.4475001
v -0.31700003 0.5815 -1.4475001
v 0.31699997 0.5815 -1.4475001
v 0.33249998 0.5815 -1.4475001
v -0.31250063 0.46149996 1.6099997
v -0.30550063 0.44049993 1.6069996
v -0.67050064 0.27249995 1.7654994
v -0.67750067 0.293 1.7674993
v 0.67050064 0.27249995 1.7654994
v 0.30550057 0.44049993 1.6069996
v 0.31250057 0.46149996 1.6099997
v 0.67750067 0.293 1.7674993
v -0.6824999 0.25149998 -1.1900002
v -0.6824999 0.2335 -1.1900002
v -0.6824999 0.2335 -1.2125001
v -0.6824999 0.25149998 -1.2125001
v 0.6824999 0.2335 -1.2125001
v 0.6824999 0.2335 -1.1900002
v 0.6824999 0.25149998 -1.1900002
v 0.6824999 0.25149998 -1.2125001
v 0.62899995 0.26949996 1.8573902
v 0.62899995 0.26949993 1.7148899
v 0.62899995 0.24599999 1.7148899
v 0.62899995 0.24599999 1.8573902
v 0.7325 0.24600002 1.7148898
v 0.71 0.26949996 1.7148898
v 0.71000004 0.46250004 1.7148898
v 0.7325 0.489 1.7148899
v 0.65999997 0.48900002 1.7148898
v 0.65999997 0.46250004 1.7148898
v -0.62899995 0.26949996 1.8573902
v -0.62899995 0.24599999 1.7148899
v -0.62899995 0.26949993 1.7148899
v -0.62899995 0.24599999 1.8573902
v -0.7325 0.24600002 1.7148898
v -0.71 0.26949996 1.7148898
v -0.71000004 0.46250004 1.7148898
v -0.7325 0.489 1.7148899
v -0.65999997 0.48900002 1.7148898
v -0.65999997 0.46250004 1.7148898
v 0.15 0.37849998 -1.4952501
v 0.15 0.38975 -1.4952501
v 0.39004162 0.38968053 -1.476278
v 0.39017496 0.27062497 -1.4687
v -0.15000002 0.38975 -1.4952501
v -0.15 0.37849998 -1.4952501
v -0.39004168 0.38968053 -1.476278
v -0.390175 0.27062497 -1.4687
v 0.23750058 0.497 1.5999997
v 0.2305006 0.49599996 1.6159997
v 0.3370006 0.451 1.6599996
v 0.3440006 0.45250002 1.6439996
v -0.33700067 0.451 1.6599996
v -0.2305006 0.49599996 1.6159997
v -0.23750058 0.497 1.5999997
v -0.34400067 0.45250002 1.6439996
v -0.32750067 0.42349997 1.6534996
v -0.33450067 0.42450002 1.6374996
v -0.22800058 0.46949998 1.5934997
v -0.22100061 0.46799996 1.6094997
v 0.22800058 0.46949998 1.5934997
v 0.3345006 0.42450002 1.6374996
v 0.3275006 0.42349997 1.6534996
v 0.22100061 0.46799996 1.6094997
v -0.2290001 0.31149998 1.8449999
v -0.68200004 0.28899994 1.8449999
v -0.68200004 0.27099994 1.8449999
v -0.2290001 0.29349998 1.8449999
v 0.68200004 0.27099994 1.8449999
v 0.68200004 0.28899994 1.8449999
v 0.2290001 0.31149998 1.8449999
v 0.2290001 0.29349998 1.8449999
v -0.3589999 0.2335 -1.2600001
v -0.78740495 0.2335 -1.2600002
v -0.78740495 0.25149998 -1.2600002
v -0.3589999 0.25149998 -1.2600001
v 0.788371 0.25149998 -1.2600002
v 0.788371 0.2335 -1.2600002
v 0.35899985 0.2335 -1.2600001
v 0.35899985 0.25149998 -1.2600001
v -0.37649995 0.25149998 -0.98399997
v -0.78740495 0.25149998 -1.1965002
v -0.78740495 0.2335 -1.1965002
v -0.37649995 0.2335 -0.98399997
v 0.788371 0.2335 -1.1965002
v 0.788371 0.25149998 -1.1965002
v 0.3764999 0.25149998 -0.98399997
v 0.3764999 0.2335 -0.98399997
v 0.65999997 0.4625 1.85739
v 0.65999997 0.489 1.85739
v -0.65999997 0.489 1.85739
v -0.65999997 0.4625 1.85739
v 0.040447913 0.80954516 -1.4118334
v -0.04044792 0.80954516 -1.4118334
v -0.020624999 0.822 -1.4118334
v 0.077083334 0.64250004 -1.4118334
v -0.07708332 0.64250004 -1.4118334
v 0.14967501 0.21437502 -1.5357002
v 0.14954169 0.4169999 -1.5678543
v 0.0 0.4169999 -1.5737501
v 0.0 0.40199998 -1.5737503
v -0.14954168 0.4169999 -1.5678543
v -0.14967501 0.21437502 -1.5357002
v -0.31700003 0.8960001 -1.6700001
v -0.31700003 0.48550004 -1.5900002
v -0.33250004 0.48550004 -1.5900002
v -0.33250004 0.8960001 -1.6700001
v -0.33250004 0.4855 -1.4475001
v -0.31700003 0.4855 -1.4475001
v 0.33249998 0.48550004 -1.5900002
v 0.31699997 0.48550004 -1.5900002
v 0.31699997 0.8960001 -1.6700001
v 0.33249998 0.8960001 -1.6700001
v 0.33249998 0.4855 -1.4475001
v 0.31699997 0.4855 -1.4475001
v 0.27400005 0.31149998 1.5495
v 0.27400005 0.29349998 1.5495
v -0.2740001 0.31149998 1.5495
v -0.2740001 0.29349998 1.5495
v 0.68200004 0.28899994 1.7585
v 0.68200004 0.27099994 1.7585
v 0.27400005 0.29349998 1.5195
v 0.27400005 0.31149998 1.5195
v -0.2740001 0.29349998 1.5195
v -0.68200004 0.27099994 1.7585
v -0.68200004 0.28899994 1.7585
v -0.2740001 0.31149998 1.5195
v -0.39025 0.15974998 -1.3035002
v -0.39025003 0.12925002 -0.9305001
v -0.39025 0.13625002 -0.36099997
v 0.39024994 0.15974998 -1.3035002
v 0.39024994 0.12925002 -0.9305001
v 0.39024994 0.13625002 -0.36099997
v -0.71 0.26949996 1.8573902
v -0.7325 0.24599999 1.8573902
v -0.7100001 0.46250007 1.8573903
v -0.7325 0.48900002 1.8573902
v 0.71 0.26949996 1.8573902
v 0.7325 0.24599999 1.8573902
v 0.7100001 0.46250007 1.8573903
v 0.7325 0.48900002 1.8573902
v -0.330875 0.13475001 0.76987505
v -0.33087504 0.15825 0.769875
v -0.33325002 0.15825 0.42900005
v -0.33325005 0.13475001 0.42900005
v -0.5458751 0.15825 -0.46987495
v -0.545875 0.13475001 -0.469875
v 0.33324996 0.15825 0.42900005
v 0.33087498 0.15825 0.76987493
v 0.33087498 0.13475001 0.769875
v 0.33325 0.13475001 0.42900005
v 0.545875 0.15825 -0.46987495
v 0.545875 0.13475001 -0.46987495
v -0.6225001 0.48749998 1.7534999
v -0.70950013 0.48749998 1.7534999
v -0.70950013 0.5175 1.7534999
v -0.6225001 0.5175 1.7534999
v 0.70950013 0.5175 1.7534999
v 0.70950013 0.48749998 1.7534999
v 0.6225001 0.48749998 1.7534999
v 0.6225001 0.5175 1.7534999
v -0.8059999 0.4625 -1.2325002
v -0.8059999 0.49249998 -1.2325002
v -0.49449992 0.49249998 -1.2325001
v -0.49449992 0.4625 -1.2325001
v 0.49449986 0.49249998 -1.2325001
v 0.8059999 0.49249998 -1.2325002
v 0.8059999 0.4625 -1.2325002
v 0.49449986 0.4625 -1.2325001
v -0.14550012 0.5175 1.7534999
v -0.14550012 0.48749998 1.7534999
v -0.26750013 0.48749998 1.7534999
v -0.26750013 0.5175 1.7534999
v -0.14550012 0.5175 1.7914997
v -0.26750013 0.5175 1.7914997
v -0.26750013 0.48749998 1.7914997
v -0.14550012 0.48749998 1.7914997
v 0.26750007 0.48749998 1.7534999
v 0.14550012 0.48749998 1.7534999
v 0.14550012 0.5175 1.7534999
v 0.26750007 0.5175 1.7534999
v 0.26750007 0.48749998 1.7914997
v 0.26750007 0.5175 1.7914997
v 0.14550012 0.5175 1.7914997
v 0.14550012 0.48749998 1.7914997
v -0.6225001 0.48749998 1.7914997
v -0.6225001 0.5175 1.7914997
v -0.70950013 0.5175 1.7914997
v -0.70950013 0.48749998 1.7914997
v 0.70950013 0.5175 1.7914997
v 0.6225001 0.5175 1.7914997
v 0.6225001 0.48749998 1.7914997
v 0.70950013 0.48749998 1.7914997
v -0.49449992 0.4625 -1.1780001
v -0.49449992 0.49249998 -1.1780001
v -0.8059999 0.49249998 -1.1780002
v -0.8059999 0.4625 -1.1780002
v 0.8059999 0.49249998 -1.1780002
v 0.49449986 0.49249998 -1.1780001
v 0.49449986 0.4625 -1.1780001
v 0.8059999 0.4625 -1.1780002
v -0.29550004 0.59849995 -0.30499995
v -0.32950002 0.59849995 -0.13599998
v -0.2595001 0.64550006 -0.12950003
v -0.27065372 0.6015 0.17868137
v -0.18 0.59849995 -0.089000024
v -0.19539133 0.5505001 0.17322013
v -0.1935 0.65742666 0.3462794
v -0.157 0.63184637 0.34670976
v -0.34745398 0.5505001 0.18450996
v -0.22999999 0.6349639 0.35834435
v 0.2595 0.64550006 -0.12950003
v 0.32949996 0.59849995 -0.13599998
v 0.29549998 0.59849995 -0.30499995
v 0.27065367 0.6015 0.17868137
v 0.34745392 0.5505001 0.18450996
v 0.1935 0.65742666 0.3462794
v 0.22999999 0.6349639 0.35834435
v 0.18000002 0.59849995 -0.089000024
v 0.19539133 0.5505001 0.17322013
v 0.157 0.63184637 0.34670976
v -0.37649995 0.25149998 -1.0240002
v -0.37649995 0.2335 -1.0240002
v -0.3589999 0.2335 -1.2125001
v -0.3589999 0.25149998 -1.2125001
v 0.3764999 0.25149998 -1.0240002
v 0.3764999 0.2335 -1.0240002
v 0.35899985 0.2335 -1.2125001
v 0.35899985 0.25149998 -1.2125001
v 0.1799687 0.7433741 -0.38265273
v 0.16185269 0.7854641 -0.4424403
v 0.0 0.78499955 -0.444118
v 0.164 0.28599998 -0.29499996
v 0.2165961 0.74297976 -0.37759265
v 0.194 0.28599998 -0.22299999
v 0.30599996 0.72999996 -0.36249998
v -0.164 0.28599998 -0.29499996
v -0.1799687 0.7433741 -0.38265273
v -0.2165961 0.74297976 -0.37759265
v -0.194 0.28599998 -0.22299999
v -0.30600002 0.72999996 -0.36249998
v -0.16185269 0.7854641 -0.4424403
v 0.114 0.6920104 -1.3461876
v 0.10433335 0.7208333 -1.4102501
v 0.09766666 0.64250004 -1.4101666
v 0.088083334 0.70982146 -1.4962807
v 0.088083334 0.7048334 -1.4899168
v -0.095885396 0.64250004 -1.4111772
v -0.10433333 0.7208333 -1.4102501
v -0.113999985 0.6920104 -1.3461876
v -0.08808332 0.7048334 -1.4899168
v -0.08808332 0.70982146 -1.4962807
v 0.0 0.15850002 0.7706666
v 0.0 0.13450003 0.7706667
v 0.14912501 0.11162502 -0.9305001
v 0.27560744 0.42657304 1.6432989
v 0.28897715 0.44015905 1.5894899
v 0.252184 0.516005 1.6203728
v 0.24575211 0.5053489 1.6542546
v -0.25218406 0.516005 1.6203728
v -0.2889772 0.44015905 1.5894899
v -0.2756075 0.42657304 1.6432989
v -0.24575211 0.5053489 1.6542546
v -0.5237026 0.4666558 -1.2863871
v -0.4762917 0.49405894 -1.4654794
v -0.47456947 0.56784725 -1.4655834
v -0.52992016 0.5144998 -1.2796994
v 0.5237114 0.45964715 -1.2865627
v 0.53017664 0.51470226 -1.2797601
v 0.4745694 0.56784725 -1.4655834
v 0.47629163 0.49405894 -1.4654794
v 0.58641666 0.51428115 -1.0810418
v 0.58149564 0.4456658 -1.0781524
v 0.6555 0.50500005 -0.7885
v 0.6512539 0.35084936 -0.79530686
v -0.227 0.5715 -1.4715002
v -0.227 0.642 -1.4715002
v -0.1815 0.6815 -1.5180001
v -0.1815 0.5715 -1.5180001
v 0.0 0.5715 -1.5305002
v 0.0 0.697116 -1.5305002
v 0.1815 0.6815 -1.5180001
v 0.1815 0.5715 -1.5180001
v 0.227 0.5715 -1.4715002
v 0.227 0.642 -1.4715002
v -0.58641666 0.51428115 -1.0810418
v -0.6555 0.50500005 -0.7885
v -0.58149564 0.4456658 -1.0781524
v -0.6512539 0.35084936 -0.79530686
v 0.06400001 0.70900005 -0.34549996
v 0.11250001 0.75150007 -0.28799996
v 0.27649996 0.6735 -0.20449999
v 0.047499996 0.71900004 -0.18149999
v 0.0 0.71900004 -0.18149999
v 0.143 0.423 -0.025000006
v -0.063999996 0.70900005 -0.34549996
v -0.1125 0.75150007 -0.28799996
v -0.27650002 0.6735 -0.20449999
v -0.047500003 0.71900004 -0.18149999
v -0.143 0.423 -0.025000006
v 0.0 0.4604999 0.012999997
v 0.0 0.41150004 0.1875
v 0.1495 0.25349995 0.1295
v 0.1491875 0.16918752 0.1295
v 0.14909376 0.1115938 -0.37099996
v 0.1495 0.25349995 -0.93050003
v 0.15 0.29049996 -1.1730001
v 0.15 0.37399998 -1.2930001
v 0.15 0.4169999 -1.3715001
v -0.14912501 0.11162502 -0.9305001
v -0.14909375 0.1115938 -0.37099996
v -0.1491875 0.16918752 0.1295
v -0.1495 0.25349995 0.1295
v -0.1495 0.25349995 -0.93050003
v -0.15 0.29049996 -1.1730001
v -0.15 0.37399998 -1.2930001
v -0.15 0.4169999 -1.3715001
v 0.0 0.51800007 -1.2695001
v 0.0 0.51850003 -1.0800002
v 0.40499997 0.42499998 -0.368
v 0.0 0.425 -0.368
v -0.40500003 0.42499998 -0.368
v 0.39024994 0.38724998 -1.2620001
v 0.15 0.38749996 -1.2620002
v 0.15 0.195 -0.93050003
v 0.38974997 0.19474998 -0.9305001
v 0.38974997 0.19474998 -0.37099996
v 0.15 0.195 -0.37099996
v -0.39025 0.38724998 -1.2620001
v -0.15 0.38749996 -1.2620002
v -0.15 0.195 -0.93050003
v -0.38975006 0.19474998 -0.9305001
v -0.38975003 0.19474998 -0.37099996
v -0.15 0.195 -0.37099996
v 0.26599997 0.29299995 -0.43299994
v 0.1635 0.232 -0.43299994
v 0.1635 0.232 -1.1430001
v 0.26899996 0.29949996 -1.1430001
v 0.2695 0.43674996 -0.43299994
v 0.2695 0.43674996 -1.1430001
v 0.32288077 0.5227619 -0.43299994
v 0.32288077 0.5227619 -1.143
v -0.1635 0.232 -1.1430001
v -0.1635 0.232 -0.43299994
v -0.26600003 0.29299995 -0.43299994
v -0.26900002 0.29949996 -1.1430001
v -0.26950005 0.43674996 -0.43299994
v -0.26950005 0.43674996 -1.1430001
v -0.32288083 0.5227619 -0.43299994
v -0.32288083 0.5227619 -1.143
v -0.47500002 0.22250003 -1.2800001
v -0.47500002 0.22250003 -1.0150002
v -0.47500002 0.48500007 -1.0150001
v -0.47500002 0.48500007 -1.2800001
v 0.47499996 0.22250003 -1.0150001
v 0.47499996 0.48500007 -1.0150001
v 0.47499996 0.48500004 -1.2800001
v 0.47499996 0.22250003 -1.2800001
v -0.093647346 0.98219395 -0.46710476
v 0.046529185 1.0176169 -0.46710476
v -0.046529192 1.0176169 -0.46710476
v 0.09364736 0.98219395 -0.46710476
v 0.116291426 0.83387685 -0.46710476
v -0.11629141 0.83387685 -0.46710476
v 0.5755001 0.7770354 -1.7093195
v 0.6351729 0.74047226 -1.4149028
v 0.52953833 0.8492066 -1.3952224
v 0.46299997 0.89816743 -1.7506988
v 0.0 0.8767813 -1.3903601
v 0.0 0.92440623 -1.7699343
v -0.46300003 0.89816743 -1.7506988
v -0.52953833 0.8492066 -1.3952224
v -0.5755001 0.7770354 -1.7093195
v -0.6351729 0.74047226 -1.4149028
v 0.108500004 0.77949995 0.603
v 0.0 0.7885 0.628
v -0.10849999 0.77949995 0.603
v 0.108500004 0.76299995 0.621
v 0.0 0.77500004 0.622
v -0.10849999 0.76299995 0.621
v -0.775 0.19800001 0.26000005
v -0.595 0.19800001 0.26000005
v -0.595 0.51800007 0.26000005
v -0.75 0.51800007 0.26000005
v 0.595 0.51800007 0.26000005
v 0.595 0.19800001 0.26000005
v 0.775 0.19800001 0.26000005
v 0.75 0.51800007 0.26000005
v 0.37899998 0.49799994 -1.4170002
v 0.37899998 0.56750005 -1.4395002
v 0.33149996 0.49649993 -1.6125001
v 0.33149996 0.43199995 -1.5780001
v 0.41999996 0.49799994 -1.4170002
v 0.36749998 0.4215 -1.5970001
v 0.44149998 0.5305 -1.4280002
v 0.38499996 0.44900003 -1.6235001
v 0.41999996 0.56750005 -1.4395002
v 0.29249996 0.48500004 -1.6325002
v 0.29249996 0.42049995 -1.5980002
v 0.29249996 0.40099993 -1.6365001
v 0.29249996 0.423 -1.6715001
v 0.29249996 0.46550003 -1.6700001
v 0.36749998 0.48599997 -1.6305001
v -0.29250002 0.48500004 -1.6325002
v -0.29250002 0.42049995 -1.5980002
v -0.29250002 0.40099993 -1.6365001
v -0.29250002 0.423 -1.6715001
v -0.29250002 0.46550003 -1.6700001
v -0.33150002 0.43199995 -1.5780001
v -0.36750004 0.4215 -1.5970001
v -0.38500002 0.44900003 -1.6235001
v -0.36750004 0.48599997 -1.6305001
v -0.33150002 0.49649993 -1.6125001
v -0.37900004 0.49799994 -1.4170002
v -0.42000002 0.49799994 -1.4170002
v -0.44150004 0.5305 -1.4280002
v -0.42000002 0.56750005 -1.4395002
v -0.37900004 0.56750005 -1.4395002
v 0.37850004 0.21200001 0.6595
v 0.432 0.21524996 0.26000002
v 0.43174997 0.50875 0.26000002
v 0.41349998 0.51150006 0.5605
v -0.43175003 0.50875 0.26000002
v -0.43200007 0.21524996 0.26000002
v -0.3785001 0.21200001 0.6595
v -0.41350004 0.51150006 0.5605
v -0.74525005 0.49949995 0.26000002
v -0.7505001 0.5015 0.48300007
v -0.7649999 0.2115 0.5335
v -0.76075 0.21474999 0.26000002
v 0.765 0.2115 0.5335
v 0.7505001 0.5015 0.48300007
v 0.74525005 0.49949995 0.26000002
v 0.76075 0.21474999 0.26000002
v -0.86112165 0.1325 1.5592098
v -0.86112165 0.1325 1.99921
v -0.86112165 0.5725 1.99921
v -0.86112165 0.5725 1.5592098
v 0.2285 0.316 0.84599996
v 0.30218953 0.6976017 0.52436316
v 0.3245 0.6584999 0.0875
v 0.24850002 0.21600002 0.14050001
v -0.32450005 0.6584999 0.0875
v -0.3021896 0.6976017 0.52436316
v -0.2285 0.316 0.84599996
v -0.24850002 0.21600002 0.14050001
v -0.15 0.19850004 -1.2810001
v -0.14897987 0.153 -0.93050003
v -0.14897986 0.153 -0.37081006
v 0.15 0.19850004 -1.2810001
v 0.14897987 0.153 -0.93050003
v 0.14897986 0.153 -0.37081006
v 0.35467914 0.19785523 -0.39740834
v 0.0 0.18582642 -0.35763535
v -0.3546792 0.19785523 -0.39740834
v 0.36840132 0.3184174 -0.37403676
v -0.4004393 0.3184174 -0.37403676
v -0.32360414 0.5957759 0.8106723
v 0.3333042 0.5957759 0.8106723
v -0.116758406 0.843111 -1.222829
v -0.17643987 0.89605814 -0.7718318
v -0.19164434 0.8941166 -0.7355336
v -0.23836838 0.8701033 -0.7155404
v -0.27909073 0.84027594 -0.7407845
v -0.2845219 0.82966393 -0.77833986
v -0.22484048 0.776717 -1.2293372
v -0.20963605 0.77865857 -1.2656357
v -0.16291955 0.80316824 -1.2856879
v -0.12218967 0.8324992 -1.2603843
v 0.11675842 0.843111 -1.222829
v 0.17643987 0.89605814 -0.7718318
v 0.19164434 0.8941166 -0.7355336
v 0.23836838 0.8701033 -0.7155404
v 0.122189686 0.8324992 -1.2603843
v 0.16291955 0.80316824 -1.2856879
v 0.20963605 0.77865857 -1.2656357
v 0.22484048 0.776717 -1.2293372
v 0.28452185 0.82966393 -0.77833986
v 0.27909067 0.84027594 -0.7407845
v 0.34046525 0.2605208 0.9647708
v 0.33454165 0.3198333 1.2119998
v 0.34213886 0.31799647 1.2119998
v 0.3169166 0.31830552 1.472111
v 0.31451386 0.26869443 1.4715832
v 0.32679242 0.32654426 1.4651226
v -0.31059727 0.18439233 0.95766664
v -0.27683163 0.1956042 1.4715832
v -0.2596042 0.18573093 1.4715832
v 0.29349998 0.43199995 -1.5565001
v 0.28699997 0.42549995 -1.4330001
v 0.28049996 0.41899994 -1.5590001
v 0.28049996 0.57100004 -1.5590001
v -0.29350004 0.43199995 -1.5565001
v -0.28050002 0.41899994 -1.5590003
v -0.28700003 0.42549995 -1.4330001
v -0.28050002 0.57100004 -1.5590001
v 0.5285121 0.6198889 -0.7043724
v -0.6436727 0.756084 -1.4141808
v 0.6436727 0.7560841 -1.4141808
v 0.5456016 0.51534724 -1.2803472
v 0.5300833 0.5146667 -1.2796668
v -0.600809 0.5163472 -1.0817753
v -0.5300833 0.5146667 -1.2796668
v -0.54606944 0.5169028 -1.2819029
v -0.52364236 0.4666563 -1.2864723
v -0.04623264 1.01829 -0.4671354
v -0.09388541 0.9826442 -0.4671354
v -0.046083335 1.0169168 -0.4865
v 0.046232633 1.01829 -0.4671354
v 0.046083327 1.0169168 -0.4865
v -0.46300003 0.9225568 -1.73929
v 0.46299997 0.9225568 -1.73929
v -0.37432644 0.21160711 0.88834405
v -0.7644295 0.19303933 0.5738461
v -0.3543831 0.19246262 0.9035892
v 0.35438308 0.19246264 0.9035892
v 0.7644295 0.19303933 0.5738461
v 0.37432638 0.21160711 0.88834405
v 0.22975825 0.82116497 -0.41828814
v 0.21805772 0.7891623 -0.40992594
v -0.32750002 0.7 0.26500002
v -0.33350003 0.66650003 0.26400003
v 0.32749996 0.7 0.26500002
v 0.33349997 0.66650003 0.26400003
v 0.42776516 0.7399155 -0.41543743
v 0.4265278 0.7175226 -0.342625
v -0.31987447 0.7032229 0.10072517
v -0.31072226 0.7030138 0.3062917
v -0.32135138 0.68476355 0.2752017
v 0.3198744 0.7032229 0.10072517
v 0.32135132 0.68476355 0.2752017
v 0.3107222 0.7030138 0.3062917
v -0.43806818 0.17171706 2.004566
v -0.113924034 0.16963625 1.9960889
v -0.14077535 0.17251074 2.01257
v 0.31721616 0.4031654 1.6528193
v 0.27063033 0.38940054 1.6465641
v 0.27560747 0.42657304 1.6432989
v -0.16053021 0.8149456 -0.46210322
v -0.21805774 0.7891623 -0.40992594
v -0.22975825 0.82116497 -0.41828814
v -0.41440254 0.5769031 0.26744625
v -0.42059898 0.7518507 -0.41543743
v -0.42428607 0.7354835 -0.47493753
v 0.39936078 0.5296148 0.63143885
v 0.35766253 0.27425352 0.8251393
v 0.34436455 0.17281248 0.28183338
v -0.3576626 0.27425352 0.8251393
v -0.3443646 0.17281248 0.28183338
v 0.14077535 0.17251074 2.01257
v 0.11392405 0.16963625 1.9960889
v 0.4381429 0.17727257 1.9927552
v 0.074763745 0.25244442 2.11182
v -0.39936078 0.5296148 0.63143885
v -0.11096007 0.7684255 0.8113958
v -0.21867952 0.7570857 0.5597913
v 0.21867952 0.7570857 0.5597913
v 0.11096008 0.7684255 0.8113958
v 0.15 0.46128115 -1.4920418
v 0.35909048 0.46325 -1.4668266
v 0.15232566 0.39024994 -1.4913334
v 0.35996547 0.38999996 -1.4674169
v -0.3550697 0.46128115 -1.282404
v -0.35909054 0.46325 -1.4668266
v -0.35996553 0.38999996 -1.4674169
v -0.3648822 0.39024994 -1.282404
v -0.15 0.46128115 -1.4920418
v -0.15232566 0.39024994 -1.4913334
v 0.35506964 0.46128115 -1.282404
v 0.36488214 0.39024994 -1.282404
v -0.28383175 0.18961123 1.4720051
v -0.3139167 0.26861456 1.472427
v -0.33400458 0.18987978 0.95844793
v -0.3450799 0.22063279 0.95844793
v -0.32679248 0.32654426 1.4651226
v -0.34213892 0.31799647 1.2119998
v -0.34722638 0.25954482 0.96493936
v 0.34026384 0.25163886 0.95830554
v 0.32891664 0.19415796 0.95766664
v 0.27683157 0.1956042 1.4715832
v 0.34507984 0.22063279 0.95844793
v 0.2838317 0.18961123 1.4720051
v 0.33400452 0.18987978 0.95844793
v -0.3404653 0.26052082 0.9647708
v -0.3345417 0.3198333 1.2119998
v -0.319 0.32779166 1.4652916
v -0.26388654 0.17784265 1.4720051
v -0.33262503 0.20052779 0.95766664
v -0.31382862 0.17862424 0.95844793
v 0.31382856 0.17862424 0.95844793
v 0.3105972 0.18439235 0.95766664
v -0.22148357 0.76035774 -0.36564127
v -0.23219618 0.7274791 -0.24463022
v -0.22990857 0.69678295 0.09724089
v -0.23926914 0.6581992 0.08660682
v -0.23587912 0.7464658 -0.011518493
v 0.23219618 0.7274791 -0.24463022
v 0.22148357 0.76035774 -0.36564127
v 0.22990857 0.69678295 0.09724089
v 0.23587912 0.7464658 -0.011518493
v 0.23926914 0.6581992 0.08660682
v -0.2706304 0.38940054 1.6465641
v -0.28298432 0.41005063 1.6447324
v -0.31721622 0.4031654 1.6528193
v 0.59371066 0.44592485 -1.078127
v 0.66627747 0.35789546 -0.8080441
v 0.73802435 0.19964935 -0.36947918
v 0.7257361 0.3048055 -0.59433335
v 0.7900005 0.20773172 -0.24163747
v 0.7496445 0.18613458 -0.25998175
v 0.79702246 0.18972209 0.0013919176
v -0.21483052 0.6405407 -1.563173
v 0.21483052 0.6405407 -1.563173
v 0.13771181 0.68958354 -1.5773083
v 0.197 0.5845 -1.5430001
v 0.2085 0.57171816 -1.5458459
v -0.2085 0.57171816 -1.5458459
v 0.2085 0.636 -1.5460001
v -0.4379896 0.22777951 1.9843923
v -0.4379896 0.21472049 1.9727324
v -0.43587595 0.2904056 1.9060984
v 0.8138086 0.20553356 0.007947817
v 0.81249887 0.20557123 0.40349185
v 0.7790039 0.20436129 0.56185555
v -0.7900005 0.20773172 -0.24163747
v -0.79702246 0.18972209 0.0013919176
v -0.8138086 0.20553356 0.007947817
v -0.81249887 0.20557123 0.40349185
v 0.048539925 0.8192395 -1.4100834
v -0.023826389 0.83188546 -1.4111668
v 0.600809 0.5163472 -1.0817753
v -0.07799489 0.9417921 -0.13926741
v -0.10999999 0.8995012 -0.146
v -0.0745093 0.89093053 -0.11440448
v -0.14050001 0.9151007 -0.21200001
v -0.1395 0.9306008 -0.27249998
v -0.08041966 0.98925996 -0.22265047
v -0.107999995 0.9766008 -0.33549997
v -0.10599999 0.9167259 -0.37121013
v -0.1355 0.8696009 -0.317
v -0.09899999 0.7596008 -0.34449998
v -0.1425 0.8161008 -0.20899999
v -0.07999999 1.0040131 -0.2932713
v -0.078499995 0.9951009 -0.35749993
v -0.074499995 0.94310087 -0.40649995
v -0.0675 0.7676009 -0.3845
v -0.11799999 0.73960084 -0.26149997
v -0.12049999 0.75110084 -0.21200001
v -0.100999996 0.77560085 -0.12849998
v -0.09399999 0.7201008 -0.15799999
v -0.053500004 0.75760084 -0.093500026
v -0.057000004 0.7006008 -0.09850002
v 0.0 0.74910086 -0.07750001
v 0.0 0.6961009 -0.08750001
v 0.056999996 0.7006008 -0.09850002
v 0.053499997 0.75760084 -0.093500026
v 0.094000004 0.7201008 -0.15799999
v 0.10100001 0.77560085 -0.12849998
v 0.120500006 0.75110084 -0.21200001
v 0.1425 0.8161008 -0.20899999
v 0.11800001 0.73960084 -0.26149997
v 0.09900001 0.7596008 -0.34449998
v 0.1355 0.8696009 -0.317
v 0.106000006 0.9167259 -0.37121013
v 0.1395 0.9306008 -0.27249998
v 0.10800001 0.9766008 -0.33549997
v 0.080419675 0.98925996 -0.22265047
v 0.077994905 0.9417921 -0.13926741
v 0.1405 0.9151007 -0.21200001
v 0.11000001 0.8995012 -0.146
v 0.06750002 0.7676009 -0.38450003
v 0.07450001 0.94310087 -0.40649995
v 0.07850001 0.9951009 -0.35749993
v 0.080000006 1.0040131 -0.2932713
v 0.074509315 0.89093053 -0.11440448
v 0.1060369 0.72574496 1.056996
v 0.104410164 0.70943666 1.2670884
v 0.10522749 0.70402074 1.1262423
v 0.09453023 0.630692 1.604014
v -0.10441015 0.70943666 1.2670884
v -0.10603689 0.72574496 1.056996
v -0.10522748 0.70402074 1.1262423
v -0.09453022 0.630692 1.604014
v 0.32994267 0.6173557 -1.4917501
v 0.34417358 0.5960001 -1.4917189
v 0.24098133 0.6492754 -1.4917809
v 0.16835614 0.71396196 -1.4917815
v 0.75396365 0.20463675 0.5815039
v 0.74820375 0.5031661 0.5665471
v 0.76929164 0.5198611 0.559309
v -0.41620836 0.7329999 -0.5975
v -0.3804167 0.79287493 -0.47583333
v -0.36205906 0.7874011 -0.7016771
v -0.38875002 0.7328334 -0.80649996
v -0.4858056 0.66897213 -0.80841666
v -0.5285121 0.6198889 -0.7043724
v -0.35383907 0.8031105 -0.34221694
v -0.32635203 0.8262347 -0.47572342
v -0.31739587 0.8245938 -0.611
v -0.30631948 0.75579166 -1.0550834
v -0.33989933 0.7122551 -1.0550834
v -0.3784983 0.6700016 -1.175481
v -0.37423268 0.6996646 0.097379856
v -0.32981324 0.7438892 -0.007743746
v -0.32352173 0.8004621 -0.23800108
v -0.24624361 0.8281181 -0.47499076
v -0.3884792 0.66936624 0.18630207
v -0.33348092 0.48050597 1.2571781
v -0.3160167 0.5346979 1.2676828
v -0.3333299 0.6231077 0.8329166
v -0.24238993 0.5940677 1.44893
v -0.27401066 0.6533787 1.0486234
v -0.21449307 0.667632 1.2524582
v -0.15756208 0.6592035 1.4237393
v -0.21127243 0.53906167 1.6783392
v -0.19016667 0.60347223 1.5553519
v -0.16597778 0.50931036 1.8171961
v -0.087324046 0.58820426 1.7280065
v -0.16504167 0.3860416 1.9511112
v -0.12694119 0.36584404 2.0235202
v -0.12287499 0.42362496 1.9719721
v -0.062168237 0.5011356 1.9016336
v 0.062168233 0.5011356 1.9016336
v 0.08824497 0.5903148 1.7260374
v -0.19530283 0.33129242 1.9222635
v -0.12655108 0.2778466 2.075044
v -0.09174323 0.2687638 2.1099813
v -0.092722215 0.3388194 2.076389
v -0.057002436 0.3934333 2.0398908
v 0.0 0.4461666 1.9852778
v 0.09587744 0.43604788 1.976663
v 0.16597778 0.50931036 1.8171961
v -0.043494795 0.31550345 2.1118004
v 0.049124997 0.34845832 2.0857918
v 0.10995834 0.2885972 2.095153
v 0.14382987 0.3505095 2.0134895
v 0.20830555 0.4515694 1.8064165
v 0.21127243 0.53906167 1.6783392
v -0.036521174 0.2660856 2.1301186
v 0.0 0.2932777 2.1276114
v 0.036521163 0.2660856 2.1301186
v 0.12655108 0.2778466 2.075044
v 0.1698739 0.3077354 1.9882654
v 0.19016667 0.60347223 1.5553519
v 0.25327444 0.631369 1.2687246
v 0.21449307 0.667632 1.2524582
v 0.15756208 0.6592035 1.4237393
v 0.2700942 0.7228184 0.56982434
v 0.31601664 0.5346979 1.2676828
v 0.33332983 0.6231077 0.8329166
v 0.28897715 0.44015908 1.5894899
v 0.33348086 0.48050597 1.2571781
v 0.38847914 0.66936624 0.18630207
v 0.37423262 0.6996646 0.097379856
v 0.32981318 0.7438892 -0.007743746
v 0.41440246 0.5769031 0.26744625
v 0.4143333 0.7331059 -0.2379514
v 0.353839 0.8031105 -0.34221694
v 0.32352167 0.8004621 -0.23800108
v 0.32635197 0.8262347 -0.47572342
v 0.24624361 0.8281181 -0.47499076
v 0.38041663 0.79287493 -0.47583333
v 0.37202775 0.7918333 -0.611
v 0.3173958 0.8245938 -0.611
v 0.23636122 0.8183911 -0.65847147
v 0.28653696 0.81589526 -0.75203604
v 0.21015278 0.8133182 -0.6809439
v 0.21251042 0.81404006 -0.65847147
v 0.38874996 0.7328334 -0.80649996
v 0.30631942 0.75579166 -1.0550834
v 0.26298437 0.78668404 -1.0550834
v 0.20386112 0.75680554 -1.2788335
v 0.12609166 0.7567445 -1.2827668
v 0.088083334 0.7048334 -1.4917481
v 0.46691313 0.6889757 -0.80841666
v 0.3148244 0.69803464 -1.1756119
v 0.49800518 0.64837325 -0.80841666
v 0.45497224 0.61520827 -1.0550835
v -0.23636122 0.8183911 -0.65847147
v -0.28653702 0.81589526 -0.75203604
v -0.26298442 0.78668404 -1.0550834
v -0.20386112 0.75680554 -1.2788335
v -0.26236114 0.72519445 -1.2788335
v -0.21015278 0.8133182 -0.6809439
v -0.21251042 0.81404006 -0.65847147
v -0.45497227 0.61520827 -1.0550834
v -0.32994276 0.6173557 -1.4917501
v -0.34417364 0.5960001 -1.491719
v -0.24098133 0.6492754 -1.4917809
v -0.16835612 0.71396196 -1.4917814
v -0.12609166 0.7567445 -1.2827668
v -0.088073485 0.7048334 -1.4915328
v -0.37619275 0.66662323 -0.2399028
v -0.36224785 0.61726654 -0.36725602
v 0.056999993 0.7120001 1.2939998
v 0.10500001 0.6855001 1.2939998
v 0.11200055 0.77013 0.8123769
v 0.0 0.7215 1.2939998
v -0.11049979 0.77013 0.8105311
v -0.057 0.7120001 1.2939998
v -0.105 0.6855001 1.2939998
v 0.23950002 0.7427289 0.5095
v -0.23950002 0.7427289 0.5095
v 0.18280812 0.8171524 -0.67961854
v 0.22101739 0.813125 -0.4756409
v 0.17880325 0.8171821 -0.4670798
v -0.18280812 0.8171524 -0.67961854
v -0.22101738 0.813125 -0.47564086
v -0.17880325 0.81718206 -0.4670798
v -0.43873614 0.5187778 0.6300833
v -0.41329935 0.5080799 0.6396327
v -0.41832295 0.51031244 0.55996877
v -0.74596876 0.5009376 0.48378125
v -0.74820375 0.5031661 0.5665471
v 0.4132993 0.5080799 0.6396327
v 0.4183229 0.51031244 0.55996877
v 0.43873608 0.5187778 0.6300833
v 0.74596876 0.5009376 0.48378128
v 0.16053021 0.8149456 -0.46210322
v 0.15233506 0.92678475 -0.46949998
v 0.09388542 0.9826442 -0.4671354
v 0.11683399 0.83422375 -0.4671354
v 0.10319293 1.0221124 -0.46949998
v 0.070786685 1.0408812 -0.46949998
v 0.0 1.0524168 -0.46949998
v -0.10319292 1.0221124 -0.46949998
v -0.13619314 0.97077954 -0.46949998
v -0.11683398 0.83422375 -0.4671354
v -0.76849306 0.516364 0.5615643
v -0.800967 0.5810764 0.009281248
v -0.79994446 0.5411389 0.40312502
v -0.7772812 0.5940746 -0.24028125
v -0.7107778 0.6022222 -0.59433335
v -0.60333335 0.5956527 -1.0550834
v -0.4745695 0.5678473 -1.4655836
v -0.7539637 0.20463677 0.5815039
v -0.3008492 0.32316837 1.4028397
v -0.21987846 0.25345483 1.7593766
v -0.19605328 0.27959383 1.895841
v -0.15815575 0.24242371 1.9466605
v -0.1987934 0.2331649 1.7588853
v -0.10018298 0.22266144 1.9867185
v -0.34704694 0.22851562 0.62052083
v -0.13045095 0.21377975 1.8319745
v -0.04248959 0.20317012 1.8989166
v -0.02355779 0.2229752 2.0731127
v -0.21237196 0.2129898 1.0046978
v 0.0 0.19873935 1.0046978
v 0.04248958 0.20317012 1.8989166
v 0.21237196 0.2129898 1.0046978
v 0.13045095 0.21377975 1.8319745
v 0.100182995 0.22266145 1.9867185
v 0.062441133 0.22900462 2.071172
v -0.018354166 0.2475208 2.1239898
v -0.07476372 0.25244442 2.1118197
v 0.0 0.9483616 -1.7560636
v 0.3622478 0.61726654 -0.36725602
v 0.7107779 0.60222226 -0.59433335
v 0.5430694 0.5845973 -1.2755834
v 0.7772812 0.5940746 -0.24028125
v 0.800967 0.5810764 0.009281248
v 0.79994446 0.5411389 0.40312502
v 0.3761927 0.66662323 -0.2399028
v 0.31623963 0.2918657 1.90354
v 0.21895988 0.29824388 1.9070913
v 0.18284374 0.23136634 1.9904774
v 0.43798953 0.22777951 1.9843923
v 0.43587565 0.28160962 1.9004998
v -0.52603835 0.88410896 -1.3916065
v 0.0 0.905775 -1.3877864
v 0.52603835 0.88410896 -1.3916065
v 0.43798953 0.21472049 1.9727324
v -0.20992148 0.7581189 -0.6612843
v -0.15833214 0.7895023 -0.65814173
v -0.22484784 0.89033 -0.70393944
v -0.26365608 0.8662922 -0.706253
v 0.22484784 0.89033 -0.70393944
v 0.15833214 0.7895023 -0.65814173
v 0.20992148 0.7581189 -0.6612843
v 0.26365602 0.8662922 -0.706253
v 0.12352669 0.68147296 -1.3141478
v 0.071937375 0.71285635 -1.3110051
v 0.14627159 0.82062024 -1.29772
v 0.18507987 0.7965824 -1.3000337
v -0.14627159 0.82062024 -1.29772
v -0.07193736 0.71285635 -1.3110051
v -0.12352668 0.68147296 -1.3141478
v -0.18507987 0.7965824 -1.3000337
v 0.249 0.81400007 -0.65900004
v 0.216 0.81400007 -0.65900004
v 0.1175359 1.0300436 -0.65900004
v 0.14146413 1.050957 -0.65900004
v 0.085439794 1.0957633 -0.65900004
v 0.0735602 1.0652367 -0.65900004
v -0.08543979 1.0957633 -0.65900004
v -0.073560186 1.0652368 -0.65900004
v -0.117535874 1.0300435 -0.65900004
v -0.14146411 1.0509568 -0.65900004
v -0.216 0.81400007 -0.65900004
v -0.249 0.81400007 -0.65900004
v 0.15815575 0.24242371 1.9466605
v 0.19605328 0.2795938 1.895841
v -0.31623968 0.2918657 1.90354
v 0.30084914 0.32316837 1.4028397
v 0.21987846 0.25345483 1.7593766
v 0.1987934 0.2331649 1.7588853
v 0.34704688 0.22851562 0.62052083
v -0.249 0.81400007 -0.475
v -0.216 0.81400007 -0.475
v -0.11982412 1.031706 -0.47500002
v -0.14146411 1.050957 -0.475
v -0.08543979 1.0957633 -0.47500002
v -0.075182505 1.0675538 -0.475
v 0.07518251 1.0675536 -0.475
v 0.085439794 1.0957633 -0.475
v 0.119824134 1.031706 -0.475
v 0.14146411 1.0509568 -0.475
v 0.216 0.81400007 -0.475
v 0.249 0.81400007 -0.475
v -0.18284374 0.23136634 1.9904774
v -0.21895988 0.29824388 1.9070913
v 0.29931033 0.8310587 -0.7774139
v 0.17059258 0.910006 -0.76964885
v 0.23891221 0.7774758 -1.2338272
v 0.11019443 0.8564232 -1.2260624
v -0.2993104 0.8310587 -0.7774139
v -0.17059258 0.910006 -0.76964885
v -0.23891221 0.7774758 -1.2338272
v -0.110194415 0.8564232 -1.2260624
v -0.3240938 0.6557499 0.09443751
v 0.32409373 0.6557499 0.09443751
v 0.551 0.19800001 0.37950006
v 0.595 0.518 0.26000005
v 0.551 0.518 0.3775001
v -0.595 0.518 0.26000005
v -0.551 0.19800001 0.37950006
v -0.551 0.518 0.3775001
v -0.26209268 0.7075879 -0.7572077
v 0.26209262 0.7075879 -0.7572077
v 0.28849998 0.6175 -1.5100001
v 0.28749996 0.43399993 -1.5090001
v 0.7584479 0.2138021 0.53453124
v -0.74482596 0.24976175 -0.4829068
v -0.7507465 0.4146944 -0.4828125
v -0.79480207 0.38449475 -0.24028125
v -0.8229045 0.37048957 0.27917537
v -0.8056597 0.36607632 0.48724827
v 0.70162153 0.45550165 -0.6995938
v 0.79480207 0.38449475 -0.24028125
v 0.8229045 0.37048957 0.27917537
v 0.8056597 0.36607632 0.48724827
v 0.20006566 0.6525602 -1.2259301
v -0.20006566 0.6525602 -1.2259301
v -0.7584479 0.2138021 0.53453124
v -0.7496445 0.18613458 -0.25998175
v -0.7380243 0.19964933 -0.36947915
v -0.2085 0.636 -1.5460001
v -0.1815 0.7035 -1.4590001
v -0.1815 0.58750004 -1.4590001
v -0.28850004 0.6175 -1.5100001
v -0.28750002 0.43399993 -1.5090001
v 0.1815 0.58750004 -1.4590001
v 0.1815 0.7035 -1.4590001
v -0.019766176 0.7633874 -1.2150817
v 0.019766176 0.7633874 -1.2150817
v -0.0562257 0.84116316 -1.3761668
v -0.047354165 0.8944323 -1.2734168
v 0.028444443 0.85611105 -1.3761668
v -0.10030555 0.8180417 -1.2734168
v -0.07881944 0.8675417 -1.2734168
v -0.07166666 0.9494027 -1.0550834
v 0.07166667 0.9494027 -1.0550834
v 0.05847222 0.88884723 -1.2734168
v -0.12419444 0.8685695 -1.0550834
v -0.11259722 0.97143054 -0.80841666
v -0.10254861 1.0138648 -0.611
v -0.06969096 1.0317639 -0.611
v 0.026038194 1.040948 -0.611
v 0.097408 0.9886441 -0.80841666
v -0.15209061 0.87809587 -0.8084166
v 0.11866668 0.9956111 -0.611
v 0.15209061 0.87809587 -0.8084166
v 0.12419445 0.8685695 -1.0550834
v 0.100305565 0.8180417 -1.2734168
v -0.28700003 0.56400007 -1.4330001
v 0.28699997 0.56400007 -1.4330001
v -0.081793174 0.8184152 -0.74635935
v 0.08179319 0.8184152 -0.74635935
v 0.31299302 0.6767014 0.29861113
v -0.31299308 0.6767014 0.29861113
v -0.30800003 0.43399993 -1.4185001
v -0.30950004 0.6175 -1.4185001
v 0.0 0.88860077 -0.089
v 0.30949998 0.6175 -1.4185001
v 0.30799997 0.43399993 -1.4185001
v 0.0 0.77210087 -0.40649995
v 0.0 0.95306605 -0.41967574
v 0.0 1.0106009 -0.3695
v 0.0 1.033101 -0.29549998
v 0.0 1.0169723 -0.20496178
v 0.0 0.94687307 -0.11349831
v -0.41250002 0.518 0.47150007
v -0.37750003 0.19800001 0.5345
v 0.41249996 0.518 0.47150007
v 0.37749997 0.19800001 0.5345
v 0.38384375 0.2143125 0.6574375
v -0.3838438 0.2143125 0.6574375
v 2.0 1.4210855e-14 3.0
v 2.0 -1.4210855e-14 -3.0
v -2.0 1.4210855e-14 3.0
v -2.0 -1.4210855e-14 -3.0
v 0.78383493 0.2308969 1.6606472
v 0.78383493 0.19345511 1.7163128
v 0.78383493 0.28656262 1.6232052
v 0.78383493 0.19345511 1.8481876
v 0.78383493 0.41843733 1.9412947
v 0.78383493 0.5115449 1.7163128
v 0.78383493 0.41843733 1.6232052
v 0.78383493 0.35250002 1.6099514
v 0.78383493 0.18020138 1.78225
v 0.78383493 0.4741031 1.6606472
v 0.78383493 0.5115449 1.8481876
v 0.78383493 0.52479863 1.78225
v 0.78383493 0.4741031 1.9038532
v 0.78383493 0.28656262 1.9412947
v 0.78383493 0.35250002 1.9545485
v 0.78383493 0.2308969 1.9038532
v 0.93851626 0.35250002 1.5764254
v 0.9385163 0.4315409 1.5918093
v 0.9385163 0.2734591 1.5918093
v 0.9385163 0.54294086 1.7032092
v 0.93851626 0.4315409 1.972691
v 0.9385163 0.16205916 1.8612912
v 0.9385163 0.16205916 1.7032092
v 0.9385163 0.20661913 1.6363695
v 0.9385163 0.49838084 1.6363695
v 0.9385163 0.14667541 1.7822502
v 0.9385163 0.2734591 1.972691
v 0.9385163 0.20661913 1.928131
v 0.9385163 0.35250002 1.9880747
v 0.9385163 0.54294086 1.8612912
v 0.9385163 0.49838084 1.928131
v 0.9385163 0.55832464 1.7822502
v 0.7154999 0.35250002 1.4307501
v 0.7154999 0.487 1.4572505
v 1.0065002 0.487 1.4572504
v 1.0065001 0.35250002 1.43075
v 0.7154999 0.218 1.4572502
v 1.0065001 0.218 1.4572502
v 0.7154999 0.104 1.5337502
v 1.0065001 0.104 1.5337502
v 0.7154999 0.027499974 1.6477501
v 1.0065002 0.027499974 1.6477501
v 1.0065001 0.601 2.0307498
v 1.0065001 0.67750007 1.9167502
v 0.7154999 0.6775001 1.9167502
v 0.7154999 0.601 2.0307498
v 1.0065001 0.487 2.1072497
v 0.7154999 0.487 2.1072497
v 1.0065001 0.35250002 2.13375
v 0.7154999 0.35250002 2.13375
v 1.0065001 0.21799998 2.10725
v 0.7154999 0.21799998 2.10725
v 0.7154999 0.0010000467 1.78225
v 1.0065002 0.0010000467 1.7822502
v 0.7154999 0.027499974 1.9167501
v 1.0065001 0.027499974 1.9167501
v 0.7154999 0.104 2.0307498
v 1.0065001 0.104 2.0307498
v 1.0065001 0.601 1.5337502
v 0.7154999 0.6010001 1.5337503
v 1.0065001 0.67750007 1.64775
v 0.7154999 0.6775001 1.6477501
v 1.0065001 0.70400006 1.78225
v 0.7154999 0.7040001 1.7822502
v 0.7154999 0.536 1.9657501
v 0.7154999 0.45199996 2.0222497
v 0.7154999 0.35250002 2.0422497
v 0.7154999 0.25299996 2.0222497
v 0.7154999 0.16899997 1.9657501
v 0.7154999 0.11250001 1.8817502
v 0.7154999 0.09250003 1.78225
v 0.7154999 0.11250001 1.6827501
v 0.7154999 0.16899997 1.5987502
v 0.7154999 0.253 1.54225
v 0.7154999 0.35250002 1.52225
v 0.7154999 0.45199996 1.54225
v 0.7154999 0.536 1.5987504
v 0.7154999 0.5925 1.6827501
v 0.7154999 0.6125 1.78225
v 0.7154999 0.5925 1.8817502
v 1.0075 0.6080178 1.78225
v 1.0075 0.58854985 1.6844231
v 1.0075 0.5330659 1.6016842
v 1.0075 0.45032683 1.5462004
v 1.0075 0.35250002 1.5267324
v 1.0075 0.2546732 1.5462004
v 1.0075 0.17193408 1.6016842
v 1.0075 0.11645022 1.6844231
v 1.0075 0.09698215 1.78225
v 1.0075 0.11645022 1.880077
v 1.0075 0.17193408 1.9628161
v 1.0075 0.2546732 2.0182996
v 1.0075 0.35250002 2.0377676
v 1.0075 0.45032683 2.0182996
v 1.0075 0.5330659 1.9628161
v 1.0075 0.58854985 1.880077
v -0.783835 0.2308969 1.6606472
v -0.783835 0.28656262 1.6232052
v -0.783835 0.19345511 1.7163128
v -0.783835 0.19345511 1.8481876
v -0.783835 0.18020138 1.78225
v -0.783835 0.41843733 1.9412947
v -0.783835 0.28656262 1.9412947
v -0.783835 0.2308969 1.9038532
v -0.783835 0.5115449 1.7163128
v -0.783835 0.5115449 1.8481876
v -0.783835 0.4741031 1.9038532
v -0.783835 0.41843733 1.6232052
v -0.783835 0.4741031 1.6606472
v -0.783835 0.35250002 1.6099514
v -0.783835 0.52479863 1.78225
v -0.783835 0.35250002 1.9545485
v -0.9385162 0.35250002 1.5764254
v -0.9385163 0.2734591 1.5918093
v -0.9385163 0.4315409 1.5918093
v -0.9385163 0.54294086 1.7032092
v -0.9385163 0.49838084 1.6363695
v -0.9385162 0.4315409 1.972691
v -0.9385163 0.54294086 1.8612912
v -0.9385163 0.55832464 1.7822502
v -0.9385163 0.16205916 1.8612912
v -0.9385163 0.2734591 1.972691
v -0.9385163 0.35250002 1.9880747
v -0.9385163 0.16205916 1.7032092
v -0.9385163 0.14667541 1.7822502
v -0.9385163 0.20661913 1.6363695
v -0.9385163 0.20661913 1.928131
v -0.9385163 0.49838084 1.928131
v -1.0065001 0.487 1.4572504
v -0.71549994 0.487 1.4572505
v -0.71549994 0.35250002 1.4307501
v -1.0065 0.35250002 1.43075
v -0.71549994 0.218 1.4572502
v -1.0065 0.218 1.4572502
v -0.71549994 0.104 1.5337502
v -1.0065 0.104 1.5337502
v -0.71549994 0.027499974 1.6477501
v -1.0065001 0.027499974 1.6477501
v -0.7155 0.6775001 1.9167502
v -1.0065001 0.67750007 1.9167502
v -1.0065 0.601 2.0307498
v -0.71549994 0.601 2.0307498
v -1.0065 0.487 2.1072497
v -0.71549994 0.487 2.1072497
v -1.0065 0.35250002 2.13375
v -0.71549994 0.35250002 2.13375
v -1.0065001 0.21799998 2.10725
v -0.7155 0.21799998 2.10725
v -0.71549994 0.0010000467 1.78225
v -1.0065002 0.0010000467 1.7822502
v -0.71549994 0.027499974 1.9167501
v -1.0065 0.027499974 1.9167501
v -0.71549994 0.104 2.0307498
v -1.0065 0.104 2.0307498
v -1.0065 0.601 1.5337502
v -0.71549994 0.6010001 1.5337503
v -1.0065 0.67750007 1.64775
v -0.71549994 0.6775001 1.6477501
v -1.0065 0.70400006 1.78225
v -0.71549994 0.7040001 1.7822502
v -0.71549994 0.5925 1.8817502
v -0.71549994 0.536 1.9657501
v -0.71549994 0.6125 1.78225
v -0.71549994 0.5925 1.6827501
v -0.71549994 0.536 1.5987504
v -0.71549994 0.45199996 2.0222497
v -0.71549994 0.35250002 2.0422497
v -0.71549994 0.25299996 2.0222497
v -0.71549994 0.16899997 1.9657501
v -0.71549994 0.11250001 1.8817502
v -0.71549994 0.09250003 1.78225
v -0.71549994 0.11250001 1.6827501
v -0.71549994 0.16899997 1.5987502
v -0.71549994 0.253 1.54225
v -0.71549994 0.35250002 1.52225
v -0.71549994 0.45199996 1.54225
v -1.0074999 0.58854985 1.880077
v -1.0074999 0.6080178 1.78225
v -1.0074999 0.5330659 1.9628161
v -1.0074999 0.45032683 2.0182996
v -1.0074999 0.35250002 2.0377676
v -1.0074999 0.58854985 1.6844231
v -1.0074999 0.5330659 1.6016842
v -1.0074999 0.45032683 1.5462004
v -1.0074999 0.35250002 1.5267324
v -1.0074999 0.2546732 1.5462004
v -1.0074999 0.17193408 1.6016842
v -1.0074999 0.11645022 1.6844231
v -1.0074999 0.09698215 1.78225
v -1.0074999 0.11645022 1.880077
v -1.0074999 0.17193408 1.9628161
v -1.0074999 0.2546732 2.0182996
v -0.8083337 0.23089704 -1.3238964
v -0.8083337 0.28656274 -1.3613384
v -0.8083337 0.19345525 -1.2682309
v -0.8083337 0.19345523 -1.1363561
v -0.8083337 0.18020152 -1.2022934
v -0.8083337 0.41843745 -1.0432489
v -0.8083337 0.28656274 -1.0432489
v -0.8083337 0.23089704 -1.0806904
v -0.8083337 0.511545 -1.2682309
v -0.8083337 0.511545 -1.1363561
v -0.8083337 0.4741032 -1.0806904
v -0.8083337 0.41843745 -1.3613384
v -0.8083337 0.4741032 -1.3238964
v -0.8083337 0.35250014 -1.3745921
v -0.8083337 0.52479875 -1.2022936
v -0.8083337 0.35250014 -1.0299952
v -0.963015 0.35250014 -1.4081182
v -0.96301514 0.27345923 -1.3927343
v -0.96301514 0.43154103 -1.3927343
v -0.96301514 0.542941 -1.2813344
v -0.96301514 0.498381 -1.3481741
v -0.963015 0.43154103 -1.0118525
v -0.96301514 0.542941 -1.1232524
v -0.96301514 0.55832475 -1.2022934
v -0.96301514 0.16205928 -1.1232524
v -0.96301514 0.27345923 -1.0118525
v -0.96301514 0.35250014 -0.9964688
v -0.96301514 0.16205929 -1.2813344
v -0.96301514 0.14667554 -1.2022934
v -0.96301514 0.20661926 -1.3481741
v -0.96301514 0.20661925 -1.0564127
v -0.96301514 0.49838096 -1.0564127
v -1.0309991 0.48700008 -1.5272934
v -0.73999864 0.48700008 -1.5272932
v -0.73999864 0.35250014 -1.5537934
v -1.030999 0.35250014 -1.5537937
v -0.73999864 0.21800013 -1.5272934
v -1.030999 0.21800013 -1.5272934
v -0.73999864 0.10400012 -1.4507935
v -1.030999 0.10400012 -1.4507935
v -0.73999864 0.027500123 -1.3367938
v -1.0309991 0.027500123 -1.3367938
v -0.7399987 0.6775002 -1.0677937
v -1.0309991 0.6775002 -1.0677937
v -1.030999 0.60100013 -0.95379376
v -0.73999864 0.60100013 -0.95379376
v -1.030999 0.4870001 -0.8772938
v -0.73999864 0.4870001 -0.8772938
v -1.030999 0.35250014 -0.8507936
v -0.73999864 0.35250014 -0.8507936
v -1.0309991 0.21800013 -0.87729377
v -0.7399987 0.21800014 -0.87729377
v -0.73999864 0.0010001659 -1.2022936
v -1.030999 0.0010001659 -1.2022934
v -0.73999864 0.027500093 -1.0677936
v -1.030999 0.027500093 -1.0677936
v -0.73999864 0.104000136 -0.95379376
v -1.030999 0.104000136 -0.95379376
v -1.030999 0.60100013 -1.4507935
v -0.73999864 0.6010002 -1.4507933
v -1.030999 0.67750025 -1.3367937
v -0.73999864 0.67750025 -1.3367934
v -1.030999 0.7040002 -1.2022936
v -0.73999864 0.70400023 -1.2022934
v -0.73999864 0.5925001 -1.1027935
v -0.73999864 0.53600013 -1.0187933
v -0.73999864 0.61250013 -1.2022936
v -0.73999864 0.5925001 -1.3017933
v -0.73999864 0.53600013 -1.3857932
v -0.73999864 0.45200008 -0.96229386
v -0.73999864 0.35250014 -0.9422939
v -0.73999864 0.25300008 -0.96229386
v -0.73999864 0.1690001 -1.0187933
v -0.73999864 0.11250013 -1.1027935
v -0.73999864 0.09250015 -1.2022936
v -0.73999864 0.112500146 -1.3017933
v -0.73999864 0.16900009 -1.3857934
v -0.73999864 0.25300014 -1.4422934
v -0.73999864 0.35250014 -1.4622934
v -0.73999864 0.45200008 -1.4422934
v -1.0319989 0.58855 -1.1044667
v -1.0319989 0.6080179 -1.2022936
v -1.0319989 0.53306603 -1.0217276
v -1.0319989 0.45032695 -0.966244
v -1.0319989 0.35250014 -0.9467759
v -1.0319989 0.58855 -1.3001204
v -1.0319989 0.53306603 -1.3828595
v -1.0319989 0.45032698 -1.438343
v -1.0319989 0.35250014 -1.4578111
v -1.0319989 0.25467336 -1.438343
v -1.0319989 0.1719342 -1.3828595
v -1.0319989 0.116450354 -1.3001204
v -1.0319989 0.09698227 -1.2022934
v -1.0319989 0.11645034 -1.1044667
v -1.0319989 0.17193422 -1.0217273
v -1.0319989 0.25467333 -0.966244
v 0.8083337 0.23089704 -1.3238964
v 0.8083337 0.19345525 -1.2682309
v 0.8083337 0.28656274 -1.3613384
v 0.8083337 0.19345523 -1.1363561
v 0.8083337 0.41843745 -1.0432489
v 0.8083337 0.511545 -1.2682309
v 0.8083337 0.41843745 -1.3613384
v 0.8083337 0.35250014 -1.3745921
v 0.8083337 0.18020152 -1.2022934
v 0.8083337 0.4741032 -1.3238964
v 0.8083337 0.511545 -1.1363561
v 0.8083337 0.52479875 -1.2022936
v 0.8083337 0.4741032 -1.0806904
v 0.8083337 0.28656274 -1.0432489
v 0.8083337 0.35250014 -1.0299952
v 0.8083337 0.23089704 -1.0806904
v 0.963015 0.35250014 -1.4081182
v 0.9630151 0.43154103 -1.3927343
v 0.9630151 0.27345923 -1.3927343
v 0.9630151 0.542941 -1.2813344
v 0.963015 0.43154103 -1.0118525
v 0.9630151 0.16205928 -1.1232524
v 0.9630151 0.16205929 -1.2813344
v 0.9630151 0.20661926 -1.3481741
v 0.9630151 0.498381 -1.3481741
v 0.9630151 0.14667554 -1.2022934
v 0.9630151 0.27345923 -1.0118525
v 0.9630151 0.20661925 -1.0564127
v 0.9630151 0.35250014 -0.9964688
v 0.9630151 0.542941 -1.1232524
v 0.9630151 0.49838096 -1.0564127
v 0.9630151 0.55832475 -1.2022934
v 0.73999864 0.35250014 -1.5537934
v 0.73999864 0.48700008 -1.5272932
v 1.0309991 0.48700008 -1.5272934
v 1.030999 0.35250014 -1.5537937
v 0.73999864 0.21800013 -1.5272934
v 1.030999 0.21800013 -1.5272934
v 0.73999864 0.10400012 -1.4507935
v 1.030999 0.10400012 -1.4507935
v 0.73999864 0.027500123 -1.3367938
v 1.0309991 0.027500123 -1.3367938
v 1.030999 0.60100013 -0.95379376
v 1.0309991 0.6775002 -1.0677937
v 0.7399987 0.6775002 -1.0677937
v 0.73999864 0.60100013 -0.95379376
v 1.030999 0.4870001 -0.8772938
v 0.73999864 0.4870001 -0.8772938
v 1.030999 0.35250014 -0.8507936
v 0.73999864 0.35250014 -0.8507936
v 1.0309991 0.21800013 -0.87729377
v 0.7399987 0.21800014 -0.87729377
v 0.73999864 0.0010001659 -1.2022936
v 1.0309991 0.0010001659 -1.2022934
v 0.73999864 0.027500093 -1.0677936
v 1.030999 0.027500093 -1.0677936
v 0.73999864 0.104000136 -0.95379376
v 1.030999 0.104000136 -0.95379376
v 1.030999 0.60100013 -1.4507935
v 0.73999864 0.6010002 -1.4507933
v 1.030999 0.67750025 -1.3367937
v 0.73999864 0.67750025 -1.3367934
v 1.030999 0.7040002 -1.2022936
v 0.73999864 0.70400023 -1.2022934
v 0.73999864 0.53600013 -1.0187933
v 0.73999864 0.45200008 -0.96229386
v 0.73999864 0.35250014 -0.9422939
v 0.73999864 0.25300008 -0.96229386
v 0.73999864 0.1690001 -1.0187933
v 0.73999864 0.11250013 -1.1027935
v 0.73999864 0.09250015 -1.2022936
v 0.73999864 0.112500146 -1.3017933
v 0.73999864 0.16900009 -1.3857934
v 0.73999864 0.25300014 -1.4422934
v 0.73999864 0.35250014 -1.4622934
v 0.73999864 0.45200008 -1.4422934
v 0.73999864 0.53600013 -1.3857932
v 0.73999864 0.5925001 -1.3017933
v 0.73999864 0.61250013 -1.2022936
v 0.73999864 0.5925001 -1.1027935
v 1.0319989 0.6080179 -1.2022936
v 1.0319989 0.58855 -1.3001204
v 1.0319989 0.53306603 -1.3828595
v 1.0319989 0.45032698 -1.438343
v 1.0319989 0.35250014 -1.4578111
v 1.0319989 0.25467336 -1.438343
v 1.0319989 0.1719342 -1.3828595
v 1.0319989 0.116450354 -1.3001204
v 1.0319989 0.09698227 -1.2022934
v 1.0319989 0.11645034 -1.1044667
v 1.0319989 0.17193422 -1.0217273
v 1.0319989 0.25467333 -0.966244
v 1.0319989 0.35250014 -0.9467759
v 1.0319989 0.45032695 -0.966244
v 1.0319989 0.53306603 -1.0217276
v 1.0319989 0.58855 -1.1044667
vt 0.6689085 0.2567684
vt 0.6661374 0.22455908
vt 0.7341424 0.22290768
vt 0.1964128 0.400563
vt 0.19595636 0.4064613
vt 0.16369134 0.400563
vt 0.16414776 0.4064613
vt 0.6342597 0.8289436
vt 0.64280105 0.8093088
vt 0.62958944 0.8268802
vt 0.6344719 0.9112629
vt 0.63210064 0.91421014
vt 0.64301336 0.93089765
vt 0.64280105 0.8093089
vt 0.63595515 0.81169564
vt 0.14916548 0.36737663
vt 0.14915802 0.30551627
vt 0.14912643 0.3726517
vt 0.12350649 0.36737663
vt 0.12354551 0.3726517
vt 0.12351392 0.30551627
vt 0.40957022 0.5684675
vt 0.357099 0.5683341
vt 0.357886 0.5683341
vt 0.4100949 0.5684675
vt 0.43974233 0.5683339
vt 0.43703976 0.5683339
vt 0.3578868 0.6867274
vt 0.3570998 0.6867274
vt 0.44821635 0.6867272
vt 0.44472668 0.6867272
vt 0.41875345 0.6867273
vt 0.41927812 0.6867273
vt 0.68908143 0.26864696
vt 0.66867864 0.25558513
vt 0.6775223 0.26526338
vt 0.7383892 0.2237252
vt 0.6659076 0.22337581
vt 0.73014724 0.2457407
vt 0.677752 0.26644665
vt 0.70041716 0.2684279
vt 0.72443044 0.25208503
vt 0.7401888 0.22764418
vt 0.18767068 0.4065315
vt 0.18767068 0.40646133
vt 0.18005204 0.4065315
vt 0.18005204 0.4064613
vt 0.17243342 0.40646133
vt 0.17243342 0.4065315
vt 0.20061824 0.29852882
vt 0.2030131 0.29615456
vt 0.19806884 0.29615492
vt 0.19781992 0.17831597
vt 0.20283377 0.17831236
vt 0.21272385 0.101509444
vt 0.20435977 0.09777382
vt 0.22742152 0.064670086
vt 0.24614175 0.06285846
vt 0.60086656 0.8991693
vt 0.60027313 0.8991693
vt 0.6002728 0.833867
vt 0.60086614 0.833867
vt 0.25353748 0.20409587
vt 0.25483277 0.20547283
vt 0.25528803 0.20824029
vt 0.25437924 0.20827594
vt 0.24030975 0.19901924
vt 0.2420107 0.20777822
vt 0.22928771 0.1999084
vt 0.23079447 0.20667568
vt 0.22928773 0.19990839
vt 0.24274014 0.21678494
vt 0.25323242 0.21736002
vt 0.2568523 0.2177013
vt 0.25576487 0.20885691
vt 0.21171252 0.20651655
vt 0.23079447 0.20667566
vt 0.6311487 0.8293785
vt 0.6385734 0.85878915
vt 0.68280184 0.87894756
vt 0.63697875 0.87006176
vt 0.6387856 0.8814173
vt 0.6330377 0.8598117
vt 0.63258195 0.87013125
vt 0.63324994 0.8803948
vt 0.6313609 0.910828
vt 0.6298017 0.9133262
vt 0.6361674 0.9285109
vt 0.27392372 0.13767265
vt 0.2751181 0.022514373
vt 0.27734715 0.014449748
vt 0.27598482 0.1458061
vt 0.28596187 0.00977857
vt 0.28449973 0.15075259
vt 0.2944768 0.014725129
vt 0.29311442 0.14608148
vt 0.2965378 0.022858607
vt 0.2953435 0.13801694
vt 0.27654052 0.14836513
vt 0.27432612 0.1407175
vt 0.2744641 0.025831275
vt 0.27669793 0.017319027
vt 0.2854155 0.15143588
vt 0.2855843 0.010794936
vt 0.29430184 0.1449118
vt 0.29445928 0.013865724
vt 0.29653573 0.1363995
vt 0.29667363 0.021513214
vt 0.21473034 0.21881285
vt 0.9181713 0.7778074
vt 0.9648962 0.7778074
vt 0.57984346 0.8402271
vt 0.57984376 0.8991694
vt 0.4902107 0.8245688
vt 0.6064223 0.82679296
vt 0.6043589 0.8268509
vt 0.48801118 0.82469
vt 0.45185018 0.27071986
vt 0.36440042 0.27981073
vt 0.4539012 0.25662622
vt 0.48888904 0.8057071
vt 0.48663062 0.80567527
vt 0.6046335 0.807968
vt 0.6067742 0.8076939
vt 0.6649262 0.72629166
vt 0.6649262 0.73209524
vt 0.8791566 0.8394978
vt 0.86252165 0.8394978
vt 0.86252165 0.83720803
vt 0.8791566 0.83720803
vt 0.86252165 0.85830337
vt 0.86252165 0.86088544
vt 0.013919689 0.27268115
vt 0.060054228 0.27472863
vt 0.06008754 0.27712792
vt 0.008621436 0.27610475
vt 0.008296998 0.25167602
vt 0.013039986 0.25172302
vt 0.6312843 0.93547755
vt 0.66895676 0.93547755
vt 0.6709001 0.9947706
vt 0.63322747 0.9947706
vt 0.6655742 0.9947706
vt 0.6279016 0.9947706
vt 0.6259584 0.93547755
vt 0.66363084 0.93547755
vt 0.9648962 0.7841547
vt 0.9126336 0.7841547
vt 0.5921891 0.744347
vt 0.68325096 0.744347
vt 0.5961239 0.6731573
vt 0.68325096 0.72796816
vt 0.8791566 0.85830337
vt 0.8791566 0.86088544
vt 0.97501075 0.31175736
vt 0.99337614 0.3117574
vt 0.98887587 0.31418583
vt 0.96669364 0.27918622
vt 1.0016932 0.27918622
vt 0.119382754 0.009958258
vt 0.119630665 0.015751367
vt 0.16085662 0.015897136
vt 0.16419563 0.010164199
vt 0.16419175 0.04176148
vt 0.16102554 0.04176145
vt 0.35934842 0.2970901
vt 0.47557014 0.29370055
vt 0.4804414 0.26022813
vt 0.95970464 0.7500528
vt 0.9126336 0.77417225
vt 0.95970464 0.7465907
vt 0.007060714 0.20979784
vt 0.0123691745 0.21007685
vt 0.007060714 0.1307763
vt 0.011916712 0.1307763
vt 0.011925541 0.013555551
vt 0.0069354884 0.010880778
vt 0.8791567 0.8583034
vt 0.8791566 0.8608855
vt 0.41876885 0.1480807
vt 0.41893527 0.12416971
vt 0.4338496 0.061117202
vt 0.43384957 0.061117202
vt 0.37218305 0.124170035
vt 0.37234983 0.14808103
vt 0.35726783 0.06111777
vt 0.6766856 0.99402004
vt 0.67668515 0.9405091
vt 0.9963138 0.8701093
vt 0.99631417 0.92735356
vt 0.6753343 0.9935045
vt 0.6753338 0.94106597
vt 0.6311513 0.9935046
vt 0.6311508 0.941066
vt 0.6303135 0.9940201
vt 0.63031304 0.9405092
vt 0.97631425 0.9273536
vt 0.9763138 0.87010944
vt 0.8717045 0.43096694
vt 0.84884566 0.4350118
vt 0.8474754 0.42668408
vt 0.8062505 0.4280109
vt 0.8424884 0.41722608
vt 0.8075222 0.41905707
vt 0.78299695 0.418832
vt 0.78320605 0.4144897
vt 0.8059949 0.43714762
vt 0.7815997 0.42317432
vt 0.89947647 0.4295672
vt 0.8981689 0.44083178
vt 0.87635547 0.4353605
vt 0.9388158 0.43136197
vt 0.9390597 0.4437209
vt 0.9610057 0.41894597
vt 0.962339 0.42481965
vt 0.9042353 0.41677374
vt 0.9376024 0.41925043
vt 0.9608062 0.4130723
vt 0.5961239 0.68347454
vt 0.5921891 0.73209524
vt 0.6604439 0.590978
vt 0.66557354 0.60634303
vt 0.7005513 0.6049536
vt 0.6641655 0.49232587
vt 0.63840234 0.5846943
vt 0.6374791 0.49073666
vt 0.6294165 0.5838304
vt 0.2807791 0.28204423
vt 0.27866766 0.29647624
vt 0.27706495 0.2809375
vt 0.27504095 0.30365497
vt 0.27502552 0.30414677
vt 0.2305458 0.28143656
vt 0.22851214 0.29686636
vt 0.22597656 0.28247046
vt 0.23268178 0.30447614
vt 0.23269722 0.30398434
vt 0.39555934 0.14813638
vt 0.039401606 0.010405274
vt 0.03864691 0.016051052
vt 0.5892897 0.7235527
vt 0.5880549 0.70271564
vt 0.6180874 0.70785207
vt 0.6179711 0.72104704
vt 0.87915665 0.85830337
vt 0.28285265 0.23667948
vt 0.27698213 0.21352074
vt 0.2718487 0.2123193
vt 0.2799936 0.23642983
vt 0.9126336 0.7841548
vt 0.37516183 0.3470819
vt 0.36957353 0.3567249
vt 0.33659613 0.35038722
vt 0.33421248 0.37243858
vt 0.9390441 0.7257001
vt 0.9390441 0.7430594
vt 0.92917305 0.75464237
vt 0.92917305 0.7257001
vt 0.8897977 0.7257001
vt 0.8897977 0.7593178
vt 0.95960915 0.3806187
vt 0.91649264 0.40378362
vt 0.9080474 0.39177722
vt 0.9450891 0.3681582
vt 0.9387882 0.35077804
vt 0.89300907 0.37241197
vt 0.8794479 0.3676415
vt 0.9286884 0.32792085
vt 0.91877985 0.2882892
vt 0.8444558 0.40568766
vt 0.80012506 0.38206804
vt 0.8499276 0.39718756
vt 0.8153598 0.3702206
vt 0.86588657 0.37631282
vt 0.8152394 0.35581958
vt 0.8319014 0.32772177
vt 0.84188807 0.28813106
vt 0.8803571 0.28408206
vt 0.8804636 0.23485532
vt 0.18744916 0.36766714
vt 0.1696482 0.36766717
vt 0.1574879 0.26199532
vt 0.1575204 0.14386657
vt 0.18744828 0.14386643
vt 0.19525985 0.09266682
vt 0.21288928 0.06733083
vt 0.17995171 0.015430043
vt 0.22196789 0.050756864
vt 0.22196789 0.009300085
vt 0.2799936 0.23642984
vt 0.21294525 0.22684634
vt 0.29454717 0.25707823
vt 0.21249208 0.25686973
vt 0.3048527 0.30445805
vt 0.30485266 0.30445805
vt 0.26763454 0.37053317
vt 0.21078932 0.36967513
vt 0.115006894 0.21844241
vt 0.11515851 0.26363018
vt 0.06521843 0.26798785
vt 0.064282775 0.21866322
vt 0.06408146 0.13739529
vt 0.114798024 0.13728756
vt 0.114966914 0.019158961
vt 0.06434781 0.019086609
vt 0.5440493 0.13099697
vt 0.5601403 0.13099697
vt 0.5609726 0.001168285
vt 0.5422461 0.001168285
vt 0.5041688 0.13099697
vt 0.5041688 0.001168285
vt 0.48606658 0.13099697
vt 0.48606658 0.001168285
vt 0.3965272 0.40194967
vt 0.39812732 0.3768132
vt 0.3528863 0.37732622
vt 0.3618998 0.42577064
vt 0.28289557 0.41796842
vt 0.2828954 0.43179777
vt 0.1626554 0.43031886
vt 0.16476677 0.41796735
vt 0.230667 0.26402947
vt 0.2889084 0.26402947
vt 0.28890845 0.3222709
vt 0.230667 0.3222709
vt 0.28890845 0.2640294
vt 0.230667 0.2640294
vt 0.015293483 0.39128056
vt 0.0647455 0.4041243
vt 0.031856608 0.40411055
vt 0.081308626 0.39129418
vt 0.08926876 0.3372357
vt 0.0073330393 0.3372221
vt 0.5198272 0.69143164
vt 0.47366467 0.7080896
vt 0.46257743 0.6710198
vt 0.5242619 0.658204
vt 0.46214122 0.5602959
vt 0.52733207 0.56056416
vt 0.18767068 0.38374585
vt 0.18005204 0.3819904
vt 0.17243342 0.38374585
vt 0.18767068 0.382482
vt 0.18005204 0.38241172
vt 0.17243342 0.382482
vt 0.62563133 0.004286483
vt 0.56330085 0.004286483
vt 0.56330085 0.19098188
vt 0.62253714 0.19098188
vt 0.7021204 0.94433856
vt 0.69187325 0.94374067
vt 0.6916801 0.9008955
vt 0.70199144 0.9009532
vt 0.7082791 0.94448805
vt 0.70835733 0.9008834
vt 0.71699274 0.9445945
vt 0.7170894 0.90078795
vt 0.72609794 0.94461507
vt 0.6912637 0.8881001
vt 0.7003717 0.8879641
vt 0.7088937 0.88769424
vt 0.71698296 0.88756
vt 0.7240853 0.8875906
vt 0.7253758 0.900834
vt 0.73272175 0.9444656
vt 0.7325285 0.9008724
vt 0.692163 0.7328022
vt 0.70071757 0.7323153
vt 0.70812505 0.7315399
vt 0.71732885 0.73271936
vt 0.72606415 0.7327558
vt 0.7329083 0.887759
vt 0.70233727 0.71932626
vt 0.7087032 0.71939605
vt 0.7174353 0.71949154
vt 0.7257217 0.71944535
vt 0.73325145 0.73314345
vt 0.6920259 0.71938396
vt 0.70246625 0.67594075
vt 0.708625 0.67579126
vt 0.7173387 0.6756849
vt 0.7264439 0.6756643
vt 0.73306763 0.6758138
vt 0.7328744 0.71940696
vt 0.69221914 0.6765387
vt 0.7198028 0.56814295
vt 0.7920924 0.56822354
vt 0.791907 0.6201485
vt 0.7380566 0.62062675
vt 0.79478973 0.6753913
vt 0.75505644 0.6777732
vt 0.7505344 0.7291905
vt 0.79935336 0.72444814
vt 0.23054579 0.28143656
vt 0.1518556 0.1783467
vt 0.1518654 0.097110644
vt 0.120806575 0.097110644
vt 0.12081632 0.1783467
vt 0.12081307 0.26915902
vt 0.15185888 0.26915902
vt 0.12351392 0.3055163
vt 0.13633597 0.37356478
vt 0.12879795 0.62531006
vt -0.0023635123 0.62531006
vt -0.0023635123 0.7564715
vt 0.12879795 0.7564715
vt 0.4502476 0.42442212
vt 0.48006618 0.5173667
vt 0.5546569 0.5407827
vt 0.57194775 0.45882836
vt 0.7514733 0.5040259
vt 0.7999839 0.51117486
vt 0.014327273 0.21458773
vt 0.06025748 0.21446064
vt 0.014987599 0.13997853
vt 0.060777992 0.140169
vt 0.0144799575 0.02222201
vt 0.06030152 0.022377444
vt 0.26709765 0.4013023
vt 0.21539937 0.40174583
vt 0.33648887 0.16444823
vt 0.31290978 0.16444823
vt 0.31290978 0.1366123
vt 0.33648887 0.1366123
vt 0.29311442 0.14608146
vt 0.29746994 0.13844839
vt 0.29867217 0.022530925
vt 0.29653782 0.022858609
vt 0.29631102 0.013000272
vt 0.28593987 0.007011354
vt 0.2753966 0.012664078
vt 0.27283853 0.022115681
vt 0.27163628 0.13803315
vt 0.27399752 0.14756386
vt 0.28442007 0.15355341
vt 0.2949119 0.14789996
vt 0.29888338 0.020687435
vt 0.29445925 0.013865724
vt 0.2987445 0.13633107
vt 0.2961828 0.14629558
vt 0.28535968 0.15420601
vt 0.29634437 0.011714589
vt 0.28553525 0.008010086
vt 0.2855843 0.010794935
vt 0.27465874 0.015930694
vt 0.27209696 0.025895301
vt 0.27195817 0.14153898
vt 0.27432615 0.1407175
vt 0.2744971 0.1505118
vt 0.50269353 0.021309499
vt 0.54839337 0.0138775
vt 0.54824114 0.01526955
vt 0.59587836 0.019232335
vt 0.59445214 0.028530989
vt 0.5940764 0.01779006
vt 0.6877049 0.121331856
vt 0.5949588 0.14788021
vt 0.5947939 0.14282517
vt 0.39595652 0.041564997
vt 0.4178467 0.042712
vt 0.39423838 0.04386392
vt 0.3948625 0.016594915
vt 0.28900343 0.041542616
vt 0.29032812 0.0447027
vt 0.26711324 0.042689618
vt 0.29061323 0.020051938
vt 0.52241725 0.3058484
vt 0.5415792 0.30811095
vt 0.5223531 0.31077644
vt 0.69241583 0.51714027
vt 0.6889579 0.48359072
vt 0.69557106 0.5158646
vt 0.12816736 0.9639278
vt 0.11702798 0.9132545
vt 0.12029334 0.91195107
vt 0.3700565 0.9134338
vt 0.373576 0.9167063
vt 0.36250573 0.9662671
vt 0.43854854 0.18651286
vt 0.44056004 0.19794461
vt 0.43926823 0.19629216
vt 0.5089582 0.40775186
vt 0.496456 0.4253758
vt 0.49187893 0.42563125
vt 0.5088109 0.53749275
vt 0.49173158 0.5196134
vt 0.49630865 0.5198688
vt 0.40328446 0.7460096
vt 0.40502322 0.7477053
vt 0.4048212 0.7594918
vt 0.43926823 0.7484937
vt 0.4408135 0.74655944
vt 0.43858635 0.75633675
vt 0.43079904 0.97329134
vt 0.42221192 0.9669002
vt 0.43131974 0.9714449
vt 0.44767296 0.97329724
vt 0.44715223 0.9714508
vt 0.1332275 0.970011
vt 0.16245045 0.972999
vt 0.16149458 0.9757333
vt 0.33025888 0.97593415
vt 0.3284994 0.972999
vt 0.35911155 0.9707428
vt 0.04298392 0.8757857
vt 0.0989601 0.80148065
vt 0.041928716 0.88149345
vt 0.041928716 0.0632924
vt 0.0989601 0.14330527
vt 0.04298392 0.069000125
vt 0.49096286 0.40674928
vt 0.49998614 0.3891274
vt 0.498291 0.39611396
vt 0.50863636 0.5413139
vt 0.49173155 0.5196133
vt 0.5107845 0.5420658
vt 0.5087837 0.40393072
vt 0.4918789 0.42563125
vt 0.51093185 0.4031788
vt 0.49282157 0.34688342
vt 0.47867122 0.3453678
vt 0.5295678 0.3438404
vt 0.4030152 0.56327844
vt 0.36742204 0.55404735
vt 0.3739271 0.5545121
vt 0.4030152 0.3815074
vt 0.3739271 0.39027375
vt 0.36742204 0.39073852
vt 0.022011038 0.59692657
vt 0.011348728 0.5460881
vt 0.016075825 0.54717827
vt 0.1016262 0.32747948
vt 0.1020565 0.318332
vt 0.10839223 0.3199368
vt 0.4068329 0.91601944
vt 0.410799 0.92928654
vt 0.41012213 0.9366272
vt 0.49096286 0.5380366
vt 0.498291 0.54867184
vt 0.49998614 0.55565846
vt 0.36519337 0.59262013
vt 0.4932354 0.59544563
vt 0.50343 0.5998087
vt 0.09017366 0.18101127
vt 0.039422095 0.12164146
vt 0.07673483 0.16396756
vt 0.15443775 0.060752384
vt 0.05496136 0.04569444
vt 0.05496136 0.89909136
vt 0.15443775 0.88403344
vt 0.016075825 0.3976076
vt 0.011348728 0.39869776
vt 0.023013022 0.34555206
vt 0.019658793 0.42331216
vt 0.07673483 0.7808183
vt 0.039422095 0.8231444
vt 0.09017366 0.7637746
vt 0.28286976 0.4993574
vt 0.32416293 0.52987385
vt 0.32416293 0.41491202
vt 0.28286976 0.44542843
vt 0.462521 0.31305256
vt 0.4278138 0.31694883
vt 0.46209005 0.30020317
vt 0.42416713 0.30016533
vt 0.39072585 0.6295514
vt 0.42418692 0.631369
vt 0.42373422 0.6459097
vt 0.39061344 0.64457506
vt 0.46019992 0.63173574
vt 0.46209005 0.6452222
vt 0.38866648 0.3157493
vt 0.39061344 0.30021077
vt 0.59358215 0.14733417
vt 0.59460473 0.16257703
vt 0.5006732 0.15633024
vt 0.50105643 0.16225007
vt 0.59407294 0.17336075
vt 0.5482379 0.17588294
vt 0.50281143 0.1691219
vt 0.6883099 0.025805235
vt 0.6438793 0.021508975
vt 0.68720365 0.024190953
vt 0.59587836 0.019232336
vt 0.68788016 0.036333725
vt 0.5949632 0.043270666
vt 0.50100434 0.023097528
vt 0.50106025 0.028904086
vt 0.59358644 0.04381651
vt 0.5006771 0.034824047
vt 0.50268984 0.16984442
vt 0.54839027 0.17727499
vt 0.59446764 0.17412803
vt 0.5980716 0.17296286
vt 0.5949588 0.14788023
vt 0.59358215 0.14733419
vt 0.5922787 0.1437763
vt 0.59358644 0.043816514
vt 0.5949632 0.04327067
vt 0.5000428 0.15801495
vt 0.5006732 0.15633026
vt 0.49964252 0.12135485
vt 0.5006237 0.15219997
vt 0.49997634 0.03841587
vt 0.4998882 0.03897639
vt 0.49999842 0.034774195
vt 0.5006771 0.03482405
vt 0.50106025 0.028904088
vt 0.6877591 0.039561175
vt 0.68797934 0.15611023
vt 0.68720007 0.16695632
vt 0.6438757 0.16963992
vt 0.48883766 0.5446081
vt 0.4661012 0.54100156
vt 0.40411565 0.5444735
vt 0.40488198 0.53701127
vt 0.42480612 0.5504633
vt 0.4661012 0.40378425
vt 0.48883766 0.4001777
vt 0.49998614 0.38912743
vt 0.40411565 0.4003123
vt 0.42480612 0.39432248
vt 0.40488198 0.40777454
vt 0.10839223 0.624849
vt 0.1020565 0.6264539
vt 0.10548154 0.6238628
vt 0.1016262 0.61730635
vt 0.4027695 0.18600611
vt 0.35145253 0.16669892
vt 0.4048212 0.18529405
vt 0.35194644 0.17080386
vt 0.27210614 0.13797866
vt 0.3117442 0.16172938
vt 0.24672464 0.14538784
vt 0.25062802 0.1368929
vt 0.2773258 0.06319572
vt 0.35585457 0.113994695
vt 0.20252466 0.14221421
vt 0.0989601 0.14330526
vt 0.7239719 0.5146276
vt 0.7215255 0.5139494
vt 0.72352403 0.49757123
vt 0.7183555 0.53896606
vt 0.72397196 0.43015832
vt 0.7215255 0.43083647
vt 0.7183555 0.40581974
vt 0.72064704 0.4475451
vt 0.72352403 0.4472146
vt 0.21718253 0.019860404
vt 0.22054023 0.02275666
vt 0.14427789 0.022797193
vt 0.22054014 0.011133967
vt 0.0330324 0.59636986
vt 0.033459127 0.6002117
vt 0.051261913 0.59545404
vt 0.20140506 0.14622371
vt 0.13154086 0.14850661
vt 0.101082 0.14900239
vt 0.24672464 0.799398
vt 0.20252466 0.80257165
vt 0.20140506 0.7985621
vt 0.13154086 0.7962792
vt 0.0989601 0.8014806
vt 0.69557106 0.4289212
vt 0.68665195 0.46137795
vt 0.6921085 0.42752692
vt 0.6889579 0.46119508
vt 0.6877507 0.4772159
vt 0.6860819 0.4771518
vt 0.40502322 0.19708057
vt 0.40328446 0.19877625
vt 0.8300772 0.8123696
vt 0.83289754 0.85188484
vt 0.80961114 0.8370581
vt 0.86894923 0.8577981
vt 0.91632766 0.8564703
vt 0.87809134 0.80121183
vt 0.9502374 0.8272792
vt 0.97763747 0.86430496
vt 0.93386257 0.8915302
vt 0.9474959 0.9537848
vt 0.8652022 0.923604
vt 0.9303044 0.8015416
vt 0.96455646 0.8125504
vt 0.99524856 0.8459045
vt 0.9786721 0.948265
vt 0.89646006 0.9716148
vt 0.86619186 0.96443784
vt 0.81482047 0.9495246
vt 0.83285445 0.9835474
vt 0.78453267 0.9620974
vt 0.7866861 0.99558014
vt 0.75156575 0.96557367
vt 0.7526727 0.9978291
vt 0.71753806 0.9947895
vt 0.71969146 0.96130675
vt 0.67136973 0.9827568
vt 0.68940365 0.948734
vt 0.6380322 0.96364725
vt 0.6390219 0.92281336
vt 0.607764 0.9708241
vt 0.5567282 0.95299417
vt 0.5703615 0.8907396
vt 0.5325365 0.8609643
vt 0.58789635 0.85567963
vt 0.5539868 0.8264886
vt 0.6261327 0.8004212
vt 0.67098415 0.8123696
vt 0.6352748 0.85700744
vt 0.6713265 0.8510942
vt 0.525552 0.94747436
vt 0.51067555 0.84511393
vt 0.5396676 0.81175977
vt 0.57391965 0.800751
vt 0.6946129 0.8362675
vt 0.23698057 0.44998795
vt 0.19495504 0.44980025
vt 0.2210048 0.45274913
vt 0.1305465 0.45451948
vt 0.19495504 0.49498558
vt 0.23698057 0.4947979
vt 0.2210048 0.4920367
vt 0.1305465 0.49026632
vt 0.4027695 0.1860061
vt 0.71183246 0.4058803
vt 0.71388 0.4030513
vt 0.71835554 0.40581974
vt 0.7091216 0.42544183
vt 0.72152555 0.4308365
vt 0.7048685 0.44216526
vt 0.72064704 0.44754508
vt 0.09594308 0.1423479
vt 0.101082 0.1490024
vt 0.09901873 0.20436175
vt 0.10361175 0.20636784
vt 0.52859414 0.6017367
vt 0.50610965 0.58637345
vt 0.5471645 0.59108365
vt 0.56467867 0.60454965
vt 0.56143457 0.6264893
vt 0.52321905 0.6249682
vt 0.5415792 0.6366749
vt 0.5224653 0.6345163
vt 0.48324272 0.5778287
vt 0.5082171 0.575538
vt 0.5322752 0.57783127
vt 0.61185133 0.5972363
vt 0.610562 0.6074752
vt 0.63047844 0.6218578
vt 0.4011776 0.5758636
vt 0.42256126 0.5673568
vt 0.46547872 0.569931
vt 0.5099539 0.5609044
vt 0.38395146 0.57888246
vt 0.40447634 0.5648738
vt 0.2994641 0.5822569
vt 0.18431193 0.55642533
vt 0.18528305 0.5457156
vt 0.2676563 0.552776
vt 0.12259047 0.5446168
vt 0.12090277 0.52676064
vt 0.15554692 0.5219842
vt 0.23091893 0.533653
vt 0.19473536 0.51701
vt 0.16385418 0.50360405
vt 0.13054651 0.49026635
vt 0.11203734 0.5153547
vt 0.13711925 0.5095791
vt 0.0858732 0.50492805
vt 0.10728574 0.48858598
vt 0.113490514 0.5256778
vt 0.05098509 0.5091808
vt 0.037718922 0.4987006
vt 0.052019894 0.49701667
vt 0.07128631 0.48498917
vt 0.07128631 0.45979673
vt 0.10676034 0.45578888
vt 0.10621694 0.5423271
vt 0.04847898 0.5238176
vt 0.01617533 0.5029838
vt 0.0102692675 0.4924304
vt 0.026264135 0.49073458
vt 0.038218066 0.48310947
vt 0.05236711 0.47239295
vt 0.052348707 0.45382875
vt 0.08587321 0.43985787
vt 0.01817254 0.48065227
vt 0.026238864 0.4631484
vt 0.015824178 0.4496337
vt 0.037426893 0.44049975
vt 0.08143792 0.42635566
vt 0.112037346 0.42943117
vt 0.007873146 0.47980487
vt 0.012963905 0.47239292
vt 0.007873146 0.46498096
vt 0.0102692675 0.45235544
vt 0.01617533 0.441802
vt 0.035377465 0.42785612
vt 0.10760293 0.4058996
vt 0.113490514 0.419108
vt 0.12090277 0.41802523
vt 0.13711925 0.43520683
vt 0.18977717 0.41918084
vt 0.19473535 0.42777583
vt 0.16385418 0.4411818
vt 0.28286976 0.44542846
vt 0.32021657 0.40351054
vt 0.32416293 0.41491205
vt 0.18528305 0.39907026
vt 0.2676563 0.39200982
vt 0.12259047 0.40016904
vt 0.18431193 0.38836056
vt 0.38395146 0.36590335
vt 0.36742204 0.39073855
vt 0.4011776 0.3689222
vt 0.40447634 0.37991202
vt 0.42256126 0.37742907
vt 0.2994641 0.3625289
vt 0.36519337 0.3521657
vt 0.47867125 0.3453678
vt 0.46100876 0.35439306
vt 0.48324272 0.36695716
vt 0.46547872 0.3748549
vt 0.5082171 0.36924794
vt 0.5099539 0.3838815
vt 0.5061097 0.35841236
vt 0.5283994 0.34289083
vt 0.53082734 0.35556445
vt 0.5322752 0.3669546
vt 0.5432685 0.3798239
vt 0.5588762 0.36697388
vt 0.5480047 0.38399544
vt 0.54391104 0.38420656
vt 0.5646786 0.34023625
vt 0.61185133 0.3475496
vt 0.61355966 0.35709617
vt 0.65571016 0.35547695
vt 0.6948741 0.3489448
vt 0.6608611 0.36887464
vt 0.69988865 0.3650397
vt 0.56209326 0.32318068
vt 0.63288707 0.33547544
vt 0.6922485 0.33183795
vt 0.52251226 0.32375118
vt 0.56108576 0.31381145
vt 0.6883746 0.3146825
vt 0.60640746 0.30783913
vt 0.6880707 0.3094122
vt 0.5432685 0.5649619
vt 0.5588762 0.57781196
vt 0.61355966 0.5876897
vt 0.65571016 0.58930886
vt 0.65306574 0.6016731
vt 0.5480047 0.5607904
vt 0.54391104 0.5605793
vt 0.6064075 0.6369467
vt 0.6883746 0.63010335
vt 0.6880707 0.6353736
vt 0.6922485 0.61294794
vt 0.6948741 0.59584105
vt 0.6608611 0.57591116
vt 0.69988865 0.5797461
vt 0.3262106 0.6249031
vt 0.32367697 0.6358671
vt 0.30111298 0.6220311
vt 0.25821954 0.6351235
vt 0.16478397 0.64127636
vt 0.27998078 0.6464174
vt 0.3217644 0.65061164
vt 0.31969056 0.46207714
vt 0.31880736 0.45202723
vt 0.4126967 0.44901082
vt 0.31964803 0.4723997
vt 0.4542816 0.47282538
vt 0.4114843 0.4955948
vt 0.31996924 0.48210242
vt 0.3197251 0.49215233
vt 0.45800114 0.45238894
vt 0.46462616 0.4254856
vt 0.4578538 0.49285573
vt 0.46447882 0.51975906
vt 0.5553981 0.41722232
vt 0.5535003 0.4098917
vt 0.55742943 0.41105932
vt 0.52025306 0.40411097
vt 0.5177518 0.41080332
vt 0.5553981 0.5275636
vt 0.55742943 0.5337265
vt 0.5535003 0.5348941
vt 0.52025306 0.54067487
vt 0.5177518 0.5339825
vt 0.035067257 0.8238773
vt 0.037515737 0.82257843
vt 0.08079285 0.7642355
vt 0.022176519 0.81923914
vt 0.0038797858 0.8773005
vt 0.018776761 0.87884355
vt 0.036423136 0.12595172
vt 0.022176519 0.1255467
vt 0.035067257 0.12090854
vt 0.0038797858 0.06748535
vt 0.018776761 0.06594227
vt 0.08079285 0.1805503
vt 0.47822082 0.91522646
vt 0.47883832 0.9261868
vt 0.47163868 0.91602516
vt 0.4683496 0.93663305
vt 0.46767268 0.9292923
vt 0.41012213 0.93662727
vt 0.47850803 0.93801486
vt 0.47156316 0.93710816
vt 0.46675524 0.9569006
vt 0.4562601 0.9669061
vt 0.46039551 0.9401269
vt 0.45789975 0.9740672
vt 0.44767296 0.9732973
vt 0.4520602 0.9774256
vt 0.43923604 0.97945046
vt 0.42057225 0.97406137
vt 0.41462547 0.9648236
vt 0.41807625 0.94012105
vt 0.4069086 0.9371025
vt 0.39963338 0.9261812
vt 0.40025076 0.9152208
vt 0.3999637 0.9380092
vt 0.103773095 0.70162475
vt 0.20319058 0.71763563
vt 0.13221155 0.7099872
vt 0.09894876 0.6337061
vt 0.16478398 0.64127636
vt 0.24858603 0.71836776
vt 0.31359366 0.7137224
vt 0.31844306 0.6805727
vt 0.33717793 0.68311614
vt 0.3985116 0.7042687
vt 0.40164953 0.6773874
vt 0.47664544 0.69143736
vt 0.4822829 0.66711205
vt 0.09594307 0.8024379
vt 0.09901873 0.7404241
vt 0.10263253 0.73879343
vt 0.942101 0.09691105
vt 0.9306773 0.08784429
vt 0.93792605 0.08739332
vt 0.925881 0.13360456
vt 0.902197 0.07100365
vt 0.90045345 0.045319535
vt 0.88938427 0.037564613
vt 0.89688206 0.071494736
vt 0.8785732 0.030905642
vt 0.9293219 0.23911563
vt 0.9240969 0.27709392
vt 0.8839024 0.058806874
vt 0.86787933 0.047117032
vt 0.8651028 0.015432516
vt 0.9588454 0.15643427
vt 0.979144 0.26996595
vt 0.92127144 0.3384697
vt 0.8989979 0.20740543
vt 0.86000055 0.20709851
vt 0.8521205 0.046921458
vt 0.80022156 0.33806178
vt 0.8210031 0.2072101
vt 0.83609754 0.058611393
vt 0.8414265 0.030710107
vt 0.92147493 0.45793444
vt 0.85951006 0.4504056
vt 0.79742944 0.45690268
vt 0.84777826 0.01558227
vt 0.84560364 0.006922167
vt 0.86408615 0.0052860165
vt 0.87439585 0.0071177864
vt 0.8744055 0.0054812813
vt 0.86771965 0.003705182
vt 0.85227984 0.0035095646
vt 0.10464559 0.24235308
vt 0.09894876 0.3102993
vt 0.09727332 0.3031001
vt 0.10126052 0.24561301
vt 0.69839615 0.8710838
vt 0.7005174 0.9414209
vt 0.6266346 0.90341085
vt 0.6571189 0.8601064
vt 0.87521744 0.90341085
vt 0.8013346 0.9414209
vt 0.8034559 0.8710838
vt 0.8447331 0.8601064
vt 0.24547492 0.97613305
vt 0.24547492 0.9795283
vt 0.31844306 0.2634328
vt 0.3217644 0.2933938
vt 0.27998078 0.29758802
vt 0.31359366 0.230283
vt 0.33717793 0.26088938
vt 0.4392815 0.24569109
vt 0.4016495 0.2666181
vt 0.4822829 0.27689338
vt 0.47664544 0.25256807
vt 0.24858603 0.22563772
vt 0.16478398 0.30272907
vt 0.2031906 0.22636978
vt 0.09894876 0.31029934
vt 0.13221155 0.23401819
vt 0.32367697 0.30813834
vt 0.27998078 0.29758805
vt 0.25821954 0.3088819
vt 0.16478397 0.30272904
vt 0.2770316 0.32117888
vt 0.3262106 0.31910232
vt 0.051388305 0.37091705
vt 0.10079466 0.3711106
vt 0.10392016 0.37950036
vt 0.05090729 0.38853806
vt 0.03156061 0.39509696
vt 0.0330324 0.34841597
vt 0.05344149 0.3495634
vt 0.14892545 0.90803635
vt 0.11924109 0.9082552
vt 0.14858702 0.90419596
vt 0.24547492 0.9073225
vt 0.24524163 0.90321773
vt 0.34138697 0.90372795
vt 0.34202442 0.90803635
vt 0.36862782 0.9094256
vt 0.71183246 0.5389055
vt 0.71835554 0.53896606
vt 0.71388 0.5417346
vt 0.7091216 0.519344
vt 0.72152555 0.5139494
vt 0.7048685 0.5026206
vt 0.10126052 0.6983924
vt 0.09727332 0.6409053
vt 0.033459127 0.34457415
vt 0.05106876 0.3467258
vt 0.5106413 0.55493027
vt 0.67564136 0.5691242
vt 0.685039 0.5776958
vt 0.685039 0.36709005
vt 0.67564136 0.37566164
vt 0.563271 0.5409041
vt 0.56344914 0.55143476
vt 0.5740385 0.55112416
vt 0.57394624 0.54321426
vt 0.57387245 0.39512655
vt 0.5632831 0.39481595
vt 0.5631049 0.40534663
vt 0.5737802 0.40303645
vt 0.6883637 0.4062593
vt 0.68854177 0.39572865
vt 0.68007576 0.39636752
vt 0.67998356 0.40427735
vt 0.6802418 0.5498832
vt 0.6887078 0.5505221
vt 0.68852973 0.53999144
vt 0.6801496 0.54197335
vt 0.7256906 0.101937026
vt 0.7256906 0.095966935
vt 0.76477545 0.078153454
vt 0.7685589 0.082482345
vt 0.7766649 0.07234685
vt 0.7711422 0.070197694
vt 0.7766647 0.04143266
vt 0.7711421 0.04358185
vt 0.7647752 0.035626136
vt 0.7685587 0.031297218
vt 0.7256903 0.017812926
vt 0.7256903 0.011842828
vt 0.0034107422 0.40601006
vt 0.016063754 0.41647118
vt 0.02771157 0.28513262
vt 0.038047023 0.2837716
vt 0.025915261 0.3442194
vt 0.042934075 0.29454488
vt 0.052240018 0.32612932
vt 0.05377632 0.30211052
vt 0.054170933 0.64252913
vt 0.05224002 0.6186565
vt 0.042934075 0.65024096
vt 0.038047023 0.6610142
vt 0.020970445 0.5979905
vt 0.02771157 0.6596532
vt 0.777899 0.096716
vt 0.782074 0.08719824
vt 0.7893228 0.08764919
vt 0.7941193 0.13340941
vt 0.79067934 0.2389205
vt 0.7611551 0.15623935
vt 0.74085736 0.2697712
vt 0.817803 0.07080831
vt 0.8231179 0.07129939
vt 0.7959046 0.27689877
vt 0.8195463 0.045124188
vt 0.83061546 0.0373692
vt 0.703188 0.10225367
vt 0.703188 0.09628358
vt 0.7425735 0.07888406
vt 0.7460562 0.08279898
vt 0.7541622 0.07266348
vt 0.7490588 0.07080783
vt 0.7490586 0.043604985
vt 0.7541621 0.041749295
vt 0.74257344 0.0355288
vt 0.746056 0.031613853
vt 0.7031877 0.018129561
vt 0.70318764 0.012159465
vt 0.5106413 0.38985556
vt 0.5099539 0.38388148
vt 0.012046434 0.5442358
vt 0.019658793 0.52147365
vt 0.023289256 0.5219271
vt 0.029246097 0.5288428
vt 0.03156061 0.54968894
vt 0.052454054 0.548403
vt 0.050907295 0.55624783
vt 0.10392016 0.56528544
vt 0.10255659 0.56747305
vt 0.58592576 0.41224775
vt 0.58621407 0.38608298
vt 0.6675597 0.41320154
vt 0.6678481 0.38703686
vt 0.5860919 0.53400296
vt 0.5863801 0.56016773
vt 0.66772574 0.53304917
vt 0.66801417 0.5592139
vt 0.39099696 0.55822754
vt 0.3956991 0.54415447
vt 0.3956991 0.40063137
vt 0.39099696 0.38655826
vt 0.13276614 0.34359822
vt 0.13266248 0.32015103
vt 0.19055097 0.32015082
vt 0.19055104 0.3433028
vt 0.19055097 0.624635
vt 0.13266248 0.6246348
vt 0.13276614 0.6011876
vt 0.19055104 0.60148305
vt 0.5860918 0.53400296
vt 0.5806993 0.5275868
vt 0.58053327 0.41866392
vt 0.23509061 0.013391985
vt 0.23549318 0.045065496
vt 0.023060177 0.2464097
vt 0.017867219 0.29888618
vt 0.014486175 0.24667381
vt 0.0029370277 0.29773965
vt 0.29118168 0.7925445
vt 0.29142037 0.76289696
vt 0.31323212 0.7292208
vt 0.3987608 0.7317435
vt 0.4778811 0.73801607
vt 0.47733286 0.75101495
vt 0.24675438 0.7674882
vt 0.24806033 0.7294668
vt 0.20295449 0.7306655
vt 0.15369032 0.76737064
vt 0.13292986 0.73549485
vt 0.11675208 0.7669148
vt 0.43999314 0.210516
vt 0.4773329 0.19377086
vt 0.4778811 0.20676976
vt 0.4032845 0.19877625
vt 0.33174688 0.18860362
vt 0.24675438 0.17729765
vt 0.3132321 0.21556503
vt 0.24806033 0.21531904
vt 0.20295449 0.21412033
vt 0.15369032 0.17741524
vt 0.11675208 0.17787105
vt 0.13292986 0.20929101
vt 0.67046267 0.41931918
vt 0.6706287 0.5269315
vt 0.014486175 0.698112
vt 0.017867219 0.64589965
vt 0.023060177 0.6983761
vt 0.0029370277 0.6470462
vt 0.25062802 0.8078929
vt 0.2773258 0.8815901
vt 0.27211717 0.8073889
vt 0.35530588 0.82947445
vt 0.24672465 0.79939806
vt 0.29118168 0.79254454
vt 0.35145253 0.7780869
vt 0.34202442 0.9080363
vt 0.14892545 0.9080363
vt 0.14427797 0.011174503
vt 0.15038748 0.00072563597
vt 0.15047093 0.017268462
vt 0.1442779 0.022797193
vt 0.1297275 0.0134325195
vt 0.12932493 0.04510603
vt 0.21434717 0.01722793
vt 0.21443062 0.00068510184
vt 0.041886866 0.40320095
vt 0.029246097 0.4159431
vt 0.67127943 0.5638394
vt 0.6711134 0.38241136
vt 0.6783644 0.5112402
vt 0.67927337 0.4833498
vt 0.65870965 0.4805134
vt 0.67860603 0.46729884
vt 0.6615654 0.4969226
vt 0.6600074 0.4878345
vt 0.6177544 0.48576477
vt 0.6177544 0.45902115
vt 0.6591635 0.4620123
vt 0.6639097 0.5058516
vt 0.62036085 0.5025207
vt 0.57314676 0.49459496
vt 0.53663445 0.49176845
vt 0.5360863 0.48544618
vt 0.53581095 0.4674819
vt 0.5725809 0.45423108
vt 0.5762588 0.5119218
vt 0.5128839 0.504009
vt 0.5111947 0.49309325
vt 0.51029843 0.47239292
vt 0.51065207 0.4588891
vt 0.5111947 0.45169258
vt 0.5372343 0.44866815
vt 0.5762588 0.432864
vt 0.62036085 0.44226515
vt 0.6615654 0.44786325
vt 0.5144539 0.43163514
vt 0.5553981 0.4172223
vt 0.26711342 0.018226497
vt 0.39627716 -0.005487534
vt 0.2886828 -0.0055099186
vt 0.5813502 0.56449467
vt 0.58118415 0.38175607
vt 0.41784653 0.018248882
vt 0.03156061 0.5496889
vt 0.051388305 0.5738688
vt 0.05090729 0.5562478
vt 0.10079466 0.5736753
vt 0.67836446 0.43354568
vt 0.6639097 0.43893424
vt 0.40444693 0.38207418
vt 0.37098086 0.39425766
vt 0.40444693 0.56271166
vt 0.37098086 0.55052817
vt 0.11378696 0.045858443
vt 0.1156865 0.013516091
vt 0.9902363 0.76393044
vt 0.9894296 0.80349106
vt 0.93902826 0.7961492
vt 0.92781466 0.75246614
vt 0.9895109 0.733077
vt 0.9204823 0.71856797
vt 0.98915064 0.6915764
vt 0.91909385 0.6903766
vt 0.92057294 0.6618153
vt 0.9896015 0.64730567
vt 0.9279051 0.627917
vt 0.99032664 0.6164522
vt 0.9391184 0.5842338
vt 0.9895198 0.5768916
vt 0.2491316 0.013475556
vt 0.25103116 0.045817908
vt 0.75151044 0.6193453
vt 0.7972103 0.6101411
vt 0.80092514 0.7023872
vt 0.75210255 0.7008277
vt 0.7048804 0.7032372
vt 0.70859516 0.6101411
vt 0.800294 0.7413864
vt 0.75133127 0.7413777
vt 0.70551145 0.7413864
vt 0.7524768 0.7863389
vt 0.7029977 0.7817194
vt 0.75285923 0.84696877
vt 0.7113098 0.8537435
vt 0.75133264 0.91713655
vt 0.7142143 0.92102945
vt 0.7130982 0.94026244
vt 0.80280775 0.7817194
vt 0.79291433 0.85295284
vt 0.7923818 0.92102945
vt 0.7927072 0.94026244
vt 0.75056905 0.9407379
vt 0.8455453 0.59118885
vt 0.89355725 0.59170073
vt 0.8935585 0.79638445
vt 0.8445218 0.79638493
vt 0.19072446 0.570765
vt 0.1326178 0.55896
vt 0.19072446 0.37402084
vt 0.1326178 0.3858258
vt 0.038851406 0.1795376
vt 0.038851406 0.76524824
vt 0.86510277 0.015432515
vt 0.8764621 0.029890476
vt 0.39647532 0.06621673
vt 0.28848463 0.06619434
vt 0.7460541 0.3439812
vt 0.74681133 0.30031338
vt 0.77966106 0.300538
vt 0.77937907 0.3443155
vt 0.74612683 0.35312352
vt 0.7789835 0.35282502
vt 0.7461269 0.38018486
vt 0.7789835 0.3804832
vt 0.7791095 0.3886946
vt 0.74602073 0.38827384
vt 0.7793253 0.4324238
vt 0.7464755 0.43264866
vt 0.98395556 0.41865453
vt 0.9839559 0.4655729
vt 0.95079315 0.46557313
vt 0.95079285 0.41865483
vt 0.95108455 0.405446
vt 0.9842474 0.40544567
vt 0.9510842 0.37376398
vt 0.98424727 0.3737637
vt 0.98424965 0.36118546
vt 0.95108694 0.36118546
vt 0.95108694 0.31426698
vt 0.98424965 0.31426707
vt 1.0 0.0
vt 1.0 1.0
vt 0.0 0.0
vt 0.0 1.0
vt 0.11410689 0.508629
vt 0.12336187 0.5024041
vt 0.1078818 0.51788425
vt 0.14528741 0.50240403
vt 0.16076745 0.5398097
vt 0.12336186 0.5552897
vt 0.1078818 0.5398097
vt 0.10567823 0.5288469
vt 0.13432464 0.5002005
vt 0.11410692 0.5490647
vt 0.14528742 0.5552897
vt 0.13432464 0.5574932
vt 0.15454242 0.5490647
vt 0.16076747 0.5178842
vt 0.16297106 0.5288469
vt 0.15454242 0.508629
vt 0.35659385 0.8740721
vt 0.35103625 0.9026265
vt 0.35103625 0.84551734
vt 0.31079146 0.9428713
vt 0.21343753 0.9026265
vt 0.25368217 0.8052727
vt 0.31079146 0.80527276
vt 0.33493823 0.82137054
vt 0.33493823 0.9267734
vt 0.2822368 0.7997151
vt 0.2134375 0.8455174
vt 0.22953546 0.82137054
vt 0.20787993 0.8740721
vt 0.2536822 0.94287133
vt 0.22953546 0.9267734
vt 0.2822368 0.94842887
vt 0.15157598 0.93522
vt 0.1515767 0.99565405
vt 0.0044845343 0.9956558
vt 0.0044837594 0.93522155
vt 0.15157527 0.87478584
vt 0.0044829845 0.87478745
vt 0.15157461 0.8142551
vt 0.0044823885 0.81425655
vt 0.15157396 0.75372446
vt 0.0044817924 0.75372595
vt 0.0044825673 0.8142451
vt 0.0044817924 0.75371444
vt 0.15157408 0.7537128
vt 0.15157479 0.8142435
vt 0.004483223 0.87477577
vt 0.15157539 0.87477434
vt 0.0044838786 0.93520993
vt 0.1515761 0.9352083
vt 0.004484594 0.99564415
vt 0.15157682 0.99564254
vt 0.15157604 0.9353919
vt 0.1515767 0.99582607
vt 0.0044845343 0.99582756
vt 0.0044837594 0.93539345
vt 0.15157533 0.8749578
vt 0.0044831038 0.87495935
vt 0.15157473 0.81442726
vt 0.0044825077 0.8144287
vt 0.15157408 0.75389636
vt 0.0044817924 0.7538979
vt 0.004482448 0.81422496
vt 0.0044817924 0.7536943
vt 0.15157396 0.7536926
vt 0.15157467 0.8142235
vt 0.0044831634 0.87475574
vt 0.15157533 0.8747542
vt 0.0044838786 0.9351899
vt 0.1515761 0.93518823
vt 0.004484594 0.99562395
vt 0.15157682 0.9956224
vt 0.15454242 0.54906476
vt 0.1555017 0.55002403
vt 0.16202208 0.5403299
vt 0.16076747 0.5398097
vt 0.16433023 0.5288469
vt 0.16202208 0.51736397
vt 0.1555017 0.50766987
vt 0.14580755 0.50114936
vt 0.14528742 0.5024041
vt 0.13432464 0.4988413
vt 0.122841716 0.50114936
vt 0.11314763 0.50766987
vt 0.10662716 0.51736397
vt 0.1078818 0.5178842
vt 0.10431902 0.5288469
vt 0.10662716 0.5403299
vt 0.11314763 0.55002403
vt 0.11410692 0.54906476
vt 0.122841716 0.5565444
vt 0.12336187 0.5552897
vt 0.13432464 0.55885255
vt 0.14580755 0.5565444
vt 0.28223687 0.95945823
vt 0.31492764 0.95295256
vt 0.31079146 0.94287133
vt 0.34257635 0.9344115
vt 0.3611173 0.9067627
vt 0.3676229 0.8740721
vt 0.35103625 0.8455174
vt 0.3611173 0.84138143
vt 0.34257635 0.8137325
vt 0.31492764 0.79519165
vt 0.28223687 0.788686
vt 0.24954617 0.79519165
vt 0.2536822 0.80527276
vt 0.22189733 0.8137325
vt 0.20335647 0.84138143
vt 0.19685094 0.8740721
vt 0.20787995 0.8740721
vt 0.20335647 0.9067627
vt 0.2134375 0.9026265
vt 0.22189733 0.9344115
vt 0.24954617 0.95295256
vt 0.25535542 0.52578807
vt 0.20836525 0.51652974
vt 0.20836525 0.5484971
vt 0.24332547 0.55656946
vt 0.25555336 0.52687305
vt 0.27267247 0.57630885
vt 0.29538137 0.5535998
vt 0.29241174 0.60565585
vt 0.3221081 0.593428
vt 0.29939908 0.6406163
vt 0.33136648 0.6406163
vt 0.29241174 0.605854
vt 0.3221081 0.59362614
vt 0.27267247 0.576507
vt 0.29538137 0.5537979
vt 0.24332547 0.5567676
vt 0.25555336 0.5270711
vt 0.20836525 0.5486952
vt 0.20836519 0.51672786
vt 0.24312747 0.5556826
vt 0.25535536 0.52598614
vt 0.2724744 0.575422
vt 0.29518348 0.5527129
vt 0.29221386 0.604769
vt 0.3219102 0.5925411
vt 0.2992013 0.63953125
vt 0.3311685 0.63953125
vt 0.29221386 0.60457087
vt 0.3219102 0.592343
vt 0.2724744 0.5752238
vt 0.29518348 0.5525149
vt 0.24312747 0.5554845
vt 0.3271826 0.76546717
vt 0.36527786 0.7910311
vt 0.39084166 0.8291263
vt 0.36762294 0.8740721
vt 0.39969724 0.8740721
vt 0.39084166 0.91901773
vt 0.36527786 0.957113
vt 0.3271826 0.982677
vt 0.28223687 0.99153244
vt 0.23729116 0.982677
vt 0.19919603 0.957113
vt 0.17363214 0.91901773
vt 0.1647766 0.8740721
vt 0.17363214 0.8291263
vt 0.19919603 0.7910311
vt 0.23729116 0.76546717
vt 0.2822368 0.75661176
vt 0.20787996 0.8740721
vt 0.21343759 0.84551734
vt 0.2134376 0.9026265
vt 0.25368235 0.9428713
vt 0.22953558 0.9267734
vt 0.3510363 0.9026265
vt 0.31079167 0.94287133
vt 0.282237 0.94842887
vt 0.31079164 0.8052727
vt 0.3510363 0.8455174
vt 0.35659388 0.8740721
vt 0.25368235 0.80527276
vt 0.282237 0.7997151
vt 0.22953558 0.82137054
vt 0.33493835 0.82137054
vt 0.33493835 0.9267734
vt 0.28223693 0.95945823
vt 0.33493838 0.9267734
vt 0.34257647 0.9344115
vt 0.36111733 0.9067627
vt 0.3565939 0.8740721
vt 0.24954621 0.95295256
vt 0.25368235 0.94287133
vt 0.22189745 0.9344115
vt 0.2033565 0.9067627
vt 0.1968509 0.8740721
vt 0.2134376 0.8455174
vt 0.2033565 0.84138143
vt 0.22189745 0.8137325
vt 0.24954621 0.79519165
vt 0.28223693 0.788686
vt 0.31079167 0.80527276
vt 0.34257647 0.8137325
vt 0.33493838 0.82137054
vt 0.36111733 0.84138143
vt 0.23729122 0.76546717
vt 0.282237 0.75661176
vt 0.32718265 0.76546717
vt 0.36527783 0.7910311
vt 0.19919598 0.7910311
vt 0.19919598 0.957113
vt 0.23729122 0.982677
vt 0.28223693 0.99153244
vt 0.32718265 0.982677
vt 0.36527783 0.957113
vn -0.036393102 -0.026667437 0.9989817
vn 1.5198302e-05 0.024217812 0.99970675
vn 0.99701947 -1.4856762e-06 -0.07715043
vn -0.99701947 -1.4856762e-06 -0.07715043
vn 0.8017895 -0.47033113 -0.36867622
vn -0.7052939 -0.70050645 -0.10886409
vn 0.788591 0.07825409 -0.60991853
vn 0.77942294 -0.30113453 -0.5493796
vn 0.8218628 -0.2689308 -0.50221294
vn -0.9999976 -0.002100323 -0.0005679591
vn 0.9999976 -0.0021002784 -0.0005679315
vn -0.999999 -0.0014364196 -0.000119586875
vn -0.9999873 -0.00018455293 -0.0050416877
vn -0.9999854 -0.0012170838 -0.0052739973
vn -1.0 4.0387617e-06 1.5308715e-06
vn -0.99997294 -0.0031585745 0.0066518392
vn -0.9999729 -0.0048282864 0.005571521
vn 0.999999 -0.0014364196 -0.000119586875
vn 0.9999854 -0.0012170838 -0.0052739973
vn 0.9999873 -0.00018455293 -0.0050416877
vn 1.0 4.0387617e-06 1.5308715e-06
vn 0.99997294 -0.0031585745 0.0066518392
vn 0.9999729 -0.0048282864 0.005571521
vn 0.006591048 0.22485593 0.97436976
vn 0.0 0.22486082 0.9743909
vn -0.006591048 0.22485593 0.97436976
vn 0.04421804 0.70385104 -0.70897007
vn 0.04570778 0.6542178 -0.7549237
vn 0.0 0.70454013 -0.70966417
vn 0.0 0.7456282 -0.6663623
vn -0.04421804 0.70385104 -0.70897007
vn -0.04570778 0.6542178 -0.7549237
vn 0.016543223 -0.9411728 -0.33752057
vn 0.0 -0.99009335 -0.14041103
vn 0.028961593 -0.988035 -0.15148635
vn 0.0 -0.94674784 -0.3219762
vn -0.016543223 -0.9411728 -0.33752054
vn -0.028961593 -0.988035 -0.15148635
vn 0.0 -0.78887194 -0.61455756
vn 0.0005001703 -0.7876075 -0.6161771
vn -0.0005001703 -0.7876075 -0.6161771
vn 6.027993e-10 0.98916286 0.14682268
vn 0.028921667 0.986673 0.16012505
vn 0.019362774 0.9626615 0.27001464
vn 0.0 0.90616506 0.42292422
vn -0.019362774 0.9626615 0.27001464
vn -0.028921667 0.986673 0.16012505
vn -0.002406013 0.7622258 0.6473068
vn 0.0 0.7520957 0.6590539
vn 0.002406013 0.7622258 0.6473068
vn 0.027568543 -0.04999115 0.9983691
vn 0.031662613 -0.040730555 0.9986684
vn 0.029993096 -0.09021969 0.99547017
vn 0.022093175 -0.011422515 0.99969065
vn 0.013584639 0.025384156 0.99958545
vn 0.001354545 -0.0024268832 0.9999961
vn -0.029993096 -0.09021969 0.99547017
vn -0.06627597 -0.084313154 0.9942328
vn -0.05456252 -0.05209709 0.99715036
vn -0.07375501 -0.09980406 0.9922698
vn -0.07091668 -0.1425026 0.9872507
vn -0.05236249 -0.1365707 0.9892455
vn 0.059523504 0.14117354 -0.9881938
vn 0.04638775 0.14127168 -0.9888835
vn 0.09662511 0.14076257 -0.985317
vn 0.0 0.14142372 -0.98994917
vn 0.0 0.14142314 -0.9899493
vn -0.04638775 0.14127168 -0.9888835
vn -0.059523504 0.14117354 -0.9881938
vn -0.09662511 0.14076257 -0.985317
vn -0.9994453 0.0076434193 0.03241293
vn -0.99994266 -0.010668875 0.00091479963
vn -0.99993956 -0.010859559 0.0017205094
vn -0.99993765 -0.011128543 -0.0009564565
vn -0.99994445 -0.010526227 -0.0006062579
vn -0.99996096 -0.008069168 -0.0036089292
vn -0.9999348 -0.0107915 -0.0037536796
vn -0.9999738 -0.005485901 -0.004742857
vn -0.9999846 -0.0037507578 -0.0040788753
vn 0.9994453 0.0076434193 0.032415908
vn 0.99993956 -0.010861236 0.0017207061
vn 0.99994266 -0.010669592 0.0009148838
vn 0.99993765 -0.011128905 -0.0009564414
vn 0.99994445 -0.010526227 -0.0006062579
vn 0.99996096 -0.008069168 -0.0036089292
vn 0.9999348 -0.0107915 -0.0037536796
vn 0.9999738 -0.005485901 -0.004742857
vn 0.9999846 -0.0037507578 -0.0040788753
vn 0.0 -0.2696279 0.9629646
vn -0.37485486 -0.8632068 0.33816838
vn -0.31436697 -0.9295526 0.1926277
vn -0.59720737 -0.7193485 0.35479742
vn -0.40373874 -0.8959633 0.1850536
vn -0.4019248 -0.8713125 0.28155124
vn -0.44736907 -0.8432714 0.29791674
vn -0.23397653 -0.9208192 0.31200486
vn -0.12440939 -0.9322963 0.33962625
vn 0.12798268 -0.9370843 0.3247976
vn -0.351423 -0.9272153 0.1295133
vn -0.503475 -0.86309814 0.039681572
vn -0.83825374 -0.5375382 0.09156177
vn -0.9635747 -0.16876115 0.20746936
vn 0.0 -0.9421911 0.33507606
vn 0.26019314 -0.9042877 0.33847225
vn 0.44736904 -0.84327143 0.29791674
vn 0.40192473 -0.87131256 0.2815512
vn 0.4037386 -0.8959634 0.18505363
vn 0.37485474 -0.86320686 0.33816838
vn 0.59720737 -0.7193485 0.35479742
vn 0.31436697 -0.9295526 0.1926277
vn 0.35142297 -0.92721534 0.12951337
vn 0.503475 -0.86309814 0.039681572
vn 0.83825374 -0.5375382 0.09156177
vn 0.9635747 -0.16876115 0.20746936
vn 0.83747864 -0.26878875 -0.47579643
vn 0.84870255 0.030408064 -0.5279957
vn 0.7078263 0.020959027 -0.7060756
vn 0.0 0.09255635 -0.9957075
vn 0.0 -0.21484084 -0.9766491
vn -0.7078263 0.02095912 -0.7060756
vn -0.78488773 0.08114345 -0.614302
vn -0.8442429 -0.26308987 -0.4669451
vn 0.5752163 0.02798229 -0.81752264
vn 0.0 0.03770829 -0.99928886
vn -0.5752163 0.02798229 -0.81752264
vn -0.84870255 0.030408064 -0.5279957
vn -0.79174024 -0.11656391 -0.59963334
vn -0.62561363 0.23873033 -0.7427082
vn -0.77942306 -0.3011346 -0.54937935
vn -0.52993256 0.8312891 -0.16772021
vn -0.5299332 0.8312887 -0.16772026
vn -0.51477134 0.84093565 -0.16684644
vn -0.51001227 0.84388644 -0.16656312
vn -0.50758547 0.8453771 -0.16641699
vn -0.507585 0.8453774 -0.16641696
vn -0.5100116 0.84388685 -0.16656306
vn -0.5147736 0.8409343 -0.16684651
vn -0.529943 0.83128226 -0.16772072
vn -0.5299449 0.83128107 -0.1677208
vn 0.5147714 0.8409357 -0.16684641
vn 0.5299333 0.8312886 -0.16772021
vn 0.52993256 0.8312891 -0.16772017
vn 0.51001227 0.84388644 -0.1665631
vn 0.5075856 0.845377 -0.16641696
vn 0.50758517 0.8453773 -0.16641697
vn 0.5100118 0.84388673 -0.16656306
vn 0.5147736 0.8409343 -0.16684651
vn 0.529943 0.83128226 -0.16772072
vn 0.5299449 0.83128107 -0.1677208
vn 0.0 0.0 -1.0
vn 3.3113696e-07 3.3113652e-06 -1.0
vn 6.622743e-07 6.6227344e-06 -1.0
vn -3.311369e-07 3.3113652e-06 -1.0
vn -6.6227443e-07 6.6227362e-06 -1.0
vn -0.94426155 0.035247907 -0.3273037
vn -0.9418303 0.0 -0.3360891
vn -0.94556177 0.087748475 -0.31339
vn 0.94426155 0.035247907 -0.3273037
vn 0.9418303 0.0 -0.3360891
vn 0.94556177 0.087748475 -0.31339
vn 1.0 0.0 0.0
vn -1.0 0.0 0.0
vn 0.39129964 0.016845042 0.92010915
vn 0.39321077 0.012567389 0.91936255
vn 0.38935715 0.021172436 0.9208435
vn -0.39129964 0.016845042 0.92010915
vn -0.39321077 0.012567389 0.91936255
vn -0.38935715 0.021172436 0.9208435
vn 0.0 0.27534437 0.9613457
vn 0.0 1.0 0.0
vn -0.3892521 -0.020361735 -0.92090625
vn -0.39772904 -0.0015037559 -0.9175017
vn -0.38036072 -0.039736044 -0.92398417
vn 0.8896598 0.34405866 -0.30021498
vn 0.89159805 0.33993626 -0.29915953
vn 0.8876266 0.3483317 -0.30130404
vn 0.3892521 -0.020361735 -0.92090625
vn 0.39772904 -0.0015037559 -0.9175017
vn 0.38036072 -0.039736044 -0.92398417
vn -0.8896598 0.34405866 -0.30021498
vn -0.89159805 0.33993626 -0.29915953
vn -0.8876266 0.3483317 -0.30130404
vn 1.4284143e-06 -5.0230127e-13 -1.0
vn -1.1517799e-06 0.0 -1.0
vn -1.2922408e-06 -6.1862823e-07 -1.0
vn -4.4851248e-07 -4.2942847e-07 -1.0
vn 2.218696e-06 6.61957e-07 -1.0
vn 3.9205397e-06 1.169709e-06 -1.0
vn 9.731365e-07 1.8361102e-06 -1.0
vn -1.4284143e-06 -5.0230127e-13 -1.0
vn 1.2922408e-06 -6.1862823e-07 -1.0
vn 1.1517799e-06 0.0 -1.0
vn 4.4851248e-07 -4.2942847e-07 -1.0
vn -2.218696e-06 6.61957e-07 -1.0
vn -3.9205397e-06 1.169709e-06 -1.0
vn -9.731365e-07 1.8361102e-06 -1.0
vn 0.073645614 -0.0535687 -0.9958448
vn 0.083093174 0.0 -0.99654186
vn 0.08072595 -0.043404598 -0.99579084
vn 0.07392823 -0.072624445 -0.9946157
vn 0.06643189 -0.06389916 -0.99574286
vn 0.06328611 -0.06457846 -0.9959039
vn -0.080725946 -0.043404642 -0.99579084
vn -0.08309317 -1.1006067e-07 -0.99654186
vn -0.0736456 -0.05356871 -0.9958447
vn -0.07392823 -0.07262444 -0.9946157
vn -0.06643189 -0.06389916 -0.99574286
vn -0.06328611 -0.06457846 -0.9959039
vn 0.30540606 0.9296188 0.20624271
vn 0.31238732 0.929771 0.19478215
vn 0.29837343 0.9292994 0.21766037
vn -0.30540603 0.92961884 0.2062427
vn -0.31238726 0.929771 0.19478214
vn -0.29837337 0.9292994 0.21766032
vn 0.30540606 -0.9296189 -0.20624259
vn 0.3123871 -0.929771 -0.19478236
vn 0.2983736 -0.9292995 -0.21765988
vn -0.8595416 -0.37546965 0.34671447
vn -0.85837525 -0.37300095 0.35222477
vn -0.86069024 -0.3779567 0.34111756
vn -0.30540612 -0.92961884 -0.20624259
vn -0.3123872 -0.92977107 -0.1947824
vn -0.29837367 -0.9292994 -0.2176599
vn 0.8595416 -0.37546965 0.34671447
vn 0.85837525 -0.37300095 0.35222477
vn 0.86069024 -0.3779567 0.34111756
vn 0.0 0.0 1.0
vn 2.78263e-07 0.0 -1.0
vn -2.7763693e-07 0.0 -1.0
vn -0.4593599 0.0 0.8882502
vn 0.4585092 0.0 0.8886897
vn 0.45850918 0.0 0.88868964
vn 0.05066617 -0.16329005 -0.9852763
vn -0.002795892 -0.17093861 -0.9852778
vn 0.04836844 -0.12538883 -0.990928
vn 0.08184515 -0.12521474 -0.988748
vn 0.0 -0.028247694 -0.999601
vn 0.0 7.947326e-06 -1.0
vn -0.048368435 -0.1253888 -0.99092793
vn -0.08184519 -0.12521471 -0.988748
vn -0.050666183 -0.16329007 -0.98527634
vn 0.0027958914 -0.1709386 -0.9852778
vn 0.0 -0.19128546 -0.9815345
vn 0.0 -1.0 -2.0913905e-07
vn -0.5554997 0.0 0.8315168
vn -0.5554996 0.0 0.8315168
vn 0.5554997 0.0 0.8315168
vn 0.5554996 0.0 0.8315168
vn 0.50544804 0.0 -0.862857
vn -0.50544804 0.0 -0.862857
vn -0.009388133 -0.9415497 -0.3367433
vn -0.035391565 -0.82979804 -0.55694056
vn -0.017621879 -0.83130187 -0.55554175
vn 0.0 -0.98289514 -0.18416622
vn -0.0016509613 -0.9996909 -0.02480824
vn 0.0 -0.99968606 -0.02505838
vn -0.0027240678 -0.99992216 0.012180511
vn -0.005462959 -0.9999096 0.01229037
vn 0.017621879 -0.83130187 -0.55554175
vn 0.035391565 -0.82979804 -0.55694056
vn 0.009388133 -0.9415497 -0.3367433
vn 0.0 -0.98289514 -0.18416628
vn 0.0016509615 -0.99969083 -0.024808219
vn 0.0027240678 -0.99992216 0.012180511
vn 0.005462951 -0.9999096 0.01229037
vn 3.2280843e-07 -3.0907268e-07 1.0
vn -2.1373899e-06 -2.1909493e-07 1.0
vn -1.7825208e-06 7.7617153e-07 1.0
vn -2.2367835e-06 1.2996591e-06 1.0
vn 2.9194096e-06 3.4886032e-06 1.0
vn 1.644265e-06 0.0 1.0
vn -3.2280843e-07 -3.0907268e-07 1.0
vn 2.1373899e-06 -2.1909493e-07 1.0
vn 1.7825208e-06 7.7617153e-07 1.0
vn 2.2367835e-06 1.2996591e-06 1.0
vn -2.9194096e-06 3.4886032e-06 1.0
vn -1.644265e-06 0.0 1.0
vn -0.99997574 8.835711e-09 0.0069672144
vn -0.99997574 -1.2504821e-06 0.006967127
vn -0.99067557 7.18246e-07 0.13624243
vn -0.9805895 -5.717404e-07 0.19607212
vn -0.9731449 -9.0899096e-07 0.23019326
vn -0.97314495 -3.0521087e-06 0.2301932
vn 0.99067557 9.891903e-07 0.1362424
vn 0.99997574 1.7671203e-08 0.0069671283
vn 0.99997574 6.429123e-07 0.006967171
vn 0.9805895 7.208901e-07 0.19607207
vn 0.973145 6.1706356e-07 0.23019327
vn 0.973145 0.0 0.23019324
vn 3.826944e-07 0.0 -1.0
vn -3.826944e-07 0.0 -1.0
vn -3.826944e-07 0.0 1.0
vn 3.826944e-07 0.0 1.0
vn 2.729775e-08 1.2681842e-06 -1.0
vn 5.4595507e-08 2.5363686e-06 -1.0
vn -0.6215237 0.6638274 -0.4159826
vn -0.55366915 0.8310335 0.053233217
vn -0.22697192 0.9089274 0.34976393
vn -0.043719474 0.99804467 0.044671185
vn 0.3335742 0.7209443 0.60742706
vn 0.55248034 0.8177513 -0.16139504
vn -0.025492804 0.95237976 -0.30384687
vn 0.51474494 0.7268294 -0.4547051
vn -0.54756284 0.835988 0.036044076
vn -0.5350394 0.84344476 -0.048310768
vn 0.22697192 0.9089274 0.34976393
vn 0.5536691 0.8310336 0.053233214
vn 0.62152374 0.66382736 -0.4159825
vn 0.043719493 0.99804467 0.044671178
vn 0.54756284 0.835988 0.03604403
vn 0.025492804 0.95237976 -0.30384687
vn 0.5350394 0.84344476 -0.04831084
vn -0.3335743 0.72094417 0.6074272
vn -0.5524804 0.8177512 -0.16139506
vn -0.51474494 0.7268294 -0.4547051
vn 0.47683835 0.0 -0.878991
vn -0.47683835 0.0 -0.878991
vn 0.40714827 -0.07385628 0.9103711
vn 0.40683603 -0.073344946 0.910552
vn 0.40746477 -0.07437477 0.9101873
vn -0.40714818 0.07385622 -0.9103712
vn -0.4074647 0.074374795 -0.91018736
vn -0.4068359 0.0733448 -0.91055214
vn -0.40714836 -0.07385625 0.9103711
vn -0.40683615 -0.07334491 0.910552
vn -0.40746486 -0.074374735 0.91018724
vn 0.40714827 0.07385618 -0.9103712
vn 0.40746483 0.07437475 -0.9101873
vn 0.406836 0.07334476 -0.9105521
vn -0.23581493 0.26086825 0.93612987
vn -0.0083277095 0.81647736 0.5773173
vn 0.0 0.28410563 0.958793
vn -0.20338008 0.25649273 0.94490635
vn -0.46909997 0.27765015 0.83836484
vn -0.54239523 0.29316184 0.7873142
vn -0.11167505 0.32339823 0.93965006
vn 0.20338008 0.25649273 0.94490635
vn 0.23581493 0.26086825 0.93612987
vn 0.46909985 0.27765018 0.83836496
vn 0.5423951 0.29316187 0.78731424
vn 0.11167501 0.32339823 0.9396501
vn 0.0083277095 0.81647736 0.5773173
vn -0.97912115 0.08352725 0.18532409
vn -0.98051995 0.07834113 0.18012029
vn -0.9802558 0.08361727 0.17918395
vn -0.98160714 0.074159175 0.17591995
vn 0.96706307 -0.20033228 -0.15702276
vn 0.97827363 0.09896214 0.18217358
vn 0.97722644 0.10319564 0.18541622
vn 0.9756787 0.102932625 0.19353548
vn 0.98027563 0.09572051 0.17290865
vn 0.06205006 -0.78552866 -0.61570644
vn 8.998563e-08 3.7637549e-06 1.0
vn -0.0023924673 2.533327e-06 0.99999714
vn -0.0023925558 3.7629934e-06 0.99999714
vn 9.002181e-08 4.9670557e-06 1.0
vn 0.0023927358 3.764494e-06 0.99999714
vn 0.0023926476 2.536361e-06 0.99999714
vn 0.099094 -0.980328 -0.17069659
vn 0.010498278 -0.9986431 -0.05100703
vn 0.012154216 -0.93177384 -0.36283597
vn -0.00050644 -0.9839795 -0.17828102
vn 0.0 -1.0 0.0
vn 0.9048062 0.31142846 0.29041043
vn 0.9000809 0.3133562 0.30275795
vn 0.9121944 0.3081521 0.2700813
vn -0.9048061 0.31142855 0.29041073
vn -0.9000809 0.3133562 0.30275795
vn -0.912194 0.30815223 0.2700821
vn 5.9604525e-07 -1.0 -1.2465602e-13
vn 0.0 -1.0 2.0913834e-07
vn 1.1920907e-06 -1.0 -2.0913869e-07
vn 4.1106657e-07 1.0 -2.0913869e-07
vn -4.1106657e-07 1.0 2.0913869e-07
vn -5.9604525e-07 -1.0 -1.2465602e-13
vn -1.1920907e-06 -1.0 -2.0913869e-07
vn -4.1106657e-07 1.0 -2.0913869e-07
vn 4.1106657e-07 1.0 2.0913869e-07
vn 0.052361988 -0.9983668 0.022848904
vn 0.042853326 -0.9990814 0.0
vn 0.055470124 -0.9984604 0.0
vn 0.042506307 -0.99840724 0.03709651
vn 0.03519639 -0.9990028 -0.027470311
vn 0.039347123 -0.99875367 -0.030709902
vn 0.055063494 -0.9984829 0.0
vn -0.052361995 -0.9983668 0.022848908
vn -0.055470124 -0.99846035 0.0
vn -0.042853326 -0.9990814 0.0
vn -0.04250631 -0.99840724 0.037096515
vn -0.03519639 -0.9990028 -0.027470311
vn -0.039347123 -0.99875367 -0.030709902
vn -0.055063494 -0.9984829 0.0
vn 0.9611692 0.020628128 0.275188
vn 0.9672969 -0.022220321 0.2526718
vn 0.9487356 0.08057162 0.30562875
vn -0.9608031 0.020997796 0.27643552
vn -0.9494215 0.07378105 0.30521342
vn -0.9674374 -0.02222436 0.2521332
vn -0.37187985 -0.92095536 -0.11639025
vn -0.3744088 -0.9210452 -0.10720982
vn -0.36936745 -0.9207862 -0.12538145
vn 0.3684736 0.9211389 0.12542078
vn 0.3767071 0.9196704 0.11089734
vn 0.35986906 0.922383 0.1403705
vn 0.37187985 -0.92095536 -0.11639025
vn 0.3744088 -0.9210452 -0.10720982
vn 0.36936745 -0.9207862 -0.12538145
vn -0.3684736 0.9211389 0.12542078
vn -0.3767071 0.9196704 0.11089734
vn -0.35986906 0.922383 0.1403705
vn -0.048139706 0.99861974 -0.021006204
vn -0.049607813 0.9987688 0.0
vn -0.052361954 0.9983668 -0.022848643
vn -0.03943839 0.99922204 2.5949044e-08
vn -0.035196617 0.99900275 0.027469996
vn -0.0393473 0.99875355 0.03070955
vn -0.055063494 0.9984829 0.0
vn 0.052361958 0.9983668 -0.022848638
vn 0.049607825 0.99876887 1.34402995e-08
vn 0.04813971 0.99861974 -0.021006199
vn 0.039438386 0.99922204 2.5949047e-08
vn 0.035196617 0.99900275 0.027469996
vn 0.0393473 0.99875355 0.03070955
vn 0.055063494 0.9984829 0.0
vn -0.96960205 0.07928672 0.23148564
vn -0.96998894 0.035686817 0.24051575
vn -0.9695315 0.015911771 0.24444972
vn -0.7147503 0.0 -0.69937974
vn -0.21711698 0.0 -0.9761456
vn -0.25155407 0.0 -0.96784323
vn 1.3611271e-09 0.0 -1.0
vn 0.21711698 0.0 -0.9761456
vn 0.25155407 0.0 -0.96784323
vn 0.7147503 0.0 -0.69937974
vn 0.96960205 0.07928672 0.23148564
vn 0.96998894 0.035686817 0.24051575
vn 0.9695315 0.015911771 0.24444972
vn 0.62152374 0.66382736 -0.41598254
vn 0.39172322 0.5504495 -0.7372641
vn 0.45340288 0.8540599 -0.25496575
vn 0.48464403 0.86513287 0.12909417
vn 0.22697192 0.9089274 0.3497639
vn 0.20061223 0.8762192 0.438172
vn 0.0 0.5349962 0.8448545
vn 0.16009274 0.63760775 0.7535428
vn -0.39172322 0.55044955 -0.7372641
vn -0.62152374 0.6638274 -0.4159826
vn -0.45340285 0.85405993 -0.25496584
vn -0.48464397 0.8651329 0.12909408
vn -0.20061219 0.8762192 0.43817195
vn -0.22697194 0.90892744 0.34976393
vn -0.16009274 0.63760775 0.7535428
vn 0.0 0.7682214 0.6401844
vn 0.0 0.9627634 0.27034548
vn 0.9999957 -0.0029294859 5.3365744e-05
vn 0.9999932 -0.0037063342 0.00023919884
vn 0.99999464 -0.0032836674 0.000119359385
vn 0.99999547 -0.0030145422 0.00011066732
vn 0.9999964 -0.0026430767 0.00030880063
vn 0.99998474 -0.0055004503 -0.00044911326
vn 0.999995 -0.003161298 -0.00022395488
vn 0.9999982 -0.0018678824 -0.00028454215
vn 0.99999857 -0.00022422349 -0.0017025607
vn 0.9999973 0.0002875703 -0.0023341181
vn -1.4397243e-07 -1.0 -1.0456931e-07
vn 0.0 -1.0 -2.0913853e-07
vn -2.8794494e-07 -1.0 0.0
vn 1.8396497e-07 1.0 -1.0456931e-07
vn 3.6793006e-07 1.0 -2.0913869e-07
vn 1.4397243e-07 -1.0 -1.0456931e-07
vn 2.8794494e-07 -1.0 0.0
vn -1.8396497e-07 1.0 -1.0456931e-07
vn -3.6793006e-07 1.0 -2.0913869e-07
vn 0.0009123508 -0.99999964 0.00015822174
vn 0.00075552997 -0.99999976 5.264067e-06
vn -7.155255e-12 -1.0 -8.1340615e-05
vn 0.00014210302 -1.0 -0.00013898074
vn -0.00014210302 -1.0 -0.00013898074
vn -0.0009123508 -0.99999964 0.00015822175
vn -0.00075553 -0.99999976 5.2641326e-06
vn -7.155255e-12 1.0 -8.135033e-05
vn 0.00075562 0.9999997 5.264629e-06
vn 0.0009124595 0.99999964 0.00015824061
vn 0.00014211996 1.0 -0.00013899733
vn -0.00014211996 1.0 -0.00013899732
vn -0.00091245957 0.99999964 0.00015824065
vn -0.00075562 0.99999976 5.2646287e-06
vn -0.015230658 -0.9093197 -0.4158195
vn -0.0055570332 -0.9989892 -0.044606738
vn -0.099093996 -0.9803281 -0.17069657
vn 0.0005064399 -0.9839795 -0.17828104
vn -0.99999464 -0.003283797 0.00011936644
vn -0.9999932 -0.0037063346 0.00023916914
vn -0.9999957 -0.0029295436 5.3368894e-05
vn -0.99999547 -0.0030145831 0.00011067281
vn -0.9999964 -0.002643077 0.0003088006
vn -0.99998474 -0.0055004503 -0.00044911326
vn -0.999995 -0.003161298 -0.00022395483
vn -0.9999982 -0.0018678694 -0.00028455854
vn -0.99999857 -0.0002241845 -0.0017026089
vn -0.9999973 0.0002876318 -0.002334194
vn 0.0692447 -0.9020996 -0.425936
vn 0.22840495 -0.96330154 -0.14100128
vn 0.16998707 -0.9851189 0.025400281
vn 0.04012721 -0.9768369 -0.21018901
vn 9.052768e-05 -0.9791324 -0.20322323
vn 0.00705133 -0.9998996 -0.012289233
vn 0.0 -0.999635 -0.027017182
vn 0.0 -0.9926126 -0.12132716
vn 0.0 -0.85068655 -0.5256733
vn -0.06904953 -0.9023107 -0.42552033
vn -0.03975515 -0.97683823 -0.21025386
vn -0.0035043648 -0.99956465 -0.029298443
vn 0.0 -0.99225205 -0.12424153
vn -1.7061298e-08 -0.98237944 -0.18689746
vn 0.0 -0.98237944 -0.18689743
vn 7.228935e-08 -0.98237944 -0.18689753
vn -0.2281242 -0.9634908 -0.14016059
vn -0.16998707 -0.9851189 0.025400281
vn 0.0006824928 0.9436177 0.33103654
vn -0.0006071204 0.9999355 0.011342879
vn 0.00025197078 0.99994534 0.010458112
vn 0.000983501 0.9453681 0.3260035
vn 0.0010188099 0.9774188 0.21130921
vn 0.0010193363 0.9774473 0.21117747
vn 0.0010428012 0.99999946 0.0
vn 0.0010428013 0.9999995 0.0
vn -0.00025197072 0.9999453 0.010458111
vn 0.0006071204 0.99993557 0.01134288
vn -0.0006824926 0.9436177 0.3310365
vn -0.0009835009 0.9453681 0.32600346
vn -0.0010188097 0.9774188 0.21130918
vn -0.0010193359 0.9774473 0.21117745
vn -0.0010428011 0.9999995 2.777291e-11
vn -0.001042801 0.99999946 0.0
vn 0.0 0.9866082 0.16310826
vn 0.0 0.98660815 0.16310823
vn 0.0 0.98660815 0.16310824
vn 0.0 -0.9942309 -0.10726155
vn 0.0 -0.9942309 -0.107261546
vn 0.0 -0.99423087 -0.10726154
vn 0.0 0.9866082 0.16310823
vn 0.0 0.9866082 0.16310824
vn 0.0 -0.99423087 -0.107261546
vn 0.7897035 -0.61348873 -0.00030539616
vn 0.51141 -0.85933685 0.0
vn 0.52557784 -0.85074097 -0.0027838673
vn 0.9540161 -0.29975545 -0.00028821744
vn 0.98799646 -0.15446924 0.0015488432
vn 0.94479203 -0.32767054 0.0
vn 0.84966624 -0.52732074 0.0
vn 0.8496663 -0.52732086 0.0
vn -0.5255777 -0.85074097 -0.002783868
vn -0.51140994 -0.859337 0.0
vn -0.7897034 -0.61348873 -0.00030539682
vn -0.95401603 -0.29975557 -0.00028821809
vn -0.98799646 -0.15446924 0.0015488432
vn -0.94479203 -0.32767054 0.0
vn -0.84966624 -0.52732074 0.0
vn -0.8496663 -0.52732086 0.0
vn 0.99999976 0.00044482024 -0.0006137388
vn 0.999999 0.0010588277 -0.00096017605
vn 0.99999994 6.1923354e-05 0.00047792526
vn 0.99999917 0.0011255079 0.0007461099
vn 0.99999136 0.004105206 0.00070551626
vn 0.99997085 0.007632816 0.00019031395
vn 0.9999676 0.008059645 -4.997122e-05
vn 0.99996346 0.008546082 0.0
vn -0.99999994 6.193154e-05 0.00047788039
vn -0.999999 0.0010588277 -0.00096017605
vn -0.99999976 0.00044482024 -0.0006137388
vn -0.99999917 0.0011255161 0.00074605166
vn -0.99999136 0.004105215 0.00070548797
vn -0.99997085 0.007632816 0.00019031395
vn -0.9999676 0.00805965 -4.9918446e-05
vn -0.99996346 0.008546091 5.3264035e-08
vn -6.2741734e-08 -2.2706529e-07 1.0
vn -1.2548347e-07 -4.5413057e-07 1.0
vn -0.72683066 -0.6849191 0.051019397
vn -0.7109099 -0.70096654 0.05703636
vn -0.3081129 -0.9488051 -0.069536366
vn -0.1472196 -0.98332673 -0.10674729
vn 1.2680881e-09 -0.99207413 -0.12565437
vn 0.0 -0.9922205 -0.12449331
vn 0.1472196 -0.98332673 -0.10674729
vn 0.3081129 -0.9488051 -0.069536366
vn 0.72683066 -0.6849191 0.051019397
vn 0.7109099 -0.70096654 0.05703636
vn 0.49274138 0.86170363 0.121131524
vn 0.4397163 0.0047640754 -0.8981241
vn 0.3606778 0.9212937 0.14536
vn 0.2627326 0.9490599 0.17394547
vn -3.1407124e-09 0.9835286 0.18075274
vn 0.0 0.98330075 0.18198831
vn -0.2627326 0.9490599 0.17394547
vn -0.3606778 0.9212937 0.14536
vn -0.49274138 0.86170363 0.121131524
vn -0.4397163 0.0047640754 -0.8981241
vn -0.3562406 -0.9182503 -0.17294227
vn -0.48781806 -0.8591245 -0.1547215
vn -0.2647496 -0.9452014 -0.19105512
vn 0.0 -0.97994375 -0.1992743
vn 0.0 -0.9792995 -0.202417
vn 0.26474956 -0.9452014 -0.19105513
vn 0.35624057 -0.9182503 -0.17294225
vn 0.48781806 -0.8591245 -0.1547215
vn -0.9361493 -0.13868114 0.32309762
vn -0.6264104 0.765277 -0.14819303
vn -0.8969798 0.41068894 0.1635906
vn -0.66139454 -0.45034757 0.599787
vn 0.3060391 -0.9064211 0.29110295
vn 0.538768 -0.83252084 0.12898916
vn 0.9535732 -0.24745858 -0.17164627
vn 0.85437644 -0.11191626 -0.5074601
vn 0.6636139 0.60279673 -0.44300425
vn -0.04600898 0.9693819 0.2412095
vn -0.017864097 0.15976718 0.98699313
vn 0.04831866 -0.9935573 0.1025153
vn 0.055661 -0.6057348 -0.7937173
vn 0.048274945 0.3587661 -0.9321784
vn 0.34106618 0.7768939 -0.52925396
vn -0.62641037 0.76527697 -0.14819302
vn -0.89697987 0.41068894 0.16359061
vn 0.03499813 0.7191589 0.69396377
vn 0.02334959 -0.39213133 0.9196128
vn -0.048681546 -0.9734429 -0.22369406
vn -0.055052422 -0.30279106 -0.95146567
vn -0.048805553 0.6476273 -0.7603926
vn -0.046008985 0.96938187 0.2412095
vn 0.66139454 -0.45034757 0.599787
vn -0.538768 -0.83252084 0.12898915
vn -0.85437644 -0.11191626 -0.5074601
vn -0.34106618 0.7768939 -0.52925396
vn 0.8969798 0.41068894 0.1635906
vn 0.9361493 -0.13868114 0.32309762
vn -0.3060391 -0.9064211 0.29110295
vn -0.9535732 -0.24745858 -0.17164627
vn -0.6636139 0.60279673 -0.44300425
vn 0.62641037 0.76527697 -0.14819302
vn 0.89697987 0.41068894 0.16359061
vn 0.6264104 0.765277 -0.14819303
vn 0.9939446 -0.041241717 0.10184979
vn 0.99115074 0.00084439095 0.1327391
vn 0.99350995 -0.095868014 0.06121525
vn -0.9939446 -0.041241717 0.10184979
vn -0.99115074 0.00084439095 0.1327391
vn -0.99350995 -0.095868014 0.06121525
vn 0.9985461 -0.050452787 0.018979033
vn 0.9986657 -0.045767054 0.023921823
vn 0.9984115 -0.054347076 0.014868562
vn -0.9985461 -0.050452877 0.018979155
vn -0.9986657 -0.04576726 0.023921825
vn -0.9984114 -0.054347064 0.01486878
vn -1.0 4.6324823e-07 2.0913838e-07
vn -1.0 3.0883223e-07 4.182766e-07
vn -1.0 6.176644e-07 0.0
vn 1.0 4.6324823e-07 2.0913838e-07
vn 1.0 3.0883223e-07 4.182766e-07
vn 1.0 6.176644e-07 0.0
vn -0.0016895841 0.7860527 0.61815727
vn -0.003216756 0.78764766 0.6161176
vn 0.0 0.7842799 0.6204072
vn 0.0 -0.9985285 0.05423032
vn 0.0 -0.99344426 0.114318
vn 0.0 -0.9934442 0.11431799
vn 0.0 -0.99852884 0.054224346
vn -0.0152306575 -0.90931964 -0.41581947
vn 0.0 -0.851416 -0.5244911
vn 0.022096146 -0.84974366 -0.52673286
vn -0.022096146 -0.84974366 -0.52673286
vn 1.5685432e-08 1.0 -5.6230796e-08
vn 3.1370863e-08 1.0 -1.1246159e-07
vn -0.9865142 0.15405226 -0.055296645
vn -0.9884485 0.1379229 -0.06282465
vn -0.9820506 0.18747473 0.02073337
vn -0.9846682 0.17234509 0.026941698
vn -0.9643839 0.23207411 0.12690665
vn -0.95994186 0.26792172 0.08203416
vn 0.98205054 0.1874748 0.02073337
vn 0.9884485 0.13792297 -0.06282466
vn 0.98651415 0.15405232 -0.055296652
vn 0.98466814 0.17234515 0.026941698
vn 0.9643839 0.23207417 0.12690666
vn 0.95994186 0.26792178 0.08203417
vn -0.003139784 0.99994624 0.009887394
vn -0.004125657 0.99995375 0.008687148
vn -0.001520694 0.9999286 0.011858474
vn 0.028583653 -0.9995565 0.008359847
vn 0.027947955 -0.9995817 0.0074503785
vn 0.02949151 -0.99951833 0.009658751
vn 0.0031397839 0.99994624 0.009887394
vn 0.0041256566 0.9999538 0.008687148
vn 0.001520694 0.9999286 0.011858474
vn -0.028583653 -0.9995565 0.008359847
vn -0.027947955 -0.9995817 0.0074503785
vn -0.02949151 -0.99951833 0.009658751
vn -0.016351942 -0.8825013 -0.47002563
vn -0.055298045 -0.7357127 -0.67503256
vn -0.02655299 -0.751516 -0.65918034
vn 0.0006800328 -0.9589807 -0.2834709
vn 0.00031831273 -0.99740636 -0.07197603
vn 0.00049192563 -0.9995154 -0.031125981
vn 0.000646244 -0.99999976 -0.00025176283
vn 0.0012918103 -0.99999917 -3.4393103e-11
vn 0.016351944 -0.8825013 -0.4700256
vn 0.026552994 -0.7515159 -0.65918034
vn 0.055298053 -0.7357127 -0.67503256
vn -0.00068003294 -0.9589807 -0.2834709
vn -0.00031831276 -0.99740636 -0.07197605
vn -0.00049192575 -0.9995154 -0.031125985
vn -0.00064624404 -0.99999976 -0.00025176283
vn -0.0012918105 -0.99999917 -3.439311e-11
vn -0.052960426 0.04645192 -0.9975156
vn -0.11524405 0.15261084 -0.981544
vn 0.0 0.046517204 -0.9989175
vn 0.0 -0.043294635 -0.99906236
vn 0.052960426 0.04645192 -0.9975156
vn 0.11524405 0.15261084 -0.981544
vn 0.84095055 0.16916624 -0.51398927
vn 0.85223013 0.24841163 -0.46042976
vn 0.8096351 0.048131593 -0.5849568
vn 0.0 0.97367245 -0.2279516
vn 0.0 0.9736725 -0.22795159
vn 0.0 0.97367245 -0.22795157
vn -0.84095055 0.16916625 -0.51398927
vn -0.8522301 0.24841163 -0.46042973
vn -0.80963504 0.048131596 -0.5849568
vn 0.56381714 0.44806015 -0.6937956
vn 0.73553336 0.6774561 0.0066367774
vn 0.7381662 0.67418784 -0.024113668
vn 0.7324375 0.6801851 0.029726936
vn 0.7271754 0.68392646 0.058826637
vn 0.46408063 0.64709336 0.6048961
vn 0.27713135 0.55915606 0.78137237
vn -0.23060787 0.28329244 0.930895
vn -0.22939496 0.282691 0.9313774
vn -0.68929255 -0.036061287 0.7235851
vn -0.83545065 -0.15137973 0.5283053
vn -0.9398414 -0.3390668 -0.041615747
vn -0.9363844 -0.34374383 -0.07088313
vn -0.93177444 -0.34737894 -0.10547174
vn -0.93154746 -0.3475897 -0.10677453
vn -0.6760598 -0.2927826 -0.6761816
vn -0.48127586 -0.22060293 -0.848356
vn 0.024655627 0.056834906 -0.9980792
vn 0.025930876 0.0561758 -0.99808407
vn 0.5608971 0.44770417 -0.69638747
vn -0.7381662 0.67418784 -0.024113668
vn -0.73553336 0.6774561 0.0066367774
vn -0.56381714 0.44806015 -0.6937956
vn -0.7324375 0.6801851 0.029726932
vn -0.7271754 0.68392646 0.058826637
vn -0.46408063 0.64709336 0.6048961
vn -0.2771314 0.55915606 0.78137237
vn 0.23060791 0.28329244 0.9308949
vn 0.22939508 0.28269106 0.9313773
vn -0.5608971 0.44770417 -0.69638747
vn -0.024655638 0.056834903 -0.9980792
vn -0.025930876 0.0561758 -0.99808407
vn 0.48127586 -0.22060293 -0.848356
vn 0.6760598 -0.2927826 -0.6761816
vn 0.9317745 -0.34737894 -0.105471686
vn 0.9315474 -0.34758967 -0.106774464
vn 0.93638444 -0.3437438 -0.07088308
vn 0.9398414 -0.3390668 -0.04161569
vn 0.8354507 -0.15137982 0.5283052
vn 0.68929267 -0.036061265 0.723585
vn 0.22914839 0.9477643 -0.221887
vn 0.5978714 -0.037473604 0.8007156
vn 0.54413426 0.8372575 -0.054017056
vn 0.49657968 0.86646026 -0.051529706
vn 0.7071068 -0.7071068 0.0
vn 0.0022027933 3.876433e-07 -0.99999756
vn 0.18885142 0.0 -0.9820057
vn 0.0043556667 0.0 -0.9999905
vn -0.7071068 -0.7071068 0.0
vn -0.0022026794 3.9662612e-07 -0.99999756
vn -0.18885934 7.7015767e-07 -0.98200417
vn -0.004355649 7.842638e-07 -0.9999905
vn 0.61719847 -0.78680253 -0.0028186776
vn -0.034880646 0.0076498296 -0.99936223
vn -0.03490067 0.011026165 -0.9993299
vn -0.8589875 -0.45699725 -0.23085475
vn 0.8589883 -0.4569959 -0.23085472
vn 0.049116552 -0.1298108 0.9903216
vn 0.6111171 0.7913755 0.01614936
vn 0.5452482 0.8365885 0.053143047
vn -0.611117 0.7913756 0.016149363
vn -0.54524815 0.8365885 0.05314305
vn 0.04530575 -0.038785815 -0.99821997
vn -0.15859361 -0.15939806 0.97439235
vn 0.5978646 -0.7992505 0.06129063
vn 0.0 -0.9974949 0.07073996
vn -0.61960334 0.33257762 -0.7109739
vn 0.61960334 0.33257762 -0.7109739
vn -0.6263708 -0.032288358 0.7788563
vn -0.905246 -0.045307048 0.42246526
vn 0.9713985 0.099223204 0.21573071
vn -0.9713985 0.09922328 0.21573088
vn 0.6276984 0.024922732 0.7780576
vn 0.62637085 -0.032287452 0.7788563
vn -0.72589535 0.4097449 0.5524357
vn -0.15495357 0.907588 -0.3902222
vn -0.005254589 0.030776974 -0.99951255
vn 0.15495357 0.907588 -0.39022225
vn 0.005254589 0.030776974 -0.99951255
vn 0.97256005 -0.22650413 -0.053131968
vn 0.6276054 -0.4009677 0.66733533
vn 0.8916673 -0.4509065 -0.040157333
vn -0.6276055 -0.40096775 0.66733515
vn -0.8916673 -0.4509065 -0.040157333
vn -0.0019130463 -0.98564935 0.16879487
vn 0.16358875 -0.10803962 -0.9805948
vn 0.8607682 0.25513896 0.4404341
vn 0.72589606 0.40974462 0.5524349
vn -0.0880376 0.99298257 0.078962386
vn -0.9944917 0.09901295 0.03439003
vn -0.7510397 0.47247532 0.46120116
vn -0.99367416 0.095897384 0.058442783
vn -0.9984464 0.053832456 0.014386912
vn 0.99367404 0.095897466 0.05844251
vn 0.99844635 0.053832754 0.014386855
vn 0.024701018 -0.9908649 0.13257727
vn -0.22735621 -0.8267299 0.5146134
vn 0.7510409 0.47247455 0.4612001
vn 0.9185037 0.27998742 -0.27920943
vn 0.8613026 0.3329981 -0.38375777
vn -0.86130255 0.33299825 -0.38375777
vn -0.9185037 0.27998757 -0.27920946
vn 0.11978091 -0.0059801666 -0.9927824
vn 0.11707981 0.0017840693 -0.9931209
vn 0.11443211 0.009372665 -0.99338686
vn -0.99726504 0.073879965 -0.0020744822
vn -0.9996905 0.011764971 0.021921167
vn -0.99024475 0.13679592 -0.026500314
vn -0.1170798 0.0017840691 -0.99312097
vn -0.11963468 0.0094298655 -0.99277323
vn -0.114416495 -0.006162102 -0.9934138
vn 0.99726504 0.073879965 -0.0020744822
vn 0.9996905 0.011764971 0.021921167
vn 0.99024475 0.13679592 -0.026500314
vn -0.9305181 -0.35483155 0.09072298
vn -0.94927114 -0.30237135 0.08634739
vn -0.93240595 -0.35001242 0.090058535
vn -0.97740394 -0.19880502 0.07182078
vn -0.98136204 -0.1779218 0.07261176
vn -0.9916644 -0.1160165 0.05605268
vn -0.99753493 -0.06085504 0.03493882
vn -0.9819051 0.17711851 -0.06701828
vn -0.9863757 0.15193065 -0.06308797
vn -0.99818933 0.04851636 -0.0355561
vn -0.9628706 0.2562675 -0.084895164
vn -0.95767236 0.27393615 -0.088446096
vn -0.94597954 0.30945623 -0.096745186
vn 0.96099216 0.1481929 -0.23352304
vn 0.99189645 0.120927155 -0.03896129
vn 0.9678891 -0.24070317 0.072475575
vn 0.99743086 -0.06223844 0.035468835
vn 0.9822852 -0.17315422 0.0716485
vn 0.9519511 -0.29442453 0.08428155
vn 0.93107575 -0.35363156 0.089681275
vn 0.9369118 -0.33741716 0.091356725
vn -0.18991058 0.95601475 -0.22353932
vn -0.14470366 0.9635569 -0.22498669
vn -0.20661521 0.96637774 -0.1530497
vn -0.20819585 0.974156 -0.0876048
vn -0.19625217 0.98034984 -0.01998347
vn -0.15757829 0.9872757 -0.021351077
vn -0.04013146 0.116214804 0.992413
vn 0.1896973 0.10758436 0.97593063
vn 0.2320617 0.13606612 0.9631373
vn 0.21730918 0.10170265 0.97079
vn 0.04036242 0.022807386 0.99892485
vn 0.0 0.059518013 0.9982273
vn 0.0 0.053405717 0.99857295
vn -0.0048121414 0.056986347 0.9983634
vn 0.00062448886 0.038870472 0.9992441
vn 0.0031822855 -0.0016406543 0.9999936
vn 0.022764789 -0.01173658 0.999672
vn 0.057675645 0.114530936 -0.99174404
vn -0.047928553 0.16178708 -0.98566115
vn 0.095697746 0.14503276 -0.98478806
vn 0.058731377 0.055929147 -0.9967059
vn -0.07924803 -0.072617285 -0.9942065
vn -0.002786662 -0.13134746 -0.99133253
vn -0.0023099722 -0.13295476 -0.9911195
vn 0.0021748727 -0.13319038 -0.9910881
vn 0.002032597 -0.1331071 -0.99109966
vn 0.10232368 -0.057003926 -0.99311656
vn 0.062167864 -0.02346564 -0.99778986
vn 0.062364332 -0.0086217495 -0.9980163
vn 0.00890909 -0.0032084987 -0.99995524
vn -0.49716717 -0.8663495 0.047574107
vn -0.50759095 -0.86025715 0.04805262
vn -0.48664525 -0.87232983 0.047087464
vn -0.46981937 0.88134 -0.05009608
vn -0.016696768 0.99977916 -0.01276232
vn -0.035368536 0.9990832 -0.024120292
vn -0.008527946 0.99989086 -0.012066328
vn -2.3987836e-08 0.99999666 -0.0026046934
vn 0.04049827 -0.99889773 0.023735806
vn 0.019253524 -0.9997597 0.01048557
vn 0.48664525 -0.87232983 0.047087464
vn 0.010011637 -0.9999025 0.009740597
vn 0.0 -0.9999989 -0.0015219237
vn -0.35634968 0.93367183 -0.03566355
vn -0.65664536 0.7531343 -0.04007043
vn 0.234966 0.9718262 -0.01857228
vn 0.94654745 0.31120533 -0.08484826
vn 0.9891166 0.13593219 -0.056310564
vn 0.9869201 0.14868245 -0.06230816
vn 0.961943 0.25784218 -0.09046145
vn 0.9149995 0.3919695 -0.09558172
vn 0.9995435 0.014126464 0.02671017
vn 0.9741452 0.18086939 0.13537914
vn 0.9741114 0.1929653 0.11777716
vn 0.97929245 0.19634165 0.049359486
vn 0.998217 0.053056225 0.02734947
vn 0.9726003 -0.23205149 -0.014168769
vn 0.96700305 0.24759437 0.060019217
vn -0.9741114 0.1929653 0.11777716
vn -0.9741452 0.18086939 0.13537914
vn -0.9995435 0.014126464 0.02671017
vn -0.97929245 0.19634165 0.049359486
vn -0.998217 0.053056225 0.02734947
vn -0.9670029 0.24759439 0.06001922
vn -0.9726003 -0.23205149 -0.014168769
vn 0.0018543673 -0.08725732 -0.9961842
vn -0.130854 -0.16499944 -0.9775748
vn -0.1875676 -0.19756265 -0.96217847
vn 0.47041985 -0.79281867 -0.387484
vn 0.036780268 -0.9396065 -0.3402748
vn 0.02073999 -0.9463877 -0.32236648
vn 0.53692424 -0.7569804 -0.37241527
vn 0.14008898 -0.93954545 -0.3124572
vn 0.7733473 -0.54698145 -0.32053894
vn 0.68832946 -0.703542 -0.17672375
vn 0.02115414 -0.99915856 -0.03513808
vn 0.011451559 -0.99336624 -0.11442229
vn 0.036780264 -0.9396064 -0.34027478
vn 0.02345559 -0.9997161 0.0041989866
vn 0.05515973 -0.9984645 0.0050962125
vn 0.034304067 -0.99921405 0.019865634
vn 0.026456114 -0.9991645 0.031151602
vn -0.27022722 -0.08569053 -0.95897573
vn -0.033644058 -0.0127079375 -0.9993531
vn -0.341734 -0.103155226 -0.9341183
vn 0.24450514 -0.06144657 -0.96769917
vn 0.2649822 -0.08440488 -0.96055204
vn 0.34173408 -0.10315524 -0.9341183
vn 0.06047423 -0.010615187 -0.99811333
vn 0.041035376 -0.000537083 -0.9991576
vn -0.029887483 0.19152771 -0.98103213
vn 0.0 0.21731986 -0.9761005
vn -0.242649 -0.002327972 -0.97011137
vn -0.99989676 0.009573244 -0.010722013
vn -0.9999989 0.0009991354 -0.0011190295
vn -0.99977726 0.014058261 -0.015745224
vn 0.6908838 -0.72247946 -0.026513552
vn 0.4818693 -0.8762304 0.0047213733
vn 0.4589094 -0.8880522 0.027667249
vn 0.37010497 -0.92828655 0.0361453
vn 0.6756748 -0.724287 0.13737582
vn -0.6987754 -0.7116144 -0.072924055
vn -0.4818693 -0.8762304 0.0047213733
vn -0.6908838 -0.72247946 -0.026513552
vn -0.43924034 -0.8981792 0.01849667
vn -0.33221117 -0.94289 0.024378426
vn 0.10911358 0.027460493 -0.9936499
vn 0.09303189 0.045385256 -0.99462825
vn 0.08069206 0.022898402 -0.99647605
vn 0.12946941 0.07047488 -0.9890759
vn 0.0202303 0.10650516 -0.99410635
vn 0.0118684415 0.07110258 -0.9973984
vn 0.090301044 -0.99562967 -0.023818076
vn 0.04318823 -0.9989662 -0.014187856
vn 0.14031573 -0.989522 -0.034027737
vn -0.57380617 0.6483064 0.5004452
vn -0.829276 0.112901986 0.54731566
vn -0.452191 0.1752744 0.8745298
vn -0.9604024 0.21249855 0.18019883
vn -0.89132065 0.45296946 0.019139064
vn -0.5581852 0.751789 0.35105926
vn -0.8372666 0.5141786 -0.18602446
vn -0.8354373 -0.0020301638 -0.549582
vn -0.96533215 -0.090186335 -0.24494973
vn -0.9025768 -0.1873497 -0.3876278
vn -0.9882434 -0.1305689 0.07954095
vn -0.4356694 0.8970225 0.0744501
vn -0.3486461 0.80643064 -0.47761446
vn -0.42073286 0.05753983 -0.90535796
vn -0.55924696 -0.13397491 -0.8181036
vn -0.9664213 -0.19337572 -0.16922076
vn -0.9227313 -0.30663225 0.23354593
vn -0.8101431 -0.11445433 0.57495075
vn -0.8329064 -0.23473465 0.5011653
vn -0.47299492 0.0017647151 0.8810634
vn -0.5208404 -0.077871844 0.8500949
vn 0.0 -0.012256269 0.9999249
vn 0.0 -0.18540806 0.98266166
vn 0.5208404 -0.07787185 0.8500949
vn 0.4729949 0.0017647066 0.8810634
vn 0.83290637 -0.23473468 0.5011652
vn 0.8101431 -0.114454344 0.57495075
vn 0.9227313 -0.30663225 0.23354593
vn 0.98824346 -0.13056889 0.07954096
vn 0.9664213 -0.19337572 -0.16922076
vn 0.9025768 -0.1873497 -0.38762778
vn 0.96533215 -0.09018631 -0.24494968
vn 0.8354373 -0.0020301458 -0.549582
vn 0.89132065 0.45296946 0.019139096
vn 0.8372666 0.5141786 -0.18602446
vn 0.5581852 0.751789 0.3510593
vn 0.57380617 0.64830637 0.5004452
vn 0.9604024 0.21249856 0.18019885
vn 0.8292761 0.11290204 0.54731566
vn 0.559247 -0.1339748 -0.8181036
vn 0.42073283 0.05753992 -0.905358
vn 0.3486461 0.80643064 -0.47761446
vn 0.4356694 0.8970225 0.074450105
vn 0.452191 0.1752744 0.8745298
vn -0.9966181 0.082161926 -0.0013390003
vn -0.9964012 0.084547 -0.0060381633
vn -0.99739766 0.071589634 -0.008540705
vn -0.99624544 0.08609566 -0.009091814
vn 0.9964012 0.084547 -0.0060381633
vn 0.9966181 0.082161926 -0.0013390003
vn 0.99739766 0.071589634 -0.008540705
vn 0.99624544 0.08609566 -0.009091814
vn -0.022646599 -0.045003466 -0.9987301
vn -0.04530575 -0.038785815 -0.99821997
vn 0.0031798263 -0.05205574 -0.9986391
vn 0.5842947 0.78086585 -0.22101665
vn 0.7802459 0.5840455 -0.22384632
vn 0.41603598 0.8357371 -0.35840994
vn 0.5488177 0.7905196 -0.27180514
vn 0.5335347 0.77813005 -0.3314429
vn 0.44648087 0.8511719 -0.27597335
vn 0.54242843 0.7364379 -0.40426552
vn 0.6209956 0.052116554 0.7820796
vn 0.3408082 0.47315195 0.8123897
vn 0.4961151 0.037228487 0.8674583
vn 0.4238126 0.069009334 0.9031172
vn 0.24877365 0.19997998 0.94769174
vn -0.6565462 0.7489357 -0.08967966
vn -0.89171165 0.44749123 -0.0678379
vn -0.8122383 0.5752086 0.096975155
vn -0.66998935 0.7414945 -0.036058467
vn -0.6434507 0.75642383 -0.11744943
vn -0.61808985 0.77245575 -0.14586638
vn -0.6891679 0.7052852 -0.16619414
vn -0.69740283 0.7066656 -0.11938617
vn -0.9031857 0.39762408 -0.16171192
vn -0.9331196 0.34927875 -0.08539447
vn -0.5867797 0.79831517 0.13558163
vn -0.2642461 0.9637622 0.036556046
vn -0.3154977 0.94369143 -0.099537924
vn -0.6103135 0.76992714 -0.18635899
vn -0.6198483 0.7520806 -0.22397053
vn -0.49224696 0.8489582 -0.19225751
vn -0.55218357 0.8196544 0.15251239
vn -0.18224815 0.94359255 0.27643946
vn -0.030250488 0.9839507 0.17585802
vn 0.07135247 0.9857651 0.15223685
vn 0.010439923 0.999899 -0.009645213
vn -0.8379363 0.53484726 0.108633876
vn -0.31379876 0.9491016 0.027137494
vn -0.01508468 0.97662127 0.21443748
vn 0.03446875 0.92366606 0.38164505
vn 0.06436163 0.9693198 0.23722711
vn -0.934991 0.34261206 0.0916997
vn -0.98497325 0.13414402 0.10878032
vn -0.9892106 0.091230854 0.11462679
vn -0.89987266 0.4133494 0.13918166
vn -0.7336012 0.6706489 0.10981551
vn -0.5590109 0.82294136 0.10136224
vn -0.99103004 -0.0074553615 0.13343143
vn -0.8511913 0.4793979 0.2136611
vn -0.7573925 0.62622035 0.18494521
vn -0.7143165 0.6888807 0.1232701
vn -0.46956727 0.871786 0.13962732
vn -0.37387347 0.91937584 0.12233846
vn -0.33707505 0.928381 0.1564902
vn -0.37072477 0.90199643 0.22128186
vn -0.057461858 0.97786444 0.2011945
vn -0.5791147 0.7515391 0.31593546
vn -0.5019149 0.81991976 0.27534187
vn -0.59155685 0.6731669 0.44374207
vn -0.19713514 0.8937993 0.40281588
vn -0.8531364 0.36462337 0.37310606
vn -0.8480038 0.34248212 0.40446952
vn -0.7013616 0.44480294 0.55699396
vn -0.41066107 0.70740384 0.57527155
vn -0.17764048 0.83395714 0.5224552
vn 0.10785748 0.8637136 0.4923064
vn 0.19489035 0.903586 0.38151038
vn -0.87828994 0.31418368 0.36041015
vn -0.85828424 0.29185697 0.42209917
vn -0.8217681 0.10654464 0.5597727
vn -0.59736615 0.053818524 0.80016077
vn -0.43427637 0.55522174 0.70931864
vn -0.15379596 0.72399116 0.672446
vn 0.031459805 0.7756916 0.6303275
vn 0.47207594 0.65270734 0.59255165
vn 0.51830584 0.7253467 0.4530246
vn -0.15602517 0.5635878 0.81118745
vn 0.16687606 0.64806837 0.74307454
vn 0.5513427 0.43868208 0.70963323
vn 0.7249944 0.4641132 0.5089028
vn 0.82757354 0.38214368 0.4112034
vn 0.60788417 0.71884775 0.33724582
vn -0.18586913 0.06398093 0.9804892
vn 0.05684377 0.42662925 0.90263855
vn 0.24325104 0.17855343 0.95338744
vn 0.3998595 -0.6084734 0.6854724
vn 0.767052 -0.13744876 0.6266891
vn 0.86892015 0.27036187 0.41458696
vn 0.88663256 0.2914176 0.35910803
vn 0.8511816 0.3959916 0.3445006
vn 0.81336087 0.54607695 0.20060937
vn 0.5683326 0.78092575 0.2591392
vn 0.09923875 0.9720699 0.2126774
vn 0.0 0.98842597 0.1517043
vn 0.0 0.98842597 0.15170428
vn 0.7381214 0.6573636 0.15182213
vn 0.46256295 0.87678677 0.13145548
vn 0.37072477 0.90199643 0.22128186
vn 0.33707505 0.928381 0.1564902
vn 0.41414723 0.90225834 0.12005026
vn 0.5815006 0.806039 0.110264234
vn 0.4882199 0.8702166 0.06606445
vn 0.9061758 0.39946228 0.13883579
vn 0.7703309 0.62659 0.11821728
vn 0.99103 -0.007455366 0.13343142
vn 0.9892106 0.091230966 0.114626855
vn 0.8535104 0.51042175 0.104832105
vn 0.31379873 0.9491016 0.027137458
vn 0.49207276 0.8553058 0.16222364
vn 0.01508468 0.97662127 0.21443745
vn 0.18224815 0.94359255 0.27643946
vn -0.034468763 0.92366606 0.38164508
vn -0.064361654 0.9693198 0.23722713
vn 0.9849732 0.1341441 0.10878037
vn 0.9347828 0.34303313 0.09224638
vn 0.94688696 0.30701065 0.09565383
vn 0.7431422 0.6581986 0.12047544
vn 0.557884 0.8182835 0.13848355
vn 0.030250484 0.9839507 0.17585802
vn -0.07135249 0.9857651 0.15223683
vn 0.23327678 0.9712313 0.047872234
vn -0.010439928 0.999899 -0.0096452115
vn 0.78292096 0.6219761 0.013437613
vn 0.69214237 0.7216641 0.011831189
vn 0.6461095 0.7592568 -0.07792138
vn 0.6434507 0.75642383 -0.11744942
vn 0.33817095 0.9356834 -0.10068236
vn -0.05791168 0.9968133 -0.05485882
vn -0.05915157 0.9951294 -0.07885846
vn -0.09045412 0.99310076 -0.07462596
vn 0.083572865 0.9964868 -0.005451456
vn 0.64125913 0.7515183 -0.15494192
vn 0.6372446 0.7413453 -0.2105385
vn 0.42415017 0.887186 -0.18165264
vn 0.025146341 0.98508734 -0.17020772
vn 0.44648087 0.8511719 -0.27597332
vn -0.051578946 0.97628355 -0.21026208
vn -0.110296436 0.9690936 -0.22066353
vn 0.57267 0.8027448 -0.1662826
vn 0.53684425 0.8178593 -0.20713404
vn 0.69749445 0.70807856 -0.11011919
vn 0.81172526 0.5502465 -0.19578293
vn 0.88658935 0.43619117 -0.15393746
vn 0.8476625 0.48581284 -0.2132001
vn 0.82467467 0.5465246 -0.14567944
vn 0.057911664 0.99681336 -0.054858826
vn 0.059151553 0.9951294 -0.07885845
vn -0.37586844 0.9133438 -0.15660805
vn -0.2683776 0.94040203 -0.20884827
vn -0.663033 0.7001049 -0.2650291
vn 0.09045411 0.9931007 -0.074625984
vn -0.08357287 0.99648684 -0.0054514483
vn -0.8350117 0.5058099 -0.21659154
vn -0.65582544 0.71653396 -0.2376388
vn -0.8085074 0.53842384 -0.23751971
vn -0.521703 0.81118906 -0.2641938
vn -0.33177614 0.89526445 -0.29736558
vn 0.051859282 0.9762576 -0.21031357
vn 0.11086477 0.9690066 -0.22076076
vn -0.54047865 -0.8411527 -0.018576143
vn -0.8900993 -0.45257723 -0.053825315
vn -0.4999417 -0.8553126 -0.13600977
vn -0.8276725 -0.54733247 -0.124038674
vn -0.80570304 -0.56988907 -0.16145942
vn -0.9936409 -0.0974686 -0.05637107
vn -0.9961945 -0.08599434 -0.0141950855
vn -0.1362453 -0.98985565 -0.040287416
vn -0.13305216 -0.9903359 -0.03914212
vn -0.13989691 -0.98929197 -0.04159728
vn 0.32067814 0.9353141 0.14950947
vn 0.47718397 0.8643339 0.15881518
vn 0.23525037 0.96276456 0.13319819
vn -0.00086208415 0.99157214 0.12955286
vn -0.0007117851 0.99163175 0.12909713
vn -0.23738934 0.96217304 0.13367641
vn -0.32075292 0.9355321 0.14797774
vn -0.47734132 0.8646187 0.15677926
vn 0.34869212 0.9301762 0.11483047
vn 0.48880202 0.8673317 0.093852945
vn 0.5739524 0.8163915 0.06390293
vn -0.3493654 0.9296827 0.11676459
vn -0.48928788 0.8668824 0.09545876
vn -0.5739523 0.81639165 0.063902944
vn 0.10058902 0.9949277 -0.00087918574
vn 0.10328135 0.9906329 0.0893285
vn 0.15096635 0.96015495 0.23518449
vn -0.10058822 0.99492776 -0.0008790297
vn -0.11031619 0.99203074 0.06087125
vn -0.14924107 0.93490297 0.32199928
vn -0.19498645 0.58386743 0.7880858
vn -0.19260168 0.30899328 0.931358
vn -0.39828348 0.53993094 0.7415153
vn -0.3408077 0.47315142 0.81239027
vn 0.00931568 0.62883174 0.77748567
vn -0.3872242 -0.9219845 -0.001419954
vn 0.006336165 -0.9975014 0.07036291
vn -0.030676058 -0.9933467 0.111001655
vn 0.02305853 -0.9970537 0.07315897
vn 0.04460921 -0.9986095 0.02809251
vn 0.3872242 -0.9219845 -0.001419954
vn 0.030676048 -0.9933467 0.111001655
vn -0.0063361623 -0.9975014 0.07036293
vn -0.02305853 -0.99705374 0.07315899
vn -0.04460921 -0.9986095 0.028092518
vn 0.39828464 0.53993046 0.741515
vn 0.19342232 0.3361431 0.92173517
vn 0.19475776 0.58319825 0.7886376
vn -0.009315188 0.6288317 0.77748567
vn -0.10614853 0.5725401 0.8129763
vn -0.13175164 0.7820456 0.6091356
vn -0.3476707 0.6147749 0.7079385
vn -0.03301442 0.4482001 0.89332336
vn -0.07753446 0.5507884 0.8310359
vn 0.0 0.5548683 0.83193827
vn 0.032291293 0.35311633 0.93502206
vn 0.13015345 0.06709024 0.98922145
vn 0.014001947 0.032908004 0.9993604
vn -0.044021618 0.1577263 0.98650116
vn 0.056653958 0.048882417 0.99719656
vn 0.02334737 0.074024096 0.9969832
vn 0.011467996 0.07404222 0.99718916
vn -0.013686087 0.07900031 0.9967807
vn -0.0087251235 0.0808786 0.9966858
vn -0.045203164 0.07085782 0.9964617
vn 0.005198119 0.027267048 0.9996147
vn -0.12052407 0.06355297 0.990674
vn 0.0702803 0.099780194 0.9925244
vn -0.14924107 0.934903 0.32199928
vn 0.14741156 0.79933095 0.5825288
vn 0.25863424 0.64399624 0.7199842
vn 0.085857585 0.7297067 0.6783485
vn -0.1103162 0.99203086 0.06087126
vn -0.039025206 0.99218076 0.118550986
vn -0.046922076 0.9931375 0.1071278
vn 0.26886573 0.95833325 0.09648118
vn -0.06590817 0.9900364 0.12443465
vn -0.03826617 0.99824834 0.04512247
vn -0.04443411 0.9978838 0.047471832
vn -0.08467763 0.99636227 0.009593421
vn -0.066194005 0.99673355 0.046267293
vn -0.12445441 0.99138176 -0.040906362
vn -0.12700914 0.9898676 -0.06348873
vn -0.16295633 0.9829847 -0.08477237
vn -0.17727692 0.97860354 -0.10444201
vn -0.22921957 0.968146 -0.10075574
vn 0.0050856457 0.999796 0.019547256
vn -0.34080768 0.4731514 0.8123902
vn -0.62732166 0.05308815 0.77694863
vn -0.4702586 0.046540447 0.8813007
vn -0.3262062 0.046142656 0.94417185
vn -0.20740274 0.1825673 0.9610688
vn -0.96376526 -0.19427814 0.1827912
vn -0.87829 0.31418368 0.36041015
vn -0.96291465 -0.23372608 0.13478705
vn -0.9004159 -0.40748042 0.15235113
vn -0.93672806 -0.27526167 0.21626733
vn -0.6278596 -0.7557421 0.18613522
vn -0.5658147 -0.8199658 0.086659774
vn -0.27126995 -0.9549764 0.12013639
vn -0.9568949 -0.26922297 0.10895538
vn -0.43977976 -0.89518327 0.07239298
vn -0.20980799 -0.97719985 0.032573845
vn -0.06841914 -0.99752873 0.015979664
vn 0.013127099 -0.98088837 0.19412842
vn -0.98921067 0.09123086 0.114626795
vn -0.9849732 0.13414401 0.10878031
vn -0.02856991 -0.9995462 0.009554169
vn -0.13214351 -0.99050814 0.03784017
vn 0.0 -0.9995038 0.031499576
vn 0.06766606 -0.99754125 0.018243954
vn 0.13214351 -0.99050814 0.03784016
vn 0.20980798 -0.97719985 0.032573845
vn 0.22460352 -0.96620727 0.12647854
vn -0.0071026073 -0.99687177 -0.078717045
vn 0.0 -0.999793 -0.02034697
vn 0.011451559 -0.9933662 -0.114422284
vn 0.07330827 -0.96673566 0.24504729
vn 0.39985952 -0.6084734 0.6854724
vn -0.02475548 -0.772448 0.63459533
vn -0.13500942 -0.75381374 0.64306873
vn -0.18586914 0.06398094 0.98048925
vn 0.24877366 0.19997999 0.9476918
vn 0.42381263 0.069009334 0.90311724
vn 0.96533215 -0.09018631 -0.2449497
vn 0.89132065 0.45296943 0.019139096
vn -0.96533215 -0.090186335 -0.24494974
vn -0.060392346 0.46252954 -0.8845447
vn -0.05634068 0.4230385 -0.9043584
vn -0.020183522 0.47607046 -0.87917554
vn 0.018477088 0.47608614 -0.8792045
vn 0.060392346 0.46252954 -0.8845447
vn 0.06152713 0.42290878 -0.9040811
vn 0.060272112 0.9974861 0.037266586
vn 0.024276007 0.9995215 0.019172912
vn 0.044525053 0.9980672 0.043350745
vn 0.08548494 0.996331 -0.00412081
vn 0.14519542 0.98822457 -0.048277467
vn 0.15917006 0.9844454 -0.07437799
vn 0.16834265 0.98329324 -0.06924748
vn 0.17018706 0.9798103 -0.10491994
vn 0.24055222 0.9554624 -0.17095709
vn 0.038266156 0.99824834 0.045122527
vn 0.04535558 0.995918 0.078040645
vn 0.044037145 0.99416256 0.09849663
vn 0.051923953 0.9914085 0.12005466
vn 0.035590384 0.99300665 0.11256617
vn 0.05436981 0.9878989 0.14525743
vn 0.9961945 -0.08599434 -0.0141950855
vn 0.86141676 -0.5041153 -0.061878998
vn 0.9936409 -0.09746865 -0.056371056
vn 0.8488828 -0.51465017 -0.1205544
vn 0.8485587 -0.50636 -0.15345238
vn 0.5384641 -0.83211666 -0.13280925
vn 0.5425232 -0.83688164 -0.072785646
vn 0.10581018 0.84571886 0.5230333
vn 0.38777155 0.841914 0.37525192
vn 0.17137466 0.8856092 0.43165627
vn 0.07481517 0.8605472 0.5038465
vn 0.036718287 0.6759807 0.736004
vn 0.047249097 0.59828883 0.79988617
vn 0.08560482 0.8395274 0.5365311
vn 0.044778194 0.25203785 0.9666809
vn 0.0629917 0.16321664 0.9845773
vn -0.024695273 -0.10056454 0.9946241
vn -0.08815361 -0.09386046 0.9916749
vn -0.08812169 -0.093884796 0.99167544
vn -0.011280397 -0.096039124 0.99531364
vn 1.07650916e-10 -0.096219406 0.9953602
vn 0.0 -0.08842078 0.99608326
vn 0.011280397 -0.096039124 0.99531364
vn 0.02469532 -0.10056451 0.9946241
vn 0.08812182 -0.09388469 0.99167544
vn 0.08815389 -0.09386026 0.99167496
vn -0.4160357 0.83573717 -0.35841006
vn -0.521703 0.81118906 -0.26419383
vn -0.4955787 0.7881738 -0.36494374
vn -0.42749205 0.7546238 -0.49778864
vn -0.20740275 0.18256731 0.96106887
vn -0.1926017 0.3089933 0.93135804
vn -0.19498645 0.5838674 0.7880858
vn 0.9998657 0.01091643 -0.012226379
vn 0.9997695 0.014300009 -0.01601598
vn 0.9999926 0.0025614335 -0.0028688002
vn 0.7833081 0.6207911 0.032355323
vn 0.50963324 0.85932684 -0.042793207
vn 0.9274832 0.36274537 0.09050236
vn 0.98456466 -0.020501792 0.1738167
vn 0.98661405 0.02667667 0.1608766
vn 0.9160524 -0.3170227 0.2456513
vn -0.9846241 -0.019627865 0.17358065
vn -0.98661405 0.02667667 0.1608766
vn -0.9191767 -0.30917737 0.24397455
vn -0.22558555 0.27597007 0.9343189
vn -0.22487874 0.2760931 0.93445283
vn -0.22652353 0.27580652 0.9341402
vn 0.22558562 0.27597007 0.9343189
vn 0.22487874 0.2760931 0.93445283
vn 0.2265237 0.2758065 0.93414015
vn 0.010852017 0.11549019 -0.9932493
vn 0.009849228 0.11565312 -0.99324083
vn 0.012182882 0.11527382 -0.99325913
vn -0.010852017 0.11549019 -0.9932493
vn -0.009849228 0.11565312 -0.99324083
vn -0.012182882 0.11527382 -0.99325913
vn -0.75328946 -0.6576798 0.0035140365
vn -0.9540685 -0.27013186 -0.1295461
vn 0.5308056 -0.7938093 0.29683715
vn -0.005988387 -0.17551988 -0.9844577
vn -0.031829838 -0.519672 -0.85377276
vn -0.024987955 -0.3123571 -0.94963604
vn -0.027774177 -0.7176167 -0.6958843
vn -0.009265484 -0.76215637 -0.64732677
vn -0.0235326 -0.687835 -0.7254856
vn 0.1366443 -0.87020445 -0.47336313
vn 0.11843329 -0.9085679 -0.40059698
vn 0.17357017 -0.91011894 -0.3762404
vn 0.30868587 -0.86979944 -0.3849182
vn -0.30729964 -0.90137094 -0.30511883
vn -0.11834453 -0.84690064 -0.51841486
vn -0.23763849 -0.9001606 -0.3650191
vn -0.3128086 0.8678509 0.38598666
vn 0.0046022343 -0.71432394 -0.69980013
vn -0.024072867 0.66582316 -0.74572116
vn 0.030783346 -0.8321034 -0.5537656
vn 0.02084432 -0.56159 -0.8271531
vn -0.21939269 -0.97485584 0.039026354
vn -0.026847133 -0.16720505 -0.98555654
vn 0.96376526 -0.19427802 0.18279111
vn 0.9629147 -0.23372594 0.13478704
vn 0.9568949 -0.26922294 0.10895539
vn 0.98921067 0.091230966 0.11462686
vn 0.900416 -0.4074803 0.15235113
vn 0.5658146 -0.81996584 0.08665977
vn 0.43977976 -0.89518327 0.07239297
vn 0.9367281 -0.27526164 0.21626726
vn 0.62785935 -0.7557423 0.18613516
vn 4.9101396e-07 -1.5445076e-07 1.0
vn 0.0 1.3689262e-07 1.0
vn 3.910795e-07 -1.2301591e-07 1.0
vn 9.70244e-07 -4.574443e-07 1.0
vn -6.60036e-08 3.7581754e-07 1.0
vn -3.2529132e-07 9.381824e-07 1.0
vn -7.865036e-08 4.4782684e-07 1.0
vn -9.8958616e-08 3.598219e-08 1.0
vn -0.7833081 0.620791 0.03235511
vn -0.92748314 0.3627457 0.09050202
vn -0.5096335 0.8593268 -0.042793278
vn -0.5501761 -0.46614942 0.6928283
vn 0.22735661 -0.82672936 0.5146139
vn -0.83006674 0.07360048 0.5527858
vn -0.85828424 0.29185697 0.4220992
vn -0.8193646 0.38889843 0.42118856
vn -0.83356833 0.4047813 0.3759202
vn 0.5092707 0.8445993 -0.16521332
vn 0.51279527 0.8433493 -0.16063292
vn 0.50839204 0.8449246 -0.16625252
vn 0.5082194 0.8449866 -0.16646518
vn 0.5082843 0.84492594 -0.16657522
vn 0.5082236 0.8449897 -0.16643697
vn 0.5089294 0.84429616 -0.1677942
vn 0.5111998 0.8419361 -0.17267987
vn -0.508392 0.84492475 -0.16625258
vn -0.51279503 0.8433495 -0.16063316
vn -0.50927055 0.84459937 -0.1652133
vn -0.50821936 0.8449866 -0.16646521
vn -0.5082842 0.84492594 -0.16657522
vn -0.5082236 0.8449897 -0.16643699
vn -0.50892943 0.84429616 -0.16779426
vn -0.5111998 0.8419361 -0.17267987
vn 0.05869166 -0.20151618 0.9777252
vn 0.09627078 -0.28610805 0.9533489
vn -0.058691688 -0.2015162 0.9777252
vn -0.09627081 -0.28610805 0.9533489
vn 0.93746156 0.0010877583 0.34808716
vn 0.93841004 0.0 0.34552357
vn 0.93649054 0.002191759 0.35068595
vn -0.93746156 0.0010877583 0.34808716
vn -0.93841004 0.0 0.34552357
vn -0.93649054 0.002191759 0.35068595
vn -0.8306029 -0.17763305 0.5277739
vn -0.82853466 -0.16203019 0.5359819
vn -0.8330486 -0.1992827 0.51605856
vn 0.83060306 -0.17763303 0.5277738
vn 0.8285348 -0.16203025 0.5359817
vn 0.83304864 -0.19928253 0.5160585
vn 0.41170707 -0.005906919 -0.9112971
vn -0.7979219 0.059744142 -0.5997927
vn 0.41232455 -0.007211892 -0.9110085
vn -0.9947255 -0.024186634 -0.09968053
vn -0.9992641 -0.033262648 -0.019102447
vn -0.99886745 -0.038461097 0.028008832
vn -0.9043473 -0.26428577 -0.33512554
vn -0.96654433 -0.07870838 -0.2441252
vn -0.96661645 -0.018912947 -0.25552893
vn -0.97638035 0.03629822 -0.21298794
vn -0.97380006 0.07517203 -0.21462226
vn -0.9595335 0.10248678 -0.26228222
vn -0.9496312 0.04655753 -0.309892
vn -0.93512344 0.14199294 -0.32462615
vn -0.9308961 -0.14329664 -0.336004
vn -0.88346016 -0.3679506 -0.29001805
vn -0.99281156 0.02498698 -0.11705112
vn -0.9846992 0.089678034 -0.14941658
vn -0.9896163 -0.025796928 -0.14140096
vn -0.9988734 0.0052131717 -0.047166947
vn -0.9970927 0.062393684 -0.043741226
vn -0.9993439 0.035839763 0.005228318
vn -0.9910825 0.11184581 0.07242974
vn -0.97777754 0.022614922 0.20842224
vn -0.9403191 0.0676278 0.33350644
vn -0.99499464 -0.053386472 0.084472165
vn 0.96017355 0.099416636 -0.26111913
vn 0.9386538 -0.06362922 -0.33894005
vn 0.939908 0.021456836 -0.340753
vn 0.9484281 -0.05323845 -0.3124899
vn 0.89882845 -0.31979477 -0.29973117
vn 0.96565646 0.0037737414 -0.25979495
vn 0.97404456 0.051828712 -0.22034287
vn 0.96034276 -0.060188513 -0.27224827
vn 0.97593147 -0.013755493 -0.21764337
vn 0.9901648 0.034090735 -0.13568904
vn 0.9885341 -0.025710817 -0.14879276
vn 0.9988734 0.0052131717 -0.047166947
vn 0.9705051 0.09758687 -0.2204464
vn 0.9838633 0.07904529 -0.16051452
vn 0.9970927 0.06239369 -0.04374123
vn 0.9993439 0.035839763 0.005228318
vn 0.9966954 -0.04559726 0.0672252
vn 0.9826423 0.035206296 0.182139
vn 0.95340794 -0.018224027 0.3011333
vn 0.94973797 0.08318674 0.30179095
vn 0.9912192 0.11135207 0.07131018
vn 0.6919093 -0.27209616 -0.668749
vn 0.6985047 -0.29349086 -0.6526518
vn 0.6868422 -0.25658584 -0.6800085
vn -0.6919093 -0.27209616 -0.668749
vn -0.6985047 -0.29349086 -0.6526518
vn -0.6868422 -0.25658584 -0.6800085
vn 0.9992641 -0.033262696 -0.019101981
vn 0.9947256 -0.024186771 -0.0996793
vn 0.99886745 -0.038461097 0.028008822
vn -0.026456129 -0.9991645 0.031151582
vn -0.034304075 -0.99921405 0.019865623
vn -0.028569909 -0.9995462 0.009554169
vn -0.05515973 -0.9984645 0.0050962125
vn -0.021154134 -0.9991586 -0.03513807
vn -0.007102607 -0.9968717 -0.07871704
vn -0.08264832 -0.9495723 -0.30245957
vn -0.053680778 -0.93758315 -0.34359306
vn -0.59281284 -0.78899866 -0.16141286
vn -0.43351543 -0.8357863 -0.3369358
vn -0.20086195 -0.91282356 -0.3555385
vn 0.046244133 0.9930396 0.108323306
vn 0.051735952 0.9935917 0.10049403
vn 0.0 0.99410313 0.10843932
vn 0.0 0.99338037 0.11487178
vn -0.046244133 0.9930396 0.108323306
vn -0.051735952 0.9935917 0.10049403
vn 0.8004062 -0.0009884293 -0.5994572
vn 0.95506424 0.0 -0.29639915
vn 0.95502406 -0.00025372222 -0.29652816
vn -0.15385513 -0.006079161 -0.9880747
vn -0.41170695 -0.0059069195 -0.9112972
vn -0.4123244 -0.007211892 -0.91100854
vn -0.96140826 0.20392509 -0.18468575
vn -0.96243536 0.061340507 -0.26449126
vn -0.95506424 0.0 -0.29639915
vn 0.86892015 0.27036187 0.414587
vn 0.80433613 0.39969265 0.4396467
vn 0.8306831 0.0030421112 0.5567373
vn 0.767052 -0.13744874 0.626689
vn 0.68567085 -0.30059743 0.6629455
vn 0.6197759 0.51533794 -0.5918654
vn 0.60649055 0.5183325 -0.60291016
vn 0.6377386 0.5109601 -0.57637596
vn -0.6197759 0.51533794 -0.5918654
vn -0.60649055 0.5183325 -0.60291016
vn -0.6377386 0.5109601 -0.57637596
vn -0.8251711 0.2660642 -0.49829966
vn -0.84830177 0.27976084 -0.44957522
vn -0.8574459 0.28218585 -0.43029952
vn -0.8103732 0.4229753 -0.40544695
vn -0.13594964 0.8471401 -0.5136842
vn -0.09705259 0.94915783 -0.29946673
vn 0.094555065 0.89875233 -0.42813987
vn 0.8280226 0.40082937 -0.3920643
vn -0.8867781 0.34786093 -0.30433112
vn -0.8135609 0.5425979 -0.20906055
vn -0.20891115 0.95537406 -0.20884593
vn 0.08649111 0.97126245 -0.22173987
vn 0.6375157 0.7242667 -0.2627004
vn -0.7406228 0.39452514 -0.54390055
vn -0.8825421 0.4434781 -0.15635458
vn -0.8430664 0.52000004 -0.13725519
vn -0.77793914 0.62138724 -0.0932126
vn -0.21680121 0.96738356 -0.13102064
vn 0.05069043 0.9844072 -0.1684428
vn 0.7072063 0.6912294 -0.14853032
vn -0.9297296 0.36465284 -0.051296767
vn -0.9350832 0.3514957 -0.04550007
vn -0.5072575 0.8615172 -0.021863762
vn -0.102966964 0.99349564 -0.048623066
vn 0.35838264 0.9288325 -0.0939798
vn -0.9494862 0.31326902 -0.018400822
vn -0.87842524 0.47759542 0.01648546
vn 0.7076472 0.7048174 -0.04967872
vn 0.89114356 0.44941056 -0.062397808
vn 0.9268604 0.3697607 -0.06486078
vn 0.84366345 0.5097839 -0.16838162
vn 0.8561938 0.41635838 -0.30590498
vn 0.94708085 0.31932142 -0.032737847
vn 0.9525362 0.3037453 -0.020339137
vn 0.87842536 0.4775952 0.01648533
vn -0.99890023 0.04681817 0.0025332423
vn -0.99466896 0.09219586 -0.046190344
vn -0.9986178 0.0 0.052558884
vn 0.0 0.9984604 0.05546976
vn 0.0 0.99846035 0.055469763
vn 0.0 0.9984604 0.055469763
vn 0.4923445 0.61761445 0.61331016
vn 0.47902858 0.62194216 0.6194511
vn 0.51051784 0.61140996 0.60460687
vn -0.4923445 0.61761445 0.61331016
vn -0.47902858 0.62194216 0.6194511
vn -0.51051784 0.61140996 0.60460687
vn 0.99890023 0.04681817 0.0025332423
vn 0.9986178 0.0 0.052558884
vn 0.99466896 0.09219586 -0.046190344
vn -0.026253022 0.33479857 0.9419239
vn -0.034545355 0.5984026 0.80045044
vn -0.0201225 0.6891821 0.7243088
vn -0.074827485 0.8768788 0.47485206
vn -0.07784287 0.9106249 0.40583593
vn -0.7629179 0.63922906 -0.09665732
vn -0.7301217 0.6809291 -0.057078917
vn -0.7970617 0.5868568 -0.1424494
vn 0.87429315 0.28866482 -0.39023614
vn 0.87745744 0.24409358 -0.41290057
vn 0.7406228 0.39452514 -0.54390055
vn -0.99746054 0.06638905 -0.025788479
vn -0.996084 -0.08840832 -0.00092177227
vn -0.823715 0.5577507 -0.10201877
vn 0.99746054 0.06638905 -0.02578848
vn 0.996084 -0.088408336 -0.0009217724
vn 0.823715 0.5577507 -0.10201877
vn -0.9749492 -0.007247191 -0.22230978
vn -0.97462887 -0.007967046 -0.22368516
vn -0.9752706 -0.006518882 -0.2209177
vn -0.829276 0.112901986 0.5473157
vn -0.96040237 0.21249853 0.18019882
vn -0.45219097 0.1752744 0.8745297
vn 5.29995e-09 0.1577232 0.98748344
vn 0.45219097 0.1752744 0.8745297
vn 0.829276 0.11290203 0.54731566
vn 0.96040237 0.21249855 0.18019883
vn 0.9749492 -0.007247191 -0.22230978
vn 0.97462887 -0.007967046 -0.22368516
vn 0.9752706 -0.006518882 -0.2209177
vn -9.589138e-08 -0.10278967 -0.9947032
vn 0.0 0.28659856 -0.9580508
vn 0.0 0.8405388 -0.5417514
vn 9.579552e-09 0.9977115 -0.06761631
vn 0.0 0.9286605 0.37093088
vn 7.025691e-09 0.70292515 0.7112639
vn 0.0022027935 3.8764333e-07 -0.9999976
vn -0.0022026796 3.9662615e-07 -0.9999976
vn -0.9493576 -0.3009421 -0.090300016
vn -0.94935757 -0.30094224 -0.09029995
vn -0.9493576 -0.30094194 -0.09030008
vn 0.7162652 0.6977095 0.012874016
vn 0.7162652 0.69770944 0.012874014
vn 0.71626514 0.6977095 0.012874017
vn 0.9493576 -0.3009421 -0.09029996
vn 0.94935757 -0.30094224 -0.09029988
vn 0.9493576 -0.3009419 -0.09030002
vn -0.7162652 0.6977095 0.012874017
vn -0.71626514 0.6977095 0.012874017
vn -0.62313986 0.045222163 0.78080195
vn -0.5615669 0.0051712785 0.8274152
vn -0.664415 0.07374867 0.74371624
vn 0.5615669 0.0051712785 0.8274152
vn 0.62313986 0.045222163 0.78080195
vn 0.664415 0.07374867 0.74371624
vn 0.9942695 -0.09696567 0.045010187
vn 0.9944573 -0.0972973 0.039849002
vn 0.99357456 -0.095989615 0.059964623
vn 0.035214286 0.998392 0.044424675
vn 0.028775029 0.9995027 0.012896548
vn 0.06601992 0.978146 0.19715916
vn -0.9942695 -0.09696567 0.04501018
vn -0.9944573 -0.0972973 0.039848994
vn -0.99357456 -0.095989615 0.059964623
vn -0.035214223 0.9983919 0.04442461
vn -0.028774982 0.9995027 0.012896546
vn -0.06601981 0.97814614 0.19715877
vn 0.76291776 0.6392291 -0.09665735
vn 0.7301215 0.68092924 -0.057078864
vn 0.7970617 0.5868567 -0.14244951
vn 0.42071572 -0.89807147 0.12832017
vn -0.3114168 -0.9082388 0.2795027
vn 0.9540684 -0.27013195 -0.12954633
vn -5.41103e-09 -0.998672 0.05151879
vn 0.0 -0.998672 0.051518768
vn -1.09474545e-08 -0.99867207 0.051518824
vn -0.016131788 0.9939995 -0.108189315
vn -0.029858569 0.98503965 -0.16972154
vn 0.0 0.9993629 -0.035691787
vn -0.89122295 -0.45348805 0.008383633
vn -0.9099495 -0.41471916 0.0
vn -0.9123259 -0.40939572 0.007522246
vn -0.8421773 -0.53898 0.015427663
vn -0.28850815 -0.957368 0.014480976
vn -0.10419962 -0.9944656 0.013441151
vn 0.18093964 -0.983396 0.013904414
vn 0.1807808 -0.98342407 0.013977338
vn 0.84217757 -0.53897953 0.015427964
vn 0.891223 -0.45348796 0.00838383
vn 0.9123259 -0.40939584 0.0075223986
vn 0.90994936 -0.41471937 0.0
vn 0.8648479 0.502034 1.976477e-07
vn 0.9106149 0.413256 0.0
vn 0.91061497 0.4132559 1.7074227e-07
vn 0.8648479 0.502034 3.952954e-07
vn 0.3019496 0.95332396 1.345285e-07
vn 0.11193254 0.9937158 0.0
vn -0.19372778 0.9810554 -7.846762e-08
vn -0.19372751 0.9810554 0.0
vn -0.8648479 0.50203395 -1.6262803e-07
vn -0.8648479 0.502034 -3.2525605e-07
vn -0.91061497 0.4132559 -1.338694e-07
vn -0.91061497 0.41325578 0.0
vn -0.0224206 0.93743455 -0.34743905
vn -0.04796218 0.9021346 -0.42878067
vn -9.7049195e-08 0.96169555 -0.27412
vn 1.0 0.0 -3.874497e-06
vn 1.0 0.0 -1.2914991e-06
vn 1.0 1.8468736e-08 -6.012511e-07
vn 1.0 -1.2262801e-07 3.778029e-08
vn 1.0 -2.125501e-07 -5.195748e-07
vn 1.0 1.1319019e-07 -5.979208e-08
vn 1.0 2.5136626e-07 -7.714429e-07
vn 1.0 3.770494e-07 -1.937279e-06
vn 1.0 -7.13404e-07 -3.5670357e-07
vn 1.0 -1.6051611e-06 -1.0701107e-06
vn -4.0877293e-07 0.06553562 -0.99785024
vn -3.283749e-07 0.44374916 -0.8961511
vn -3.8807036e-07 0.32030717 -0.9473138
vn -2.7251528e-07 -0.06553412 -0.99785036
vn -1.3628065e-07 -0.3203065 -0.94731396
vn 0.0 -0.4437495 -0.89615095
vn 0.0 -0.65929073 -0.7518882
vn 0.0 -0.75188774 -0.65929115
vn 0.0 -0.89615095 -0.4437494
vn 2.6850763e-08 -0.9473142 -0.32030576
vn 5.7657587e-08 0.7518868 0.65929234
vn 2.2088614e-07 0.9473141 0.3203062
vn 1.2583061e-07 0.89615047 0.4437503
vn 0.0 0.6592901 0.75188875
vn 0.0 0.4437495 0.89615095
vn 0.0 0.32030684 0.9473139
vn 0.0 0.0655353 0.9978503
vn 0.0 -0.065533526 0.99785036
vn 0.0 -0.32030627 0.9473141
vn 0.0 -0.44374996 0.8961507
vn 0.0 -0.99785036 -0.06553399
vn 0.0 -0.8961509 -0.44374937
vn 0.0 -0.99785036 0.06553397
vn -2.6850788e-08 -0.9473142 0.3203059
vn 0.0 -0.8961507 0.4437498
vn 0.0 -0.7518876 0.6592914
vn 0.0 -0.65929097 0.7518879
vn -2.1166493e-07 0.65928996 -0.7518889
vn -3.8807033e-07 0.32030714 -0.9473137
vn -1.1607462e-07 0.7518872 -0.6592918
vn 1.772014e-09 0.89615077 -0.44374976
vn 6.282076e-08 0.94731414 -0.32030612
vn 1.7754022e-07 0.99785036 -0.0655341
vn 2.0438647e-07 0.99785036 0.0655341
vn -0.78744924 -0.5465552 -0.28495818
vn -0.78719646 -0.39796096 -0.47111458
vn -0.7878977 -0.45611084 -0.41373923
vn -0.78819877 -0.2646897 -0.55559164
vn -0.7875524 -0.18767847 -0.5869737
vn -0.78844327 -0.030733064 -0.6143393
vn -0.787705 0.053053614 -0.6137639
vn -0.78825754 0.20833889 -0.5790034
vn -0.787449 0.28495696 -0.5465562
vn -0.78789777 0.41373745 -0.45611235
vn -0.7871965 0.47111285 -0.39796287
vn -0.78819907 0.5555907 -0.26469082
vn -0.7875528 0.58697313 -0.18767864
vn -0.7884437 0.61433876 -0.03073283
vn -0.78770536 0.6137635 0.05305358
vn -0.78825796 0.57900274 0.20833957
vn -0.78744924 0.5465551 0.2849584
vn -0.78789777 0.45611143 0.41373843
vn -0.78719646 0.39796266 0.4711131
vn -0.7881991 0.26469147 0.55559015
vn -0.7875528 0.18767934 0.58697283
vn -0.7884437 0.03073303 0.61433876
vn -0.78770536 -0.053053603 0.61376345
vn -0.788258 -0.20834029 0.5790023
vn -0.7874492 -0.2849593 0.5465546
vn -0.7878975 -0.41373894 0.45611155
vn -0.7871962 -0.47111338 0.39796266
vn -0.78819895 -0.5555906 0.26469135
vn -0.7875528 -0.586973 0.18767916
vn -0.78844374 -0.61433864 0.030732885
vn -0.7877054 -0.61376345 -0.05305368
vn -0.78825796 -0.57900274 -0.20833936
vn 0.5815729 -0.7734677 -0.25203308
vn 0.58236253 -0.81058717 0.06166439
vn 0.5829403 -0.81124383 -0.045432206
vn 0.5820066 -0.76801527 0.26724714
vn 0.57984644 -0.7272847 0.36719885
vn 0.5794872 -0.6083796 0.54228127
vn 0.579073 -0.53145295 0.61824936
vn 0.5803518 -0.3542243 0.73329186
vn 0.58157194 -0.25203422 0.77346814
vn 0.58301264 -3.8760417e-09 0.81246316
vn 0.5844957 0.0 0.8113968
vn 0.5815719 0.25203413 0.77346814
vn 0.58035177 0.3542242 0.733292
vn 0.5790729 0.5314529 0.6182496
vn 0.5794869 0.6083798 0.5422812
vn 0.5798461 0.72728527 0.36719856
vn 0.58200634 0.7680153 0.26724714
vn 0.5830141 0.8124621 3.8760324e-09
vn 0.58449817 0.8113951 0.0
vn 0.58200574 0.76801586 -0.26724708
vn 0.5798454 0.72728586 -0.36719832
vn 0.57948625 0.60838026 -0.5422815
vn 0.57907164 0.5314528 -0.6182508
vn 0.5803496 0.35422403 -0.7332938
vn 0.5815704 0.2520337 -0.77346945
vn 0.58293813 0.04543183 -0.8112454
vn 0.5823599 -0.061664887 -0.8105889
vn 0.58200306 -0.26724645 -0.7680181
vn 0.57984346 -0.3671978 -0.72728765
vn 0.5794855 -0.54228055 -0.6083818
vn 0.5790727 -0.61824936 -0.5314534
vn 0.58035195 -0.73329186 -0.35422406
vn 0.9999458 -0.009388971 -0.0044926405
vn 0.99994576 -0.0069717476 -0.0077447146
vn 0.9999456 -0.007948484 -0.006767259
vn 0.99994564 -0.0047692987 -0.0092760455
vn 0.9999458 -0.0034717533 -0.009817749
vn 0.9999455 -0.00083546893 -0.010408709
vn 0.99994576 0.00055206136 -0.010409237
vn 0.9999456 0.0031973468 -0.009930877
vn 0.9999458 0.0044923457 -0.009389104
vn 0.9999456 0.0067672445 -0.007948498
vn 0.99994576 0.007744703 -0.006971763
vn 0.99994564 0.009276037 -0.004769306
vn 0.9999458 0.009817755 -0.0034717515
vn 0.9999455 0.010408721 -0.00083546166
vn 0.9999457 0.010409577 0.00055244856
vn 0.9999456 0.00993155 0.0031979766
vn 0.9999458 0.009389935 0.004492692
vn 0.9999455 0.007949052 0.0067672273
vn 0.99994576 0.0069719777 0.007744508
vn 0.9999456 0.004769299 0.00927606
vn 0.9999458 0.003471758 0.009817752
vn 0.9999455 0.0008354697 0.010408715
vn 0.9999457 -0.000552445 0.010409565
vn 0.9999456 -0.0031979647 0.00993154
vn 0.9999458 -0.0044926773 0.009389933
vn 0.9999455 -0.006767206 0.007949064
vn 0.99994576 -0.0077444958 0.0069719953
vn 0.99994564 -0.0092760455 0.004769309
vn 0.9999458 -0.009817301 0.00347199
vn 0.9999455 -0.010407856 0.00083579513
vn 0.9999457 -0.010408346 -0.0005520623
vn 0.9999456 -0.009930375 -0.0031976015
vn -1.0 0.0 -7.748994e-06
vn -1.0 3.693747e-08 -1.2025022e-06
vn -1.0 0.0 -2.5829981e-06
vn -1.0 -2.4525602e-07 7.556058e-08
vn -1.0 -4.2510027e-07 -1.0391497e-06
vn -1.0 -1.426808e-06 -7.1340713e-07
vn -1.0 2.2638038e-07 -1.1958416e-07
vn -1.0 5.027325e-07 -1.5428858e-06
vn -1.0 7.540988e-07 -3.874558e-06
vn -1.0 -3.2103221e-06 -2.1402213e-06
vn 3.880706e-07 0.32030714 -0.9473138
vn 3.2837508e-07 0.44374913 -0.89615107
vn 4.0877316e-07 0.06553562 -0.99785024
vn 2.7251548e-07 -0.06553413 -0.99785036
vn 1.3628076e-07 -0.32030654 -0.94731396
vn 0.0 -0.6592907 -0.7518882
vn 0.0 -0.75188786 -0.6592911
vn 0.0 -0.896151 -0.44374937
vn -2.6850776e-08 -0.9473142 -0.32030576
vn -1.2583068e-07 0.89615047 0.44375032
vn -2.2088624e-07 0.94731414 0.32030618
vn -5.7657623e-08 0.7518868 0.65929234
vn 0.0 0.65928996 0.7518889
vn 0.0 0.32030687 0.9473139
vn 0.0 0.06553532 0.9978503
vn 0.0 -0.06553355 0.99785036
vn 0.0 -0.3203063 0.9473141
vn 0.0 -0.44374993 0.89615065
vn 0.0 -0.99785036 -0.06553396
vn 0.0 -0.99785036 0.06553395
vn 2.6850797e-08 -0.9473142 0.32030588
vn 0.0 -0.8961507 0.44374985
vn 2.1166505e-07 0.65928996 -0.7518889
vn 1.1607467e-07 0.7518872 -0.6592918
vn -1.772015e-09 0.89615077 -0.4437498
vn -6.28208e-08 0.94731414 -0.32030612
vn -1.7754033e-07 0.99785036 -0.0655341
vn -2.0438662e-07 0.99785036 0.06553411
vn 0.78744924 -0.5465552 -0.28495818
vn 0.78825796 -0.57900274 -0.20833938
vn 0.7878977 -0.45611084 -0.41373923
vn 0.7877054 -0.61376345 -0.05305368
vn 0.78844374 -0.61433864 0.030732885
vn 0.7875528 -0.586973 0.18767916
vn 0.78819895 -0.5555906 0.26469135
vn 0.7871962 -0.47111338 0.39796266
vn 0.7878975 -0.41373894 0.45611155
vn 0.78719646 -0.39796096 -0.47111458
vn 0.78819877 -0.2646897 -0.55559164
vn 0.7875523 -0.18767844 -0.5869738
vn 0.78844327 -0.030733064 -0.6143393
vn 0.787705 0.053053614 -0.6137639
vn 0.78825754 0.20833889 -0.5790034
vn 0.787449 0.284957 -0.54655623
vn 0.7878978 0.41373742 -0.45611238
vn 0.7871965 0.47111285 -0.39796287
vn 0.78819907 0.5555907 -0.26469082
vn 0.7875528 0.58697313 -0.1876786
vn 0.7884437 0.61433876 -0.03073283
vn 0.78770536 0.6137635 0.05305358
vn 0.78825796 0.57900274 0.20833956
vn 0.78744924 0.5465551 0.2849584
vn 0.78789777 0.45611143 0.41373843
vn 0.78719646 0.39796266 0.4711131
vn 0.7881992 0.26469153 0.5555903
vn 0.7875528 0.18767934 0.58697283
vn 0.7884437 0.03073303 0.61433876
vn 0.78770536 -0.053053603 0.61376345
vn 0.788258 -0.20834032 0.5790023
vn 0.7874492 -0.2849593 0.5465546
vn -0.5815736 -0.7734673 -0.25203294
vn -0.5803526 -0.73329145 -0.35422382
vn -0.582941 -0.8112433 -0.04543219
vn -0.5790733 -0.61824906 -0.5314529
vn -0.579486 -0.54228044 -0.60838145
vn -0.5798439 -0.3671976 -0.7272874
vn -0.5820035 -0.26724628 -0.7680178
vn -0.58236057 -0.061664745 -0.8105885
vn -0.5829389 0.045431808 -0.8112449
vn -0.58236307 -0.8105867 0.061664358
vn -0.58200717 -0.76801485 0.26724693
vn -0.5798471 -0.7272844 0.36719865
vn -0.5794878 -0.6083793 0.5422809
vn -0.57907367 -0.5314526 0.61824906
vn -0.5803525 -0.3542241 0.7332915
vn -0.5815725 -0.25203416 0.77346766
vn -0.58301306 0.0 0.8124628
vn -0.5844961 0.0 0.8113966
vn -0.5815725 0.25203413 0.7734677
vn -0.58035237 0.35422403 0.7332915
vn -0.57907355 0.5314526 0.6182492
vn -0.5794877 0.60837954 0.54228085
vn -0.57984674 0.7272848 0.36719835
vn -0.58200705 0.76801497 0.267247
vn -0.5830147 0.8124616 3.876037e-09
vn -0.5844988 0.81139463 0.0
vn -0.5820064 0.7680154 -0.26724693
vn -0.579846 0.72728544 -0.36719808
vn -0.5794868 0.6083799 -0.5422812
vn -0.57907236 0.53145254 -0.61825037
vn -0.5803503 0.35422382 -0.7332933
vn -0.581571 0.25203356 -0.773469
vn 1.0 1.4953038e-08 2.6211484e-07
vn 1.0 -2.2358185e-08 4.831362e-07
vn 1.0 -1.8146471e-07 4.37805e-07
vn 1.0 -2.1741053e-07 1.9401175e-07
vn 1.0 -1.6149447e-07 0.0
vn 1.0 2.621143e-07 -1.4952942e-08
vn 1.0 4.831361e-07 2.2358435e-08
vn 1.0 4.3780523e-07 1.8146498e-07
vn 1.0 1.9401197e-07 2.1741056e-07
vn 1.0 -2.104e-13 1.614943e-07
vn -0.9999458 -0.009388847 -0.004492941
vn -0.9999456 -0.00992987 -0.003197863
vn -0.9999456 -0.007948484 -0.006767259
vn -0.9999457 -0.010407436 -0.0005520623
vn -0.9999455 -0.010406984 0.0008361294
vn -0.9999458 -0.009816847 0.0034722248
vn -0.99994564 -0.009276045 0.004769309
vn -0.99994576 -0.0077447253 0.0069717662
vn -0.9999456 -0.0067672534 0.007948497
vn -0.99994576 -0.006971748 -0.0077447146
vn -0.99994564 -0.0047692987 -0.0092760455
vn -0.9999458 -0.0034717533 -0.009817749
vn -0.9999455 -0.00083546893 -0.010408709
vn -0.99994576 0.00055206136 -0.010409237
vn -0.9999456 0.0031973468 -0.009930877
vn -0.9999458 0.0044923457 -0.009389104
vn -0.9999456 0.0067672445 -0.007948498
vn -0.99994576 0.007744703 -0.006971763
vn -0.99994564 0.009276037 -0.004769306
vn -0.9999458 0.009817755 -0.0034717515
vn -0.9999455 0.010408721 -0.00083546166
vn -0.9999457 0.010409245 0.0005520579
vn -0.9999456 0.0099308705 0.003197334
vn -0.9999458 0.009389095 0.0044923443
vn -0.9999456 0.007948487 0.006767275
vn -0.99994576 0.006971748 0.007744738
vn -0.9999456 0.004769299 0.00927606
vn -0.9999458 0.003471758 0.009817752
vn -0.9999455 0.0008354697 0.010408715
vn -0.99994576 -0.0005520544 0.010409233
vn -0.9999456 -0.0031973221 0.009930861
vn -0.9999458 -0.0044923294 0.009389095
vn -1.0 0.0 -7.748934e-06
vn -1.0 3.693747e-08 -1.2024922e-06
vn -1.0 0.0 -2.5829781e-06
vn -1.0 -4.2510214e-07 -1.0391465e-06
vn -1.0 -1.4268119e-06 -7.1341094e-07
vn -1.0 5.027325e-07 -1.5428758e-06
vn -1.0 7.540987e-07 -3.874528e-06
vn -1.0 -3.2103335e-06 -2.1402327e-06
vn 7.7614067e-07 0.32030687 -0.9473139
vn 6.95486e-07 0.44374934 -0.896151
vn 8.175456e-07 0.06553534 -0.9978503
vn 5.4503045e-07 -0.06553413 -0.99785036
vn 2.725613e-07 -0.32030627 -0.9473141
vn 0.0 -0.4437494 -0.89615095
vn 0.0 -0.6592903 -0.7518885
vn 0.0 -0.7518873 -0.6592916
vn 0.0 -0.8961509 -0.44374955
vn -5.370154e-08 -0.9473143 -0.32030562
vn 0.0 0.8961507 0.44374996
vn -1.2184204e-07 0.947314 0.32030654
vn 0.0 0.7518876 0.6592913
vn 0.0 0.6592906 0.7518882
vn 0.0 0.06553487 0.9978503
vn 3.355808e-09 -0.06553443 0.9978503
vn 1.3045468e-08 -0.3203067 0.94731396
vn 1.30388e-08 -0.4437496 0.8961509
vn -6.038346e-14 -0.99785036 -0.065534055
vn -6.0383515e-14 -0.99785036 0.06553387
vn 5.370157e-08 -0.9473142 0.32030597
vn 0.0 -0.7518875 0.65929145
vn 9.67284e-09 -0.6592907 0.7518882
vn 5.1967857e-07 0.65929013 -0.75188863
vn 4.438134e-07 0.75188726 -0.6592918
vn 3.058422e-07 0.89615077 -0.44374973
vn 1.9428859e-07 0.9473142 -0.32030603
vn -8.2565144e-08 0.99785036 -0.06553398
vn -1.3625773e-07 0.99785036 0.065534346
vn 0.7874493 -0.5465554 -0.2849578
vn 0.788258 -0.5790028 -0.20833921
vn 0.787898 -0.45611086 -0.4137387
vn 0.78844374 -0.61433876 0.030732917
vn 0.78755254 -0.58697313 0.1876795
vn 0.78819877 -0.5555907 0.26469165
vn 0.78719604 -0.47111356 0.39796287
vn 0.7878974 -0.413739 0.45611155
vn 0.78719664 -0.39796075 -0.47111437
vn 0.7881989 -0.26468942 -0.5555917
vn 0.78755254 -0.1876781 -0.5869736
vn 0.7884435 -0.030732771 -0.61433893
vn 0.7877052 0.053053595 -0.6137637
vn 0.7882577 0.20833832 -0.5790034
vn 0.7874491 0.2849564 -0.54655635
vn 0.787898 0.41373745 -0.45611203
vn 0.7871967 0.47111303 -0.39796224
vn 0.7881991 0.5555906 -0.26469052
vn 0.7875527 0.58697313 -0.18767872
vn 0.78844374 0.61433876 -0.03073281
vn 0.78770536 0.61376345 0.053053714
vn 0.7882578 0.579003 0.20833947
vn 0.7874492 0.5465554 0.28495803
vn 0.78789777 0.4561112 0.4137385
vn 0.7871965 0.39796203 0.4711135
vn 0.78819907 0.26469117 0.5555906
vn 0.7875525 0.18767919 0.58697325
vn 0.7884435 0.030732771 0.614339
vn 0.7877052 -0.053053617 0.6137637
vn 0.7882577 -0.20833991 0.5790028
vn 0.78744894 -0.28495893 0.54655516
vn -0.58157265 -0.7734679 -0.25203323
vn -0.5803517 -0.733292 -0.35422426
vn -0.5829402 -0.8112439 -0.045432247
vn -0.5790725 -0.61824954 -0.5314533
vn -0.5794853 -0.54228115 -0.60838145
vn -0.5798433 -0.3671987 -0.7272874
vn -0.58200246 -0.2672471 -0.7680183
vn -0.58235925 -0.061664812 -0.81058943
vn -0.58293754 0.045432203 -0.8112458
vn -0.5823623 -0.8105872 0.061664447
vn -0.5820063 -0.7680155 0.26724714
vn -0.5798463 -0.7272851 0.36719853
vn -0.5794874 -0.60837966 0.542281
vn -0.5790731 -0.5314525 0.6182497
vn -0.5803515 -0.35422406 0.7332923
vn -0.581571 -0.2520352 0.7734685
vn -0.58301157 3.876043e-09 0.8124638
vn -0.5844944 0.0 0.8113977
vn -0.5815708 0.25203523 0.7734687
vn -0.58035135 0.3542241 0.73329234
vn -0.5790731 0.53145236 0.61824983
vn -0.57948726 0.60837966 0.542281
vn -0.579846 0.7272854 0.3671982
vn -0.58200604 0.7680157 0.267247
vn -0.583014 0.8124621 6.976863e-08
vn -0.5844983 0.81139493 6.2986906e-08
vn -0.58200556 0.768016 -0.2672471
vn -0.5798455 0.7272859 -0.36719814
vn -0.5794869 0.6083799 -0.5422812
vn -0.5790725 0.5314523 -0.6182505
vn -0.5803501 0.3542239 -0.7332934
vn -0.58157 0.2520345 -0.77346945
vn 1.0 1.495306e-08 2.6211518e-07
vn 1.0 -2.2358236e-08 4.8313734e-07
vn 1.0 -1.8146497e-07 4.378056e-07
vn 1.0 -2.1741066e-07 1.9401186e-07
vn 1.0 -1.6149451e-07 0.0
vn 1.0 2.6211453e-07 -1.4952944e-08
vn 1.0 4.831363e-07 2.2358435e-08
vn 1.0 4.378057e-07 1.814652e-07
vn 1.0 1.9401219e-07 2.1741104e-07
vn 1.0 -4.2080063e-13 1.6149454e-07
vn -0.9999458 -0.009389086 -0.00449233
vn -0.9999456 -0.009930873 -0.0031973324
vn -0.9999456 -0.007948473 -0.0067672557
vn -0.99994564 -0.010409253 -0.000552063
vn -0.9999455 -0.01040873 0.0008354612
vn -0.9999458 -0.009817755 0.0034717587
vn -0.99994564 -0.009276048 0.0047693094
vn -0.99994576 -0.007744731 0.006971767
vn -0.9999456 -0.006767259 0.007948507
vn -0.99994576 -0.006971735 -0.007744716
vn -0.99994564 -0.0047692885 -0.009276033
vn -0.9999458 -0.0034717494 -0.009817728
vn -0.9999455 -0.0008354675 -0.01040869
vn -0.99994576 0.0005520602 -0.0104092145
vn -0.9999456 0.0031973324 -0.009930855
vn -0.9999458 0.004492331 -0.009389087
vn -0.9999456 0.006767239 -0.007948487
vn -0.99994576 0.0077447025 -0.006971755
vn -0.99994564 0.009276028 -0.0047693034
vn -0.9999458 0.009817744 -0.0034717498
vn -0.9999455 0.010408717 -0.00083546015
vn -0.99994564 0.010409247 0.0005520601
vn -0.9999456 0.009930877 0.0031973384
vn -0.9999458 0.009389101 0.004492345
vn -0.9999455 0.007948493 0.0067672664
vn -0.99994576 0.006971752 0.007744727
vn -0.9999456 0.0047693006 0.009276056
vn -0.99994576 -0.00055205973 0.010409238
vn -0.9999456 -0.0031973284 0.009930873
vn -0.9999458 -0.0044923346 0.009389112
vn 1.0 0.0 -3.874467e-06
vn 1.0 0.0 -1.2914891e-06
vn 1.0 1.8468736e-08 -6.012461e-07
vn 1.0 -2.125511e-07 -5.1957323e-07
vn 1.0 2.5136626e-07 -7.714379e-07
vn 1.0 3.7704936e-07 -1.937264e-06
vn 1.0 -7.1340594e-07 -3.5670547e-07
vn 1.0 -1.6051667e-06 -1.0701164e-06
vn -8.175456e-07 0.06553534 -0.9978503
vn -6.95486e-07 0.44374934 -0.896151
vn -7.7614067e-07 0.32030687 -0.9473139
vn -5.4503045e-07 -0.06553413 -0.99785036
vn -2.725613e-07 -0.32030627 -0.9473141
vn 5.3701527e-08 -0.94731426 -0.32030556
vn 1.2184204e-07 0.947314 0.32030654
vn -3.355808e-09 -0.06553443 0.9978503
vn -1.3045468e-08 -0.3203067 0.9473139
vn -1.30388e-08 -0.4437496 0.8961509
vn 6.038344e-14 -0.99785036 -0.06553404
vn 0.0 -0.8961508 -0.44374952
vn 5.370153e-08 -0.9473143 -0.3203056
vn 6.0383495e-14 -0.99785036 0.065533854
vn -5.3701566e-08 -0.9473142 0.32030603
vn -9.67284e-09 -0.6592907 0.7518882
vn -5.1967857e-07 0.6592902 -0.75188863
vn -4.438134e-07 0.75188726 -0.6592918
vn -3.058422e-07 0.89615077 -0.44374973
vn -1.9428859e-07 0.9473142 -0.32030603
vn 8.2565144e-08 0.99785036 -0.06553398
vn 1.3625773e-07 0.99785036 0.065534346
vn -0.7874493 -0.5465554 -0.2849578
vn -0.78719664 -0.39796075 -0.47111437
vn -0.787898 -0.45611086 -0.4137387
vn -0.7881989 -0.26468942 -0.5555917
vn -0.78755254 -0.1876781 -0.58697355
vn -0.7884435 -0.030732771 -0.61433893
vn -0.7877052 0.053053595 -0.6137637
vn -0.7882577 0.20833832 -0.5790034
vn -0.7874491 0.28495643 -0.54655623
vn -0.787898 0.41373736 -0.45611197
vn -0.7871967 0.47111303 -0.39796224
vn -0.7881991 0.5555906 -0.26469052
vn -0.7875527 0.58697313 -0.18767874
vn -0.78844374 0.61433876 -0.03073281
vn -0.78770536 0.61376345 0.053053714
vn -0.7882578 0.579003 0.2083395
vn -0.7874492 0.5465554 0.28495803
vn -0.78789777 0.4561112 0.4137385
vn -0.7871965 0.39796203 0.4711135
vn -0.78819907 0.26469117 0.5555906
vn -0.7875525 0.18767919 0.58697325
vn -0.7884435 0.030732771 0.614339
vn -0.7877052 -0.053053617 0.6137637
vn -0.7882577 -0.20833991 0.5790028
vn -0.78744894 -0.28495893 0.54655516
vn -0.7878974 -0.413739 0.45611155
vn -0.78719604 -0.47111356 0.39796287
vn -0.78819877 -0.5555908 0.2646917
vn -0.78755254 -0.58697313 0.1876795
vn -0.78844374 -0.61433876 0.030732917
vn -0.788258 -0.5790028 -0.2083392
vn 0.5815723 -0.77346814 -0.25203332
vn 0.5823621 -0.81058747 0.061664473
vn 0.5829399 -0.81124413 -0.045432266
vn 0.5820059 -0.7680157 0.26724723
vn 0.579846 -0.72728527 0.36719865
vn 0.579487 -0.6083798 0.54228115
vn 0.57907283 -0.5314526 0.61824983
vn 0.58035123 -0.35422418 0.73329246
vn 0.58157074 -0.2520351 0.7734687
vn 0.58301145 3.876042e-09 0.812464
vn 0.5844944 0.0 0.8113977
vn 0.58157057 0.25203517 0.7734688
vn 0.580351 0.35422418 0.7332926
vn 0.5790727 0.53145254 0.61825
vn 0.57948697 0.6083798 0.5422812
vn 0.5798458 0.7272856 0.36719832
vn 0.5820058 0.7680158 0.2672471
vn 0.5830137 0.8124624 6.976859e-08
vn 0.5844979 0.8113953 6.2986864e-08
vn 0.5820052 0.7680162 -0.26724723
vn 0.5798451 0.7272862 -0.3671982
vn 0.57948655 0.6083801 -0.5422813
vn 0.5790721 0.53145236 -0.61825067
vn 0.5803498 0.35422397 -0.73329365
vn 0.5815697 0.2520346 -0.7734697
vn 0.5829372 0.045432217 -0.81124604
vn 0.5823591 -0.061664935 -0.81058955
vn 0.5820024 -0.2672472 -0.76801825
vn 0.5798431 -0.3671988 -0.7272874
vn 0.57948506 -0.54228127 -0.6083816
vn 0.5790722 -0.61824965 -0.5314536
vn 0.5803514 -0.73329216 -0.3542243
vn -1.0 1.4953057e-08 2.6211518e-07
vn -1.0 -2.2358236e-08 4.8313734e-07
vn -1.0 -1.8146497e-07 4.378056e-07
vn -1.0 -2.1741066e-07 1.9401186e-07
vn -1.0 -1.6149451e-07 0.0
vn -1.0 2.6211453e-07 -1.4952944e-08
vn -1.0 4.831363e-07 2.2358435e-08
vn -1.0 4.378057e-07 1.814652e-07
vn -1.0 1.9401219e-07 2.1741104e-07
vn -1.0 -4.2080063e-13 1.6149454e-07
vn 0.9999458 -0.009388963 -0.0044926307
vn 0.99994576 -0.006971735 -0.007744716
vn 0.9999456 -0.007948473 -0.0067672557
vn 0.99994564 -0.0047692885 -0.009276033
vn 0.9999458 -0.0034717494 -0.009817728
vn 0.9999455 -0.0008354675 -0.01040869
vn 0.99994576 0.0005520602 -0.010409215
vn 0.9999456 0.0031973324 -0.009930855
vn 0.9999458 0.004492331 -0.009389087
vn 0.9999456 0.006767239 -0.007948487
vn 0.99994576 0.0077447025 -0.006971755
vn 0.99994564 0.009276028 -0.0047693034
vn 0.9999458 0.009817744 -0.0034717498
vn 0.9999455 0.010408717 -0.00083546015
vn 0.9999457 0.010409246 0.0005520601
vn 0.9999456 0.009930877 0.0031973384
vn 0.9999458 0.009389101 0.0044923453
vn 0.9999455 0.007948491 0.0067672664
vn 0.99994576 0.006971752 0.007744727
vn 0.9999456 0.0047693 0.009276054
vn 0.99994576 -0.00055205973 0.010409238
vn 0.9999456 -0.0031973284 0.009930873
vn 0.9999458 -0.0044923346 0.009389112
vn 0.9999456 -0.006767259 0.007948508
vn 0.99994576 -0.007744731 0.006971767
vn 0.99994564 -0.009276048 0.0047693094
vn 0.9999458 -0.0098173 0.0034719934
vn 0.9999455 -0.010407856 0.00083579565
vn 0.99994564 -0.010408342 -0.000552063
vn 0.9999456 -0.009930368 -0.0031975936

g Unknown0
usemtl Unknown0
f 1/1/1 2/2/2 3/3/2
f 4/4/3 5/4/3 6/5/3
f 7/6/4 8/7/4 9/6/4
f 10/8/5 11/9/5 12/10/5
f 13/11/6 14/12/6 15/13/6
f 11/14/7 16/15/8 12/10/9
f 17/16/10 18/17/10 19/18/10
f 20/19/11 21/20/11 22/21/11
f 23/22/12 24/23/13 25/24/14
f 24/23/13 23/22/12 26/25/15
f 23/22/12 27/26/16 26/25/15
f 27/26/16 23/22/12 28/27/17
f 29/22/18 30/24/19 31/23/20
f 31/23/20 32/25/21 29/22/18
f 29/22/18 32/25/21 33/26/22
f 33/26/22 34/27/23 29/22/18
f 31/23/24 30/24/24 35/28/25
f 35/28/25 36/29/25 31/23/24
f 24/23/26 36/29/25 35/28/25
f 35/28/25 25/24/26 24/23/26
f 34/27/27 33/26/28 37/30/29
f 37/30/29 38/31/30 34/27/27
f 28/27/31 38/31/30 37/30/29
f 37/30/29 27/26/32 28/27/31
f 26/25/33 36/29/34 24/23/35
f 36/29/34 26/25/33 39/32/36
f 36/29/34 39/32/36 32/25/37
f 32/25/37 31/23/38 36/29/34
f 26/25/33 37/30/39 39/32/36
f 32/25/37 39/32/36 37/30/39
f 37/30/39 33/26/40 32/25/37
f 37/30/39 26/25/33 27/26/41
f 35/28/42 30/24/43 29/22/44
f 29/22/44 40/33/45 35/28/42
f 35/28/42 40/33/45 23/22/46
f 23/22/46 25/24/47 35/28/42
f 40/33/45 29/22/44 34/27/48
f 34/27/48 38/31/49 40/33/45
f 40/33/45 38/31/49 28/27/50
f 28/27/50 23/22/46 40/33/45
f 41/34/51 42/35/52 43/36/53
f 41/34/51 44/37/54 42/35/52
f 44/37/54 45/38/55 42/35/52
f 41/34/51 46/39/56 44/37/54
f 47/40/57 1/1/58 48/41/59
f 1/1/58 49/42/60 48/41/59
f 1/1/58 3/3/61 49/42/60
f 3/3/61 50/43/62 49/42/60
f 51/44/63 52/45/64 6/5/65
f 52/45/64 51/44/63 53/46/66
f 53/46/66 54/47/67 52/45/64
f 53/46/66 55/48/68 54/47/67
f 55/48/68 53/46/66 56/49/69
f 56/49/69 8/7/70 55/48/68
f 57/50/71 58/51/72 59/52/73
f 60/53/74 59/52/73 58/51/72
f 58/51/72 61/54/75 60/53/74
f 60/53/74 61/54/75 62/55/76
f 62/55/76 63/56/77 60/53/74
f 64/57/78 63/56/77 62/55/76
f 62/55/76 65/58/79 64/57/78
f 66/50/80 67/52/81 68/51/82
f 68/51/82 67/52/81 69/53/83
f 69/53/83 70/54/84 68/51/82
f 71/55/85 70/54/84 69/53/83
f 69/53/83 72/56/86 71/55/85
f 71/55/85 72/56/86 73/57/87
f 73/57/87 74/58/88 71/55/85
f 83/63/90 84/64/91 85/65/92
f 85/65/92 86/66/93 83/63/90
f 87/67/94 83/63/90 86/66/93
f 86/66/93 88/68/95 87/67/94
f 89/69/96 87/67/94 88/68/95
f 88/68/95 90/70/97 89/69/96
f 91/71/98 89/69/96 90/70/97
f 92/72/99 88/68/95 86/66/93
f 86/66/93 93/73/100 92/72/99
f 94/74/101 93/73/100 86/66/93
f 86/66/93 95/75/102 94/74/101
f 90/70/97 96/76/103 91/71/98
f 91/71/98 96/76/103 97/77/104
f 91/71/98 97/77/104 98/68/105
f 98/68/105 99/67/106 91/71/98
f 99/67/106 98/68/105 100/66/107
f 100/66/107 101/63/108 99/67/106
f 101/63/108 100/66/107 102/65/109
f 102/65/109 103/64/110 101/63/108
f 104/72/111 100/66/107 98/68/105
f 100/66/107 104/72/111 105/73/112
f 106/74/113 100/66/107 105/73/112
f 100/66/107 106/74/113 107/75/114
f 10/8/115 12/10/9 108/78/116
f 109/79/117 10/8/115 108/78/116
f 11/14/7 10/8/115 109/79/117
f 109/79/117 110/80/118 11/14/7
f 109/79/117 111/81/119 110/80/118
f 112/82/120 110/80/118 111/81/119
f 15/13/121 110/80/118 112/82/120
f 112/82/120 13/11/122 15/13/121
f 108/78/116 113/83/123 109/79/117
f 111/81/119 109/79/117 113/83/123
f 113/83/123 114/84/124 111/81/119
f 111/81/119 114/84/124 115/85/125
f 115/85/125 112/82/120 111/81/119
f 112/82/120 115/85/125 116/86/126
f 116/86/126 13/11/122 112/82/120
f 13/11/122 116/86/126 117/87/127
f 117/87/127 14/12/128 13/11/122
f 15/13/121 14/12/128 117/87/127
f 117/87/127 118/88/129 15/13/121
f 119/89/130 120/90/131 121/91/132
f 121/91/132 122/92/133 119/89/130
f 122/92/133 121/91/132 123/93/134
f 123/93/134 124/94/135 122/92/133
f 124/94/135 123/93/134 125/95/136
f 125/95/136 126/96/137 124/94/135
f 126/96/137 125/95/136 127/97/138
f 127/97/138 128/98/139 126/96/137
f 129/99/140 130/100/141 131/101/142
f 131/101/142 132/102/143 129/99/140
f 133/103/144 129/99/140 132/102/143
f 132/102/143 134/104/145 133/103/144
f 135/105/146 133/103/144 134/104/145
f 134/104/145 136/106/147 135/105/146
f 137/107/148 135/105/146 136/106/147
f 136/106/147 138/108/149 137/107/148
f 139/109/150 106/74/150 105/73/150
f 104/72/150 139/109/150 105/73/150
f 139/109/150 104/72/150 92/72/150
f 92/72/150 93/73/150 139/109/150
f 139/109/150 93/73/150 94/74/150
f 148/112/155 149/112/156 79/61/155
f 79/61/155 82/62/157 148/112/155
f 77/61/158 150/112/159 151/112/158
f 151/112/158 78/62/160 77/61/158
f 164/118/169 165/118/169 166/119/169
f 166/119/169 167/119/169 164/118/169
f 168/119/169 169/118/169 170/118/169
f 170/118/169 171/119/169 168/119/169
f 164/118/170 172/120/170 173/120/170
f 173/120/170 165/118/170 164/118/170
f 174/120/170 175/120/170 170/118/170
f 170/118/170 169/118/170 174/120/170
f 177/122/174 176/121/175 156/114/174
f 156/114/174 159/117/176 177/122/174
f 162/114/180 182/121/181 181/122/180
f 181/122/180 163/117/182 162/114/180
f 65/133/197 212/134/198 213/135/199
f 213/135/199 214/136/200 65/133/197
f 65/133/197 214/136/200 215/137/201
f 215/137/201 64/138/202 65/133/197
f 216/135/203 217/134/204 74/133/205
f 74/133/205 218/136/206 216/135/203
f 219/137/207 218/136/206 74/133/205
f 74/133/205 73/138/208 219/137/207
f 220/139/209 221/140/210 222/141/209
f 222/141/209 223/142/211 220/139/209
f 224/141/212 225/140/213 226/139/212
f 226/139/212 227/142/214 224/141/212
f 228/143/215 229/144/216 230/145/215
f 230/145/215 231/146/217 228/143/215
f 227/142/218 229/144/219 228/143/218
f 228/143/218 224/141/220 227/142/218
f 232/145/221 233/144/222 234/143/221
f 234/143/221 235/146/223 232/145/221
f 234/143/224 233/144/225 223/142/224
f 223/142/224 222/141/226 234/143/224
f 264/155/150 265/156/150 266/157/150
f 265/156/150 264/155/150 267/158/150
f 267/158/150 268/159/150 265/156/150
f 269/160/233 17/161/234 19/162/235
f 19/162/235 270/163/236 269/160/233
f 271/164/237 270/163/236 19/162/235
f 19/162/235 272/165/238 271/164/237
f 271/164/237 272/165/238 21/162/239
f 21/162/239 273/163/240 271/164/237
f 274/160/241 273/163/240 21/162/239
f 21/162/239 20/161/242 274/160/241
f 275/166/243 276/167/243 277/167/243
f 277/167/243 278/166/243 275/166/243
f 279/168/244 277/167/244 276/167/244
f 276/167/244 280/168/244 279/168/244
f 281/167/243 282/167/243 283/166/243
f 283/166/243 284/166/243 281/167/243
f 282/167/244 281/167/244 285/168/244
f 285/168/244 286/168/244 282/167/244
f 299/172/251 219/137/252 73/138/253
f 73/138/253 72/173/254 299/172/251
f 300/174/255 299/172/251 72/173/254
f 72/173/254 69/175/256 300/174/255
f 300/174/255 69/175/256 67/176/257
f 67/176/257 301/177/258 300/174/255
f 64/138/259 215/137/260 302/172/261
f 302/172/261 63/173/262 64/138/259
f 63/173/262 302/172/261 303/174/263
f 303/174/263 60/175/256 63/173/262
f 59/176/264 60/175/256 303/174/263
f 303/174/263 304/177/265 59/176/264
f 313/180/278 314/180/279 315/181/280
f 315/181/280 316/181/281 313/180/278
f 316/181/281 315/181/280 317/182/282
f 317/182/282 318/183/283 316/181/281
f 319/184/284 320/185/285 321/185/286
f 321/185/286 322/184/287 319/184/284
f 323/186/288 319/184/284 322/184/287
f 322/184/287 324/186/289 323/186/288
f 341/191/150 342/191/150 343/192/150
f 343/192/150 344/192/150 341/191/150
f 345/193/227 346/194/227 347/194/227
f 347/194/227 348/193/227 345/193/227
f 347/194/162 346/194/162 344/192/162
f 344/192/162 343/192/162 347/194/162
f 349/192/150 350/191/150 351/191/150
f 351/191/150 352/192/150 349/192/150
f 353/194/227 354/194/227 355/193/227
f 355/193/227 356/193/227 353/194/227
f 352/192/161 354/194/161 353/194/161
f 353/194/161 349/192/161 352/192/161
f 324/186/294 318/183/295 317/182/294
f 317/182/294 323/186/150 324/186/294
f 373/199/296 374/200/297 375/201/298
f 376/202/299 375/201/298 374/200/297
f 377/203/300 375/201/298 376/202/299
f 376/202/299 378/204/301 377/203/300
f 378/204/301 376/202/299 379/205/302
f 379/205/302 380/206/303 378/204/301
f 374/200/297 381/207/304 376/202/299
f 379/205/302 376/202/299 381/207/304
f 381/207/304 382/208/305 379/205/302
f 383/209/306 384/210/307 385/211/308
f 384/210/307 383/209/306 386/212/309
f 386/212/309 387/213/310 384/210/307
f 387/213/310 386/212/309 388/214/311
f 388/214/311 389/215/312 387/213/310
f 386/212/309 383/209/306 390/216/313
f 390/216/313 391/217/314 386/212/309
f 388/214/311 386/212/309 391/217/314
f 391/217/314 392/218/315 388/214/311
f 228/143/318 231/146/319 225/140/318
f 225/140/318 224/141/320 228/143/318
f 226/139/321 230/145/322 229/144/321
f 229/144/321 227/142/323 226/139/321
f 221/140/324 235/146/325 234/143/324
f 234/143/324 222/141/326 221/140/324
f 233/144/327 232/145/328 220/139/327
f 220/139/327 223/142/329 233/144/327
f 401/221/330 402/222/331 403/223/332
f 404/224/333 401/221/330 403/223/332
f 405/225/334 401/221/330 404/224/333
f 404/224/333 406/226/335 405/225/334
f 406/226/335 407/227/336 405/225/334
f 408/224/337 404/224/333 403/223/332
f 403/223/332 409/221/338 408/224/337
f 408/224/337 409/221/338 410/225/339
f 410/225/339 411/226/340 408/224/337
f 411/226/340 410/225/339 412/227/341
f 409/221/338 403/223/332 413/222/342
f 414/228/343 415/229/344 416/230/345
f 417/231/346 416/230/345 415/229/344
f 415/229/344 418/232/347 417/231/346
f 419/233/348 420/234/349 421/235/350
f 422/236/351 420/234/349 419/233/348
f 419/233/348 423/237/352 422/236/351
f 424/238/353 314/180/354 313/180/355
f 313/180/355 425/238/356 424/238/353
f 424/238/353 425/238/356 321/185/357
f 321/185/357 320/185/358 424/238/353
f 269/160/359 426/239/360 18/240/361
f 18/240/361 17/161/362 269/160/359
f 347/194/363 343/192/363 342/191/363
f 342/191/363 348/193/363 347/194/363
f 341/191/170 344/192/170 346/194/170
f 346/194/170 345/193/170 341/191/170
f 350/191/363 349/192/363 353/194/363
f 353/194/363 356/193/363 350/191/363
f 354/194/170 352/192/170 351/191/170
f 351/191/170 355/193/170 354/194/170
f 427/241/364 428/242/365 429/243/364
f 429/243/364 430/244/366 427/241/364
f 431/243/367 432/242/368 433/241/367
f 433/241/367 434/244/369 431/243/367
f 435/246/393 436/247/394 437/248/393
f 437/248/393 438/249/395 435/246/393
f 439/246/396 440/249/397 441/248/396
f 441/248/396 442/247/398 439/246/396
f 447/255/428 448/256/428 449/257/429
f 449/257/429 450/258/430 447/255/428
f 451/259/431 450/258/430 449/257/429
f 449/257/429 452/260/150 451/259/431
f 451/259/431 452/260/150 453/257/432
f 453/257/432 454/258/433 451/259/431
f 455/255/434 454/258/433 453/257/432
f 453/257/432 456/256/434 455/255/434
f 385/261/438 461/262/439 462/263/440
f 463/264/441 385/261/438 462/263/440
f 385/261/438 463/264/441 383/265/442
f 383/265/442 463/264/441 464/266/443
f 464/266/443 465/267/444 383/265/442
f 390/268/313 383/265/442 465/267/444
f 466/269/445 390/268/313 465/267/444
f 462/263/440 464/266/443 463/264/441
f 467/270/446 373/271/447 468/272/448
f 468/272/448 373/271/447 469/273/449
f 469/273/449 470/274/450 468/272/448
f 470/274/450 469/273/449 375/275/451
f 375/275/451 465/267/444 470/274/450
f 465/267/444 375/275/451 377/276/300
f 465/267/444 377/276/300 471/277/452
f 471/277/452 472/278/453 465/267/444
f 465/267/444 472/278/453 466/269/445
f 466/269/445 472/278/453 473/279/454
f 375/275/451 469/273/449 373/271/447
f 473/279/454 472/278/453 471/277/452
f 474/280/455 475/281/456 476/282/457
f 474/280/455 476/282/457 426/283/458
f 426/283/458 477/284/459 474/280/455
f 426/283/458 478/285/460 477/284/459
f 479/286/461 478/285/460 426/283/458
f 479/286/461 426/283/458 269/287/462
f 269/287/462 480/288/463 479/286/461
f 269/287/462 270/289/464 480/288/463
f 166/119/161 276/167/161 275/166/161
f 276/167/161 166/119/161 165/118/161
f 173/120/161 276/167/161 165/118/161
f 276/167/161 173/120/161 280/168/161
f 277/167/162 167/119/162 278/166/162
f 167/119/162 277/167/162 164/118/162
f 277/167/162 172/120/162 164/118/162
f 172/120/162 277/167/162 279/168/162
f 168/119/162 283/166/162 282/167/162
f 282/167/162 169/118/162 168/119/162
f 174/120/162 169/118/162 282/167/162
f 282/167/162 286/168/162 174/120/162
f 281/167/161 284/166/161 171/119/161
f 171/119/161 170/118/161 281/167/161
f 281/167/161 170/118/161 175/120/161
f 175/120/161 285/168/161 281/167/161
f 322/184/474 321/185/475 425/238/476
f 324/186/477 322/184/474 425/238/476
f 425/238/476 318/183/478 324/186/477
f 425/238/476 316/181/479 318/183/478
f 425/238/476 313/180/480 316/181/479
f 424/238/481 320/185/482 319/184/483
f 424/238/481 319/184/483 323/186/484
f 323/186/484 317/182/485 424/238/481
f 317/182/485 315/181/486 424/238/481
f 315/181/486 314/180/487 424/238/481
f 22/240/488 481/239/489 274/160/490
f 274/160/490 20/161/491 22/240/488
f 482/282/492 483/281/493 484/280/494
f 481/283/495 482/282/492 484/280/494
f 484/280/494 485/284/496 481/283/495
f 485/284/496 486/285/497 481/283/495
f 487/286/498 481/283/495 486/285/497
f 274/287/499 481/283/495 487/286/498
f 487/286/498 488/288/500 274/287/499
f 274/287/499 488/288/500 273/289/501
f 106/74/502 437/248/503 107/75/504
f 437/248/503 106/74/502 438/290/505
f 106/74/502 489/291/506 438/290/505
f 139/109/510 489/291/506 106/74/502
f 139/109/510 94/74/511 489/291/506
f 94/74/511 440/290/512 489/291/506
f 441/248/518 440/290/512 94/74/511
f 94/74/511 95/75/519 441/248/518
f 494/298/520 214/299/521 213/300/522
f 213/300/522 495/301/523 494/298/520
f 494/298/520 495/301/523 496/302/524
f 496/302/524 497/303/525 494/298/520
f 497/303/525 496/302/524 498/304/526
f 499/305/527 498/304/526 496/302/524
f 216/300/528 218/299/529 500/298/530
f 500/298/530 501/301/531 216/300/528
f 502/302/532 501/301/531 500/298/530
f 500/298/530 503/303/533 502/302/532
f 504/304/534 502/302/532 503/303/533
f 505/305/535 502/302/532 504/304/534
f 506/306/545 507/307/546 508/308/547
f 508/308/547 509/309/548 506/306/545
f 510/310/549 506/306/545 509/309/548
f 509/309/548 511/311/550 510/310/549
f 512/312/551 510/310/549 511/311/550
f 511/311/550 513/313/552 512/312/551
f 506/306/545 507/307/546 508/308/547
f 508/308/547 509/309/548 506/306/545
f 510/310/549 506/306/545 509/309/548
f 509/309/548 511/311/550 510/310/549
f 512/312/551 510/310/549 511/311/550
f 511/311/550 513/313/552 512/312/551
f 514/308/553 515/307/554 516/306/555
f 516/306/555 517/309/556 514/308/553
f 517/309/556 516/306/555 518/310/557
f 518/310/557 519/311/558 517/309/556
f 519/311/558 518/310/557 520/312/559
f 520/312/559 521/313/560 519/311/558
f 514/308/553 515/307/554 516/306/555
f 516/306/555 517/309/556 514/308/553
f 517/309/556 516/306/555 518/310/557
f 518/310/557 519/311/558 517/309/556
f 519/311/558 518/310/557 520/312/559
f 520/312/559 521/313/560 519/311/558
f 215/314/561 214/315/562 494/316/563
f 494/316/563 302/317/564 215/314/561
f 302/317/564 494/316/563 497/318/565
f 497/318/565 303/319/566 302/317/564
f 304/320/567 303/319/566 497/318/565
f 497/318/565 498/321/568 304/320/567
f 500/316/569 218/315/570 219/314/571
f 219/314/571 299/317/572 500/316/569
f 503/318/573 500/316/569 299/317/572
f 299/317/572 300/319/574 503/318/573
f 503/318/573 300/319/574 301/320/575
f 301/320/575 504/321/576 503/318/573
f 522/322/162 523/323/162 524/324/162
f 524/324/162 525/325/162 522/322/162
f 524/324/577 523/323/578 526/326/577
f 526/326/577 527/324/227 524/324/577
f 525/325/150 528/325/150 529/327/150
f 529/327/150 522/322/150 525/325/150
f 529/327/161 528/325/161 527/324/161
f 527/324/161 526/326/161 529/327/161
f 530/328/227 531/329/227 532/330/227
f 530/328/227 533/331/227 531/329/227
f 530/328/227 534/332/227 533/331/227
f 530/328/227 535/333/227 534/332/227
f 536/334/579 537/335/580 538/336/581
f 538/336/581 539/337/582 536/334/579
f 539/337/582 538/336/581 540/338/583
f 540/338/583 541/339/584 539/337/582
f 542/337/585 541/339/584 540/338/583
f 540/338/583 543/336/586 542/337/585
f 544/334/587 542/337/585 543/336/586
f 543/336/586 545/335/588 544/334/587
f 4/4/589 6/5/590 52/45/591
f 52/45/591 546/340/592 4/4/589
f 546/340/592 52/45/591 54/47/593
f 54/47/593 547/341/594 546/340/592
f 548/342/595 547/341/594 54/47/593
f 54/47/593 55/48/596 548/342/595
f 7/6/597 548/342/595 55/48/596
f 55/48/596 8/7/598 7/6/597
f 51/44/599 6/5/590 5/4/600
f 5/4/600 549/343/601 51/44/599
f 53/46/602 51/44/599 549/343/601
f 549/343/601 550/344/603 53/46/602
f 53/46/602 550/344/603 551/345/604
f 551/345/604 56/49/605 53/46/602
f 56/49/605 551/345/604 9/6/606
f 9/6/606 8/7/598 56/49/605
f 552/346/227 553/347/227 554/348/227
f 554/348/227 555/349/227 552/346/227
f 556/348/227 557/347/227 558/346/227
f 558/346/227 559/349/227 556/348/227
f 560/350/607 561/351/608 562/352/609
f 562/352/609 563/353/610 560/350/607
f 564/354/611 560/350/607 563/353/610
f 563/353/610 565/355/612 564/354/611
f 566/356/613 564/354/611 565/355/612
f 565/355/612 567/357/614 566/356/613
f 568/358/615 566/356/613 567/357/614
f 563/353/610 562/352/609 569/359/616
f 569/359/616 570/360/617 563/353/610
f 565/355/612 563/353/610 570/360/617
f 570/360/617 571/361/618 565/355/612
f 567/357/614 565/355/612 571/361/618
f 571/361/618 572/362/619 567/357/614
f 567/357/614 572/362/619 573/363/620
f 573/363/620 574/364/621 567/357/614
f 567/357/614 574/364/621 568/358/615
f 561/365/622 568/358/615 574/364/621
f 574/364/621 562/366/623 561/365/622
f 569/359/616 575/367/624 570/360/617
f 576/368/625 570/360/617 575/367/624
f 571/361/618 570/360/617 576/368/625
f 576/368/625 577/369/626 571/361/618
f 572/362/619 571/361/618 577/369/626
f 577/369/626 578/370/627 572/362/619
f 573/363/620 572/362/619 578/370/627
f 578/370/627 579/371/628 573/363/620
f 569/372/629 573/363/620 579/371/628
f 574/364/621 573/363/620 569/372/629
f 569/372/629 562/366/623 574/364/621
f 580/373/630 576/368/625 575/367/624
f 576/368/625 580/373/630 581/374/631
f 581/374/631 577/369/626 576/368/625
f 577/369/626 581/374/631 582/375/632
f 582/375/632 578/370/627 577/369/626
f 579/371/628 578/370/627 582/375/632
f 582/375/632 583/376/633 579/371/628
f 575/377/624 579/371/628 583/376/633
f 579/371/628 575/377/624 569/372/629
f 575/367/624 584/378/634 580/373/630
f 585/379/635 580/373/630 584/378/634
f 580/373/630 585/379/635 586/380/636
f 586/380/636 581/374/631 580/373/630
f 581/374/631 586/380/636 587/381/637
f 587/381/637 582/375/632 581/374/631
f 582/375/632 587/381/637 588/382/638
f 588/382/638 583/376/633 582/375/632
f 583/376/633 588/382/638 589/383/639
f 589/383/639 584/384/640 583/376/633
f 583/376/633 584/384/640 575/377/624
f 584/378/634 589/385/641 585/379/635
f 590/386/642 591/387/643 592/388/642
f 592/388/642 593/389/644 590/386/642
f 594/388/645 595/387/646 596/386/645
f 596/386/645 597/389/647 594/388/645
f 598/390/648 599/391/649 600/392/648
f 600/392/648 601/393/650 598/390/648
f 602/392/651 603/391/652 604/390/651
f 604/390/651 605/393/653 602/392/651
f 419/394/660 416/230/661 417/231/660
f 417/231/660 423/237/662 419/394/660
f 476/395/663 475/396/664 483/397/665
f 483/397/665 482/398/666 476/395/663
f 481/399/489 476/395/663 482/398/666
f 481/399/489 426/400/360 476/395/663
f 426/400/360 481/399/489 18/17/361
f 481/399/489 22/401/667 18/17/361
f 272/402/668 18/17/361 22/401/667
f 272/402/668 19/18/669 18/17/361
f 22/401/667 21/20/670 272/402/668
f 527/324/671 528/325/672 525/325/671
f 525/325/671 524/324/170 527/324/671
f 526/326/363 523/323/363 522/322/363
f 522/322/363 529/327/363 526/326/363
f 610/407/673 611/408/674 612/409/675
f 612/409/675 613/410/676 610/407/673
f 406/226/677 613/410/676 612/409/675
f 612/409/675 407/227/678 406/226/677
f 614/409/679 615/408/680 616/407/681
f 616/407/681 617/410/682 614/409/679
f 411/226/683 614/409/679 617/410/682
f 614/409/679 411/226/683 412/227/684
f 600/411/685 596/386/686 595/387/685
f 595/387/685 601/412/687 600/411/685
f 594/388/688 597/389/689 599/391/688
f 599/391/688 598/390/690 594/388/688
f 591/387/691 590/386/692 602/411/691
f 602/411/691 605/412/693 591/387/691
f 603/391/694 593/389/695 592/388/694
f 592/388/694 604/390/696 603/391/694
f 71/413/697 74/133/698 217/134/699
f 71/413/697 217/134/699 618/414/700
f 70/415/701 71/413/697 618/414/700
f 618/414/700 619/416/702 70/415/701
f 68/417/703 70/415/701 619/416/702
f 619/416/702 620/418/704 68/417/703
f 62/413/705 212/134/706 65/133/707
f 62/413/705 621/414/708 212/134/706
f 621/414/708 62/413/705 61/415/709
f 61/415/709 622/416/710 621/414/708
f 622/416/710 61/415/709 58/417/711
f 58/417/711 623/418/712 622/416/710
f 491/296/713 624/419/714 625/420/715
f 625/420/715 492/297/716 491/296/713
f 493/296/717 492/297/716 625/420/715
f 625/420/715 626/419/718 493/296/717
f 627/421/722 628/422/723 629/423/722
f 629/423/722 630/424/724 627/421/722
f 126/425/728 128/98/729 631/426/730
f 632/427/731 631/426/730 128/98/729
f 128/98/729 127/428/732 632/427/731
f 633/429/733 632/427/731 127/428/732
f 127/428/732 125/95/734 633/429/733
f 634/430/735 633/429/733 125/95/734
f 125/95/734 123/93/736 634/430/735
f 634/430/735 123/93/736 121/91/737
f 121/91/737 635/431/738 634/430/735
f 635/431/738 121/91/737 120/90/739
f 120/90/739 636/432/740 635/431/738
f 636/432/740 120/90/739 119/89/741
f 119/89/741 637/433/742 636/432/740
f 638/434/743 637/433/742 119/89/741
f 119/89/741 122/92/744 638/434/743
f 639/435/745 638/434/743 122/92/744
f 122/92/744 124/94/746 639/435/745
f 639/435/745 124/94/746 126/425/728
f 126/425/728 640/436/747 639/435/745
f 631/426/730 640/436/747 126/425/728
f 641/437/748 138/108/749 136/438/750
f 138/108/749 641/437/748 642/439/751
f 642/439/751 137/107/752 138/108/749
f 137/107/752 642/439/751 643/440/753
f 643/440/753 135/105/754 137/107/752
f 135/105/754 643/440/753 644/441/755
f 644/441/755 133/103/756 135/105/754
f 136/438/750 645/442/757 641/437/748
f 646/443/758 645/442/757 136/438/750
f 136/438/750 134/444/759 646/443/758
f 646/443/758 134/444/759 132/102/760
f 132/102/760 647/445/761 646/443/758
f 647/445/761 132/102/760 131/101/762
f 131/101/762 648/446/763 647/445/761
f 649/447/764 648/446/763 131/101/762
f 131/101/762 130/448/765 649/447/764
f 650/449/766 649/447/764 130/448/765
f 130/448/765 129/99/767 650/449/766
f 644/441/755 650/449/766 129/99/767
f 129/99/767 133/103/756 644/441/755

g Unknown1
usemtl Unknown1
f 651/450/768 652/451/768 653/452/768
f 654/453/769 655/454/769 656/455/769
f 657/456/770 658/457/771 659/458/771
f 660/459/772 661/460/772 662/461/772
f 663/462/773 660/459/774 662/461/775
f 664/463/776 665/464/776 666/465/776
f 665/464/777 664/463/778 667/466/779
f 3/467/780 668/468/780 50/469/780
f 419/470/781 265/471/782 268/472/781
f 544/473/783 545/474/783 669/475/783
f 670/476/784 537/477/784 536/478/784
f 439/479/785 671/480/785 672/481/785
f 118/482/786 117/483/786 116/484/787
f 16/485/788 108/486/789 12/487/788
f 674/491/791 675/492/791 676/493/791
f 677/494/792 678/495/792 679/496/792
f 680/497/793 677/494/793 681/498/793
f 544/499/794 682/500/794 542/501/794
f 539/502/795 683/503/795 536/504/795
f 684/505/796 685/506/797 686/507/798
f 687/508/799 688/509/800 689/510/801
f 405/511/802 690/512/802 691/513/802
f 692/514/803 108/515/803 16/485/803
f 16/485/804 693/516/804 692/514/804
f 694/517/805 118/482/805 116/518/805
f 118/482/806 694/517/806 695/519/806
f 696/520/807 697/521/807 48/522/807
f 698/523/808 699/524/809 700/525/809
f 701/526/810 702/527/811 703/528/811
f 704/529/812 705/530/812 706/531/812
f 707/532/813 708/533/813 709/534/813
f 409/535/814 413/536/814 710/537/814
f 410/538/815 711/539/815 712/540/815
f 713/541/816 714/542/817 715/543/817
f 687/544/799 716/545/818 717/546/819
f 718/547/820 687/508/799 717/548/819
f 719/549/821 686/507/798 720/550/822
f 721/551/823 722/552/823 723/553/823
f 724/554/824 722/552/824 721/551/824
f 719/555/821 725/556/825 686/557/798
f 726/558/826 699/524/827 727/559/827
f 728/560/828 703/528/828 729/561/829
f 730/562/830 731/563/831 732/564/831
f 733/565/832 732/564/831 731/563/831
f 734/566/833 735/567/834 736/568/833
f 736/568/833 737/569/835 734/566/833
f 736/568/836 735/567/837 738/570/836
f 738/570/836 739/571/838 736/568/836
f 733/565/839 731/563/840 740/572/839
f 740/572/839 741/573/841 733/565/839
f 742/574/842 743/575/843 744/576/844
f 745/577/845 744/576/844 743/575/843
f 743/575/843 746/578/846 745/577/845
f 747/579/847 745/577/845 746/578/846
f 745/577/845 747/579/847 748/580/848
f 749/581/849 652/582/850 651/583/851
f 749/581/849 654/584/852 652/582/850
f 749/581/849 750/585/853 654/584/852
f 751/586/854 654/584/852 750/585/853
f 749/587/855 651/450/856 752/588/857
f 651/450/856 653/452/858 752/588/857
f 656/455/859 752/588/857 653/452/858
f 752/588/857 656/455/859 655/454/860
f 752/588/857 655/454/860 753/589/861
f 753/589/861 754/590/862 752/588/857
f 755/591/863 748/580/864 747/579/865
f 747/579/865 756/592/866 755/591/863
f 756/592/866 747/579/865 746/578/867
f 746/578/867 757/593/868 756/592/866
f 746/578/869 743/575/870 757/594/871
f 743/575/870 658/595/872 757/594/871
f 743/575/870 742/596/873 658/595/872
f 659/458/874 658/595/872 742/596/873
f 742/596/873 758/597/875 659/458/874
f 659/458/874 758/597/875 753/598/876
f 753/598/876 751/599/877 659/458/874
f 751/599/877 753/598/876 655/454/878
f 655/454/878 654/453/879 751/599/877
f 745/577/880 748/580/881 755/591/882
f 755/591/882 759/600/883 745/577/880
f 744/601/884 745/577/880 759/600/883
f 759/600/883 657/602/885 744/601/884
f 760/603/886 744/601/884 657/602/885
f 761/604/887 760/603/886 657/602/885
f 761/604/887 657/602/885 762/605/888
f 761/604/887 762/605/888 750/606/889
f 750/606/889 754/607/890 761/604/887
f 754/607/890 750/606/889 749/587/891
f 749/587/891 752/608/892 754/607/890
f 742/574/893 760/603/893 758/597/894
f 760/603/893 742/574/893 744/576/895
f 750/585/896 762/609/897 751/586/898
f 659/458/899 751/586/898 762/609/897
f 762/609/897 657/456/900 659/458/899
f 753/589/901 761/604/902 754/590/903
f 758/597/904 761/604/902 753/589/901
f 758/597/904 760/603/905 761/604/902
f 652/451/906 654/453/907 656/455/906
f 656/455/906 653/452/908 652/451/906
f 759/610/909 755/611/910 756/612/911
f 759/610/909 756/612/911 757/594/912
f 759/610/909 757/594/912 658/457/913
f 658/457/913 657/456/770 759/610/909
f 763/613/914 764/614/915 410/538/916
f 763/613/914 410/538/916 712/540/917
f 765/615/918 763/613/914 712/540/917
f 765/615/918 766/616/919 763/613/914
f 712/540/917 767/617/920 765/615/918
f 405/511/921 768/618/922 769/619/923
f 769/619/923 690/620/924 405/511/921
f 690/620/924 769/619/923 770/621/925
f 770/621/925 771/622/926 690/620/924
f 769/619/923 772/623/927 770/621/925
f 433/624/928 773/625/929 774/626/929
f 774/626/929 773/625/929 775/627/930
f 778/632/935 779/633/936 780/634/937
f 778/632/935 780/634/937 781/635/938
f 781/635/938 624/636/939 778/632/935
f 624/636/939 781/635/938 718/547/941
f 782/638/942 718/547/941 781/635/938
f 782/638/942 688/639/943 718/547/941
f 718/547/941 688/639/943 687/508/944
f 781/635/938 780/634/937 782/638/942
f 99/640/945 783/641/945 91/642/946
f 783/641/945 99/640/945 103/643/947
f 87/644/948 784/645/949 84/646/950
f 785/647/951 784/645/949 87/644/948
f 87/644/948 89/648/952 785/647/951
f 785/647/951 89/648/952 91/642/946
f 786/649/953 787/650/953 788/651/954
f 787/650/953 786/649/953 789/652/955
f 790/653/956 791/654/956 704/529/957
f 790/653/956 792/655/958 791/654/956
f 793/656/959 782/638/960 780/634/937
f 782/638/960 793/656/959 794/657/961
f 794/657/961 688/639/962 782/638/960
f 688/639/962 794/657/961 795/658/963
f 796/659/964 797/660/965 798/661/966
f 799/662/967 798/661/966 797/660/965
f 797/660/965 685/663/968 799/662/967
f 267/664/969 800/665/970 416/666/971
f 800/665/970 267/664/969 264/667/972
f 264/667/972 266/668/973 800/665/970
f 266/668/973 801/669/974 800/665/970
f 265/471/782 801/669/974 266/668/973
f 803/672/978 804/673/979 805/674/980
f 803/672/978 806/675/981 804/673/979
f 807/676/982 806/675/981 803/672/978
f 803/672/978 808/677/983 807/676/982
f 809/678/984 807/676/982 808/677/983
f 807/676/982 809/678/984 810/679/985
f 810/679/985 811/680/986 807/676/982
f 812/681/987 811/680/986 810/679/985
f 811/680/986 812/681/987 813/682/988
f 808/677/983 814/683/989 809/678/984
f 815/684/990 809/678/984 814/683/989
f 816/685/991 809/678/984 815/684/990
f 809/678/984 816/685/991 810/679/985
f 817/686/992 810/679/985 816/685/991
f 810/679/985 817/686/992 812/681/987
f 813/682/988 812/681/987 818/687/993
f 818/687/993 819/688/994 813/682/988
f 820/689/995 813/682/988 819/688/994
f 820/689/995 819/688/994 821/690/996
f 822/691/997 820/689/995 821/690/996
f 821/690/996 823/692/998 822/691/997
f 824/693/999 822/691/997 823/692/998
f 823/692/998 825/694/1000 824/693/999
f 824/693/999 825/694/1000 826/695/1001
f 826/695/1001 827/696/1002 824/693/999
f 827/696/1002 826/695/1001 828/697/1003
f 828/697/1003 829/698/1004 827/696/1002
f 828/697/1003 830/699/1005 829/698/1004
f 830/699/1005 831/700/1006 829/698/1004
f 831/700/1006 830/699/1005 832/701/1007
f 832/701/1007 833/702/1008 831/700/1006
f 834/703/1009 831/700/1006 833/702/1008
f 835/704/1010 834/703/1009 833/702/1008
f 836/705/1011 834/703/1009 835/704/1010
f 835/704/1010 837/706/1012 836/705/1011
f 838/707/1013 836/705/1011 837/706/1012
f 836/705/1011 838/707/1013 839/708/1014
f 839/708/1014 840/709/1015 836/705/1011
f 839/708/1014 841/710/1016 840/709/1015
f 833/702/1008 842/711/1017 835/704/1010
f 842/711/1017 843/712/1018 835/704/1010
f 837/706/1012 835/704/1010 843/712/1018
f 843/712/1018 844/713/1019 837/706/1012
f 844/713/1019 845/714/1020 837/706/1012
f 837/706/1012 845/714/1020 838/707/1013
f 846/715/1021 841/710/1016 839/708/1014
f 729/561/829 847/716/1022 848/717/1023
f 848/717/1023 847/716/1022 849/718/1024
f 849/718/1024 850/719/1025 848/717/1023
f 851/720/1026 852/721/1027 726/558/826
f 853/722/1028 852/721/1027 851/720/1026
f 851/720/1026 854/723/1029 853/722/1028
f 855/725/1033 856/726/1034 84/727/1035
f 857/728/1036 855/725/1033 84/727/1035
f 857/728/1036 84/727/1035 784/729/1037
f 858/730/1038 857/728/1036 784/729/1037
f 784/729/1037 785/731/1039 858/730/1038
f 688/509/800 859/732/1040 689/510/1041
f 688/509/800 795/733/1042 859/732/1040
f 860/734/1043 859/732/1040 795/733/1042
f 795/733/1042 861/735/1044 860/734/1043
f 862/736/1045 715/543/1046 714/542/1047
f 862/736/1045 714/542/1047 863/737/1048
f 863/737/1048 864/738/1049 862/736/1045
f 865/739/1050 862/736/1045 864/738/1049
f 866/740/1051 862/736/1045 865/739/1050
f 866/740/1051 46/741/1052 862/736/1045
f 46/741/1052 866/740/1051 867/742/1053
f 867/742/1053 44/743/1054 46/741/1052
f 868/744/1055 863/737/1048 714/542/1047
f 869/745/1056 863/737/1048 868/744/1055
f 864/738/1049 863/737/1048 869/745/1056
f 869/745/1056 870/746/1057 864/738/1049
f 871/747/1058 864/738/1049 870/746/1057
f 871/747/1058 865/739/1050 864/738/1049
f 872/748/1059 865/739/1050 871/747/1058
f 865/739/1050 872/748/1059 873/749/1060
f 865/739/1050 873/749/1060 866/740/1051
f 874/750/1061 868/744/1055 714/542/1047
f 868/744/1055 874/750/1061 875/751/1062
f 875/751/1062 876/752/1063 868/744/1055
f 868/744/1055 876/752/1063 869/745/1056
f 712/540/1064 869/745/1056 876/752/1063
f 712/540/1064 877/753/1065 869/745/1056
f 870/746/1057 869/745/1056 877/753/1065
f 714/542/1047 878/754/1066 874/750/1061
f 874/750/1061 878/754/1066 699/524/1067
f 874/750/1061 699/524/1067 698/755/1068
f 874/750/1061 698/755/1068 875/751/1062
f 875/751/1062 698/755/1068 765/615/1069
f 765/615/1069 767/617/1070 875/751/1062
f 876/752/1063 875/751/1062 767/617/1070
f 767/617/1070 712/540/1064 876/752/1063
f 713/541/1071 878/754/1066 714/542/1047
f 878/754/1066 713/541/1071 725/756/1072
f 878/754/1066 725/756/1072 879/757/1073
f 879/757/1073 880/758/1074 878/754/1066
f 881/759/1075 878/754/1066 880/758/1074
f 881/759/1075 727/559/1076 878/754/1066
f 727/559/1076 699/524/1067 878/754/1066
f 879/757/1073 432/760/1077 880/758/1074
f 880/758/1074 432/760/1077 431/761/1078
f 882/762/1079 880/758/1074 431/761/1078
f 880/758/1074 882/762/1079 883/763/1080
f 883/763/1080 881/759/1075 880/758/1074
f 883/763/1080 727/559/1076 881/759/1075
f 883/763/1080 884/764/1081 727/559/1076
f 726/558/1082 727/559/1076 884/764/1081
f 884/764/1081 851/720/1083 726/558/1082
f 885/765/1084 851/720/1083 884/764/1081
f 851/720/1083 885/765/1084 854/766/1085
f 886/767/1086 882/762/1079 431/761/1078
f 882/762/1079 886/767/1086 887/768/1087
f 882/762/1079 887/768/1087 884/764/1081
f 884/764/1081 883/763/1080 882/762/1079
f 888/769/1088 886/767/1086 431/761/1078
f 889/770/1089 886/767/1086 888/769/1088
f 886/767/1086 889/770/1089 887/768/1087
f 854/766/1085 887/768/1087 889/770/1089
f 854/766/1085 885/765/1084 887/768/1087
f 887/768/1087 885/765/1084 884/764/1081
f 431/761/1078 434/771/1090 888/769/1088
f 434/771/1090 890/772/1091 888/769/1088
f 891/773/1092 888/769/1088 890/772/1091
f 888/769/1088 891/773/1092 892/774/1093
f 893/775/1094 888/769/1088 892/774/1093
f 888/769/1088 893/775/1094 889/770/1089
f 889/770/1089 893/775/1094 894/776/1095
f 894/776/1095 895/777/1096 889/770/1089
f 854/766/1085 889/770/1089 895/777/1096
f 890/772/1091 434/771/1090 433/778/1097
f 433/778/1097 896/779/1098 890/772/1091
f 897/780/1099 890/772/1091 896/779/1098
f 890/772/1091 897/780/1099 891/773/1092
f 898/781/1100 891/773/1092 897/780/1099
f 891/773/1092 898/781/1100 899/782/1101
f 899/782/1101 892/774/1093 891/773/1092
f 900/783/1102 892/774/1093 899/782/1101
f 893/775/1094 892/774/1093 900/783/1102
f 893/775/1094 900/783/1102 901/784/1103
f 901/784/1103 894/776/1095 893/775/1094
f 901/784/1103 902/785/1104 894/776/1095
f 902/785/1104 903/786/1105 894/776/1095
f 895/777/1096 894/776/1095 903/786/1105
f 904/787/1106 899/782/1101 898/781/1100
f 899/782/1101 904/787/1106 900/783/1102
f 900/783/1102 904/787/1106 905/788/1107
f 905/788/1107 901/784/1103 900/783/1102
f 901/784/1103 905/788/1107 902/785/1104
f 906/789/1108 902/785/1104 905/788/1107
f 907/790/1109 902/785/1104 906/789/1108
f 902/785/1104 907/790/1109 908/791/1110
f 908/791/1110 903/786/1105 902/785/1104
f 909/792/1111 903/786/1105 908/791/1110
f 903/786/1105 909/792/1111 895/777/1096
f 898/781/1100 910/793/1112 904/787/1106
f 904/787/1106 910/793/1112 911/794/1113
f 911/794/1113 905/788/1107 904/787/1106
f 911/794/1113 912/795/1114 905/788/1107
f 905/788/1107 912/795/1114 906/789/1108
f 906/789/1108 912/795/1114 724/796/1115
f 906/789/1108 724/796/1115 913/797/1116
f 914/798/1117 906/789/1108 913/797/1116
f 914/798/1117 907/790/1109 906/789/1108
f 907/790/1109 914/798/1117 908/791/1110
f 911/794/1113 910/793/1112 912/795/1114
f 709/799/1118 908/791/1110 914/798/1117
f 709/799/1118 430/800/1119 908/791/1110
f 430/800/1119 909/792/1111 908/791/1110
f 430/800/1119 429/801/1120 909/792/1111
f 915/802/1121 909/792/1111 429/801/1120
f 915/802/1121 895/777/1096 909/792/1111
f 895/777/1096 915/802/1121 850/719/1122
f 895/777/1096 850/719/1122 854/766/1085
f 854/766/1085 850/719/1122 849/718/1123
f 854/766/1085 849/718/1123 853/722/1124
f 429/801/1120 916/803/1125 915/802/1121
f 916/803/1125 917/804/1126 915/802/1121
f 915/802/1121 917/804/1126 918/805/1127
f 850/719/1122 915/802/1121 918/805/1127
f 850/719/1122 918/805/1127 848/717/1128
f 918/805/1127 917/804/1126 848/717/1128
f 729/806/1129 848/717/1128 917/804/1126
f 917/804/1126 919/807/1130 729/806/1129
f 919/807/1130 728/808/1131 729/806/1129
f 916/803/1125 429/801/1120 920/809/1132
f 920/809/1132 921/810/1133 916/803/1125
f 916/803/1125 921/810/1133 919/807/1130
f 919/807/1130 917/804/1126 916/803/1125
f 429/801/1120 922/811/1134 920/809/1132
f 920/809/1132 922/811/1134 923/812/1135
f 924/813/1136 920/809/1132 923/812/1135
f 920/809/1132 924/813/1136 921/810/1133
f 924/813/1136 919/807/1130 921/810/1133
f 728/808/1131 919/807/1130 924/813/1136
f 924/813/1136 703/814/1137 728/808/1131
f 703/814/1137 924/813/1136 925/815/1138
f 701/816/1139 703/814/1137 925/815/1138
f 926/817/1140 701/816/1139 925/815/1138
f 770/621/1141 701/816/1139 926/817/1140
f 926/817/1140 771/622/1142 770/621/1141
f 923/812/1135 716/818/1143 924/813/1136
f 716/818/1143 927/819/1144 924/813/1136
f 697/820/1145 924/813/1136 927/819/1144
f 924/813/1136 697/820/1145 928/821/1146
f 925/815/1138 924/813/1136 928/821/1146
f 928/821/1146 929/822/1147 925/815/1138
f 926/817/1140 925/815/1138 929/822/1147
f 929/822/1147 930/823/1148 926/817/1140
f 771/622/1142 926/817/1140 930/823/1148
f 930/823/1148 690/620/1149 771/622/1142
f 930/823/1148 931/824/1150 690/620/1149
f 931/824/1150 932/825/1151 690/620/1149
f 928/821/1146 697/820/1145 696/520/1152
f 696/520/1152 933/826/1153 928/821/1146
f 929/822/1147 928/821/1146 933/826/1153
f 929/822/1147 933/826/1153 931/824/1150
f 931/824/1150 930/823/1148 929/822/1147
f 933/826/1153 696/520/1152 48/827/1154
f 48/827/1154 934/828/1155 933/826/1153
f 931/824/1150 933/826/1153 934/828/1155
f 934/828/1155 935/829/1156 931/824/1150
f 932/825/1151 931/824/1150 935/829/1156
f 935/829/1156 936/830/1157 932/825/1151
f 936/830/1157 935/829/1156 937/831/1158
f 938/832/1159 936/830/1157 937/831/1158
f 938/832/1159 939/833/1160 936/830/1157
f 934/828/1155 48/827/1154 940/834/1161
f 940/834/1161 941/835/1162 934/828/1155
f 935/829/1156 934/828/1155 941/835/1162
f 941/835/1162 942/836/1163 935/829/1156
f 937/831/1158 935/829/1156 942/836/1163
f 942/836/1163 943/837/1164 937/831/1158
f 943/837/1164 942/836/1163 858/838/1165
f 943/837/1164 858/838/1165 944/839/1166
f 945/840/1167 944/839/1166 858/838/1165
f 946/841/1168 940/834/1161 48/827/1154
f 946/841/1168 947/842/1169 940/834/1161
f 941/835/1162 940/834/1161 947/842/1169
f 941/835/1162 947/842/1169 857/843/1036
f 857/843/1036 858/838/1165 941/835/1162
f 942/836/1163 941/835/1162 858/838/1165
f 49/844/1170 946/841/1168 48/827/1154
f 948/845/1171 946/841/1168 49/844/1170
f 946/841/1168 948/845/1171 855/846/1033
f 947/842/1169 946/841/1168 855/846/1033
f 855/846/1033 857/843/1036 947/842/1169
f 49/844/1170 668/468/1172 948/845/1171
f 668/468/1172 949/847/1173 948/845/1171
f 949/847/1173 856/848/1034 948/845/1171
f 856/848/1034 855/846/1033 948/845/1171
f 668/468/1172 49/844/1170 50/469/1174
f 877/753/1065 950/849/1175 870/746/1057
f 951/850/1176 870/746/1057 950/849/1175
f 952/851/1177 870/746/1057 951/850/1176
f 870/746/1057 952/851/1177 871/747/1058
f 952/851/1177 953/852/1178 871/747/1058
f 871/747/1058 953/852/1178 954/853/1179
f 954/853/1179 872/748/1059 871/747/1058
f 951/850/1176 950/849/1175 955/854/1180
f 950/849/1175 956/855/1181 955/854/1180
f 953/852/1178 952/851/1177 951/850/1176
f 957/856/1182 867/742/1053 866/740/1051
f 866/740/1051 958/857/1183 957/856/1182
f 959/858/1184 957/856/1182 958/857/1183
f 958/857/1183 866/740/1051 873/749/1060
f 958/857/1183 873/749/1060 960/859/1185
f 872/748/1059 960/859/1185 873/749/1060
f 872/748/1059 954/853/1179 960/859/1185
f 954/853/1179 961/860/1186 960/859/1185
f 953/852/1178 961/860/1186 954/853/1179
f 961/860/1186 953/852/1178 962/861/1187
f 962/861/1187 963/862/1188 961/860/1186
f 862/863/1189 42/864/1190 715/865/1191
f 42/864/1190 964/866/1192 715/865/1191
f 713/867/1193 715/865/1191 964/866/1192
f 965/868/1194 713/867/1193 964/866/1192
f 964/866/1192 42/864/1190 965/868/1194
f 965/868/1194 42/864/1190 45/869/1195
f 966/870/1199 967/871/1200 968/872/1201
f 969/873/1202 966/870/1199 968/872/1201
f 968/872/1201 114/874/1203 969/873/1202
f 970/875/1204 969/873/1202 114/874/1203
f 969/873/1202 970/875/1204 971/876/1205
f 971/876/1205 970/875/1204 972/877/1206
f 968/872/1201 115/878/1207 114/874/1203
f 115/878/1207 968/872/1201 973/879/1208
f 973/879/1208 116/484/787 115/878/1207
f 116/484/787 973/879/1208 694/517/1209
f 970/875/1204 114/874/1203 113/880/1210
f 113/880/1210 974/881/1211 970/875/1204
f 974/881/1211 113/880/1210 108/486/789
f 108/486/789 692/514/1212 974/881/1211
f 975/882/1213 939/883/1160 938/884/1159
f 976/885/1214 939/883/1160 975/882/1213
f 975/882/1213 977/886/1215 976/885/1214
f 978/887/1216 955/888/1180 956/889/1181
f 978/887/1216 956/889/1181 979/890/1217
f 979/890/1217 980/891/1218 978/887/1216
f 725/556/1219 981/892/1220 982/893/1221
f 725/556/1219 982/893/1221 684/894/1222
f 684/894/1222 686/557/1223 725/556/1219
f 982/893/1224 981/892/1225 983/895/1226
f 981/892/1225 984/896/1227 983/895/1226
f 984/896/1227 981/892/1225 985/897/1228
f 986/898/1229 987/899/1230 988/900/1231
f 987/899/1230 989/901/1232 988/900/1231
f 860/902/1233 988/900/1231 989/901/1232
f 986/898/1234 988/900/1235 716/545/1236
f 689/903/1041 986/898/1234 716/545/1236
f 716/545/1236 687/544/1237 689/903/1041
f 405/904/1238 691/905/1239 401/906/1240
f 691/905/1239 990/907/1241 401/906/1240
f 402/908/1242 401/906/1240 990/907/1241
f 990/907/1241 413/536/1243 402/908/1242
f 990/907/1241 710/909/1244 413/536/1243
f 990/907/1241 691/905/1239 976/910/1214
f 976/910/1214 977/911/1215 990/907/1241
f 990/907/1241 977/911/1215 991/912/1245
f 990/907/1241 991/912/1245 992/913/1246
f 992/913/1246 993/914/1247 990/907/1241
f 710/909/1244 990/907/1241 993/914/1247
f 991/912/1245 994/915/1248 992/913/1246
f 680/916/1249 992/913/1246 994/915/1248
f 994/915/1248 995/917/1250 680/916/1249
f 995/917/1250 677/494/1251 680/916/1249
f 996/918/1252 677/494/1251 995/917/1250
f 677/494/1251 996/918/1252 997/919/1253
f 997/919/1253 678/495/1254 677/494/1251
f 678/495/1254 997/919/1253 998/920/1255
f 678/495/1254 998/920/1255 710/909/1244
f 710/909/1244 999/921/1256 678/495/1254
f 993/914/1247 999/921/1256 710/909/1244
f 998/920/1255 980/922/1257 710/909/1244
f 710/909/1244 980/922/1257 711/923/1258
f 710/909/1244 711/923/1258 410/924/1259
f 410/924/1259 409/535/1260 710/909/1244
f 979/925/1261 711/923/1258 980/922/1257
f 1000/926/1262 1001/927/1263 1002/928/1264
f 1001/927/1263 1000/926/1262 725/929/1265
f 725/929/1265 713/930/816 1001/927/1263
f 1003/931/1266 1001/927/1263 713/930/816
f 713/930/816 965/868/1267 1003/931/1266
f 965/868/1267 1004/932/1268 1003/931/1266
f 965/868/1267 44/933/1269 1004/932/1268
f 44/933/1269 867/934/1270 1004/932/1268
f 1005/935/1271 1004/932/1268 867/934/1270
f 867/934/1270 957/936/1272 1005/935/1271
f 1006/937/1273 1005/935/1271 957/936/1272
f 957/936/1272 959/938/1274 1006/937/1273
f 965/868/1267 45/869/1275 44/933/1269
f 684/505/1276 1007/939/1277 685/506/1278
f 685/506/1278 1007/939/1277 985/940/1279
f 985/940/1279 1000/941/1280 685/506/1278
f 432/942/1077 773/943/1281 433/944/1282
f 773/943/1281 432/942/1077 1008/945/1283
f 1008/945/1283 1009/946/1284 773/943/1281
f 773/943/1281 1009/946/1284 1010/947/1285
f 1010/947/1285 1009/946/1284 1011/948/1286
f 1009/946/1284 1012/949/1287 1011/948/1286
f 1011/948/1286 1012/949/1287 1013/950/1288
f 1008/945/1283 432/942/1077 719/951/1289
f 719/951/1289 1009/946/1284 1008/945/1283
f 1009/946/1284 719/951/1289 1012/949/1287
f 1014/952/1290 1012/949/1287 719/951/1289
f 1015/953/1291 1012/949/1287 1014/952/1290
f 1015/953/1291 1013/950/1288 1012/949/1287
f 1013/950/1288 1015/953/1291 1016/954/1292
f 1016/954/1292 1017/955/1293 1013/950/1288
f 719/951/1289 432/942/1077 879/956/1294
f 719/951/1289 879/956/1294 725/957/1295
f 719/951/1289 720/958/1296 1014/952/1290
f 1014/952/1290 720/958/1296 1018/959/1297
f 1014/952/1290 1018/959/1297 1015/953/1291
f 1016/954/1292 1015/953/1291 1018/959/1297
f 1018/959/1297 1019/960/1298 1016/954/1292
f 1016/954/1292 1019/960/1298 1020/961/1299
f 1016/954/1292 1020/961/1299 1017/955/1293
f 1019/960/1298 1018/959/1297 720/958/1296
f 720/958/1296 718/962/941 1019/960/1298
f 718/962/941 1021/963/1300 1019/960/1298
f 1020/961/1299 1019/960/1298 1021/963/1300
f 1021/963/1300 1022/964/1301 1020/961/1299
f 1020/961/1299 1022/964/1301 1023/965/1302
f 1017/955/1293 1020/961/1299 1023/965/1302
f 718/962/941 720/958/1296 626/966/1303
f 626/966/1303 625/967/1304 718/962/941
f 718/962/941 625/967/1304 624/968/1305
f 1017/955/1293 1023/965/1302 1024/969/1306
f 1017/955/1293 1024/969/1306 724/970/1307
f 724/970/1307 1025/971/1308 1017/955/1293
f 1017/955/1293 1025/971/1308 1026/972/1309
f 898/973/1100 1026/972/1309 1025/971/1308
f 1025/971/1308 910/974/1310 898/973/1100
f 1025/971/1308 912/975/1114 910/974/1310
f 1025/971/1308 724/970/1307 912/975/1114
f 861/976/1311 716/977/1236 988/978/1235
f 988/978/1235 860/979/1312 861/976/1311
f 840/980/1015 831/981/1006 834/982/1313
f 834/982/1313 836/983/1314 840/980/1015
f 811/984/1315 813/985/988 806/986/981
f 806/986/981 807/987/982 811/984/1315
f 542/501/1316 682/500/1317 1027/988/1318
f 1027/988/1318 541/989/1319 542/501/1316
f 541/989/1319 1027/988/1318 683/503/1320
f 683/503/1320 539/502/1321 541/989/1319
f 3/990/1322 2/991/1323 1028/992/1324
f 1029/993/1325 3/990/1322 1028/992/1324
f 1029/993/1325 668/994/1326 3/990/1322
f 668/994/1326 1029/993/1325 1030/995/1327
f 1030/995/1327 949/996/1328 668/994/1326
f 1030/995/1327 856/997/1329 949/996/1328
f 1030/995/1327 441/998/1330 856/997/1329
f 1031/999/1331 1029/993/1325 1028/992/1324
f 1031/999/1331 1028/992/1324 927/1000/1332
f 927/1000/1332 1032/1001/1333 1031/999/1331
f 1032/1001/1333 927/1000/1332 716/1002/1334
f 716/1002/1334 1033/1003/1335 1032/1001/1333
f 861/976/1336 1033/1003/1335 716/1002/1334
f 2/991/1337 1/1004/1338 1028/1005/1339
f 1028/1005/1339 1/1004/1338 1034/1006/1340
f 1034/1006/1340 927/1007/1341 1028/1005/1339
f 1034/1006/1340 697/1008/1342 927/1007/1341
f 697/1008/1342 1034/1006/1340 1/1004/1338
f 697/1008/1342 1/1004/1338 48/1009/1343
f 1035/1010/1344 707/1011/1345 709/1012/1346
f 1035/1010/1344 709/1012/1346 1036/1013/1347
f 1037/1014/1348 1035/1010/1344 1036/1013/1347
f 1035/1010/1344 1037/1014/1348 1038/1015/1349
f 1038/1015/1349 1039/1016/1350 1035/1010/1344
f 1037/1014/1348 721/551/1351 1038/1015/1349
f 1038/1015/1349 721/551/1351 723/553/1352
f 1040/1017/1353 669/475/1354 545/1018/1355
f 545/1018/1355 543/1019/1356 1040/1017/1353
f 1041/1020/1357 1040/1017/1353 543/1019/1356
f 543/1019/1356 540/1021/1358 1041/1020/1357
f 1041/1020/1357 540/1021/1358 538/1022/1359
f 538/1022/1359 1042/1023/1360 1041/1020/1357
f 1042/1023/1360 538/1022/1359 537/1024/1361
f 537/1024/1361 670/476/1362 1042/1023/1360
f 958/1025/1183 103/1026/1363 959/1027/1184
f 103/1026/1363 958/1025/1183 960/1028/1364
f 960/1028/1364 783/1029/1365 103/1026/1363
f 783/1029/1365 960/1028/1364 961/1030/1186
f 961/1030/1186 91/642/1366 783/1029/1365
f 1000/926/1367 985/1031/1279 981/1032/1368
f 981/1032/1368 725/929/1369 1000/926/1367
f 1043/1033/1370 1039/1034/1371 1038/1015/1370
f 1038/1015/1370 723/553/1372 1043/1033/1370
f 979/1035/1373 877/753/1374 712/540/1373
f 712/540/1373 711/539/1375 979/1035/1373
f 962/861/1376 421/1036/1377 420/1037/1376
f 963/862/1378 962/861/1376 420/1037/1376
f 415/1038/1379 414/1039/1380 944/839/1379
f 415/1038/1379 944/839/1379 945/840/1381
f 1044/1040/1382 1045/1041/1383 1046/1042/1382
f 1046/1042/1382 1047/1043/1384 1044/1040/1382
f 1048/1044/1385 1049/1045/1386 1050/1046/1385
f 1050/1046/1385 1051/1047/1387 1048/1044/1385
f 1052/1048/1388 1053/1049/1389 1054/1050/1388
f 1054/1050/1388 1055/1051/1390 1052/1048/1388
f 1056/1052/1391 1057/1053/1392 1058/1054/1391
f 1058/1054/1391 1059/1055/1393 1056/1052/1391
f 1060/1056/150 1061/1057/150 1062/1058/150
f 1062/1058/150 1063/1059/150 1060/1056/150
f 1064/1060/150 1063/1059/150 1062/1058/150
f 1062/1058/150 1065/1061/150 1064/1060/150
f 1066/1062/150 1064/1060/150 1065/1061/150
f 1065/1061/150 1067/1063/150 1066/1062/150
f 1066/1062/150 1067/1063/150 1068/1064/150
f 1068/1064/150 1069/1065/150 1066/1062/150
f 1069/1065/150 1068/1064/150 1070/1066/150
f 1070/1066/150 1071/1067/150 1069/1065/150
f 1023/1068/1394 722/552/1395 724/554/1394
f 724/554/1394 1024/1069/1396 1023/1068/1394
f 722/1070/1397 1023/1071/1398 723/1072/1399
f 1043/1033/1400 723/1072/1399 1023/1071/1398
f 1023/1071/1398 1072/1073/1401 1043/1033/1400
f 1039/1034/1402 1043/1033/1400 1072/1073/1401
f 1072/1073/1401 1035/1074/1403 1039/1034/1402
f 1073/1075/1404 1035/1074/1403 1072/1073/1401
f 1073/1075/1404 708/533/1405 1035/1074/1403
f 707/532/1406 1035/1074/1403 708/533/1405
f 773/625/1407 1010/1076/1408 775/627/1409
f 1010/1076/1408 1074/1077/1410 775/627/1409
f 791/654/1411 1074/1077/1410 1010/1076/1408
f 792/655/1412 1074/1077/1410 791/654/1411
f 1010/1076/1408 1011/1078/1413 791/654/1411
f 1011/1078/1413 1013/1079/1414 791/654/1411
f 1013/1079/1414 704/1080/1415 791/654/1411
f 1013/1079/1414 705/1081/1416 704/1080/1415
f 922/1082/1134 709/1083/1118 708/1084/1417
f 1075/1085/1418 922/1082/1134 708/1084/1417
f 717/1086/1419 922/1082/1134 1075/1085/1418
f 923/1087/1420 922/1082/1134 717/1086/1419
f 716/1088/1143 923/1087/1420 717/1086/1419
f 708/1084/1417 1076/1089/1421 1075/1085/1418
f 1075/1085/1418 1076/1089/1421 717/1086/1419
f 1077/1090/1422 717/1086/1419 1076/1089/1421
f 717/1086/1419 1077/1090/1422 1078/1091/1423
f 717/1086/1419 1078/1091/1423 718/962/941
f 1021/963/1300 718/962/941 1078/1091/1423
f 1022/964/1301 1021/963/1300 1078/1091/1423
f 1076/1089/1421 708/1084/1417 1073/1092/1424
f 1076/1089/1421 1073/1092/1424 1072/1093/1425
f 1072/1093/1425 1077/1090/1422 1076/1089/1421
f 1023/965/1302 1077/1090/1422 1072/1093/1425
f 1077/1090/1422 1023/965/1302 1022/964/1301
f 1078/1091/1423 1077/1090/1422 1022/964/1301
f 1079/1094/1426 1080/1095/1427 1081/1096/1428
f 1081/1096/1428 1082/1097/1429 1079/1094/1426
f 1083/1098/1430 1082/1097/1429 1081/1096/1428
f 1081/1096/1428 1084/1099/1431 1083/1098/1430
f 1083/1098/1430 1084/1099/1431 1085/1100/1432
f 1085/1100/1432 1086/1101/1433 1083/1098/1430
f 1086/1101/1433 1085/1100/1432 1087/1102/227
f 1087/1102/227 1088/1103/227 1086/1101/1433
f 1088/1103/227 1087/1102/227 1089/1104/227
f 1089/1104/227 1090/1105/227 1088/1103/227
f 976/1106/1434 691/513/1435 690/512/1434
f 690/512/1434 932/1107/1436 976/1106/1434
f 706/531/1437 705/1108/1438 1026/1109/1309
f 1026/1109/1309 898/1110/1100 706/531/1437
f 706/531/1437 898/1110/1100 897/1111/1099
f 897/1111/1099 1091/1112/1439 706/531/1437
f 1091/1112/1439 897/1111/1099 896/1113/1440
f 896/1113/1440 1092/1114/1441 1091/1112/1439
f 1092/1114/1441 896/1113/1440 433/1115/1097
f 433/1115/1097 774/1116/1442 1092/1114/1441
f 1048/1044/1443 1051/1047/1444 1093/1117/1445
f 1093/1117/1445 1094/1118/1446 1048/1044/1443
f 1094/1118/1446 1093/1117/1445 1095/1119/1447
f 1095/1119/1447 1096/1120/1448 1094/1118/1446
f 1054/1050/1449 1096/1120/1448 1095/1119/1447
f 1095/1119/1447 1055/1051/1450 1054/1050/1449
f 1097/1121/1451 1047/1043/1452 1046/1042/1453
f 1046/1042/1453 1098/1122/1454 1097/1121/1451
f 1099/1123/1455 1097/1121/1451 1098/1122/1454
f 1098/1122/1454 1100/1124/1456 1099/1123/1455
f 1099/1123/1455 1100/1124/1456 1056/1052/1457
f 1056/1052/1457 1059/1055/1458 1099/1123/1455
f 1101/1125/1459 766/1126/1460 765/615/1459
f 765/615/1459 698/523/808 1101/1125/1459
f 770/621/1461 772/1127/1462 1102/1128/1461
f 770/621/1461 1102/1128/1461 701/526/810
f 1103/1129/1463 557/1130/1464 1104/1131/1463
f 1104/1131/1463 1105/1132/1465 1103/1129/1463
f 1106/1133/1466 553/1134/1467 1107/1135/1466
f 1107/1135/1466 1108/1136/1468 1106/1133/1466
f 1097/1137/1469 1109/1138/1470 1044/1040/1469
f 1044/1040/1469 1047/1043/1471 1097/1137/1469
f 1050/1046/1472 1110/1139/1473 1093/1117/1472
f 1093/1117/1472 1051/1047/1474 1050/1046/1472
f 787/650/1475 789/652/1476 1111/1140/1475
f 787/650/1475 1111/1140/1475 1112/1141/1477
f 859/1142/1478 860/1143/1479 1113/1144/1479
f 860/1143/1479 989/1145/1480 1113/1144/1479
f 1004/1148/1485 673/488/1483 1115/1147/1484
f 1004/1148/1485 1005/1149/1486 673/488/1483
f 673/488/1483 1005/1149/1486 675/492/1487
f 1006/1150/1488 675/492/1487 1005/1149/1486
f 675/492/1487 1006/1150/1488 436/1151/1489
f 436/1151/1489 676/493/1490 675/492/1487
f 1114/1146/1482 1116/1152/1491 1115/1147/1484
f 1115/1147/1484 1116/1152/1491 1003/1153/1492
f 1003/1153/1492 1004/1148/1485 1115/1147/1484
f 1114/1146/1482 796/659/1493 1116/1152/1491
f 1116/1152/1491 796/659/1493 798/661/1494
f 798/661/1494 1001/1154/1495 1116/1152/1491
f 1001/1154/1495 1003/1153/1492 1116/1152/1491
f 1117/1155/1496 1001/1154/1495 798/661/1494
f 1002/1156/1497 1001/1154/1495 1117/1155/1496
f 1117/1155/1496 1118/1157/1498 1002/1156/1497
f 1118/1157/1498 1000/941/1499 1002/1156/1497
f 1000/941/1499 1118/1157/1498 685/506/797
f 799/662/1500 685/506/797 1118/1157/1498
f 798/661/1494 799/662/1500 1117/1155/1496
f 1118/1157/1498 1117/1155/1496 799/662/1500
f 1030/1158/1501 442/1159/1502 441/1160/1503
f 442/1159/1502 1030/1158/1501 671/480/1504
f 671/480/1504 439/479/1505 442/1159/1502
f 1030/1158/1501 802/1161/1506 671/480/1504
f 802/1161/1506 1030/1158/1501 1119/1162/1507
f 1119/1162/1507 1120/1163/1510 779/633/1509
f 780/634/1511 779/633/1509 1120/1163/1510
f 793/656/1512 780/634/1511 1120/1163/1510
f 1029/1164/1513 1119/1162/1507 1030/1158/1501
f 1119/1162/1507 1029/1164/1513 1031/1165/1514
f 1031/1165/1514 1120/1163/1510 1119/1162/1507
f 1120/1163/1510 1031/1165/1514 1032/1166/1515
f 1120/1163/1510 1032/1166/1515 793/656/1512
f 793/656/1512 1032/1166/1515 1121/1167/1516
f 1121/1167/1516 794/657/1517 793/656/1512
f 794/657/1517 1121/1167/1516 1122/1168/1518
f 1122/1168/1518 795/658/1519 794/657/1517
f 795/658/1519 1122/1168/1518 861/735/1520
f 1033/1169/1521 861/735/1520 1122/1168/1518
f 1121/1167/1516 1032/1166/1515 1033/1169/1521
f 1033/1169/1521 1122/1168/1518 1121/1167/1516
f 1052/1048/1522 1055/1051/1523 1095/1119/1522
f 1095/1119/1522 1123/1170/1524 1052/1048/1522
f 1099/1123/1525 1059/1055/1526 1058/1054/1525
f 1058/1054/1525 1124/1171/1527 1099/1123/1525
f 1125/1172/1528 985/1173/1528 1007/1174/1529
f 1125/1172/1528 984/1175/1530 985/1173/1528
f 686/507/1531 685/663/1532 720/550/1533
f 720/550/1533 685/663/1532 797/660/1534
f 1126/1176/1535 720/550/1533 797/660/1534
f 720/550/1533 1126/1176/1535 626/1177/1536
f 1126/1176/1535 1127/1178/1537 626/1177/1536
f 797/660/1534 796/1180/1539 1126/1176/1535
f 1126/1176/1535 796/1180/1539 1127/1178/1537
f 796/1180/1539 1114/1181/1540 1127/1178/1537
f 1042/1183/1542 683/503/1543 1027/988/1544
f 1027/988/1544 1041/1020/1545 1042/1183/1542
f 1040/1184/1546 1041/1020/1545 1027/988/1544
f 1027/988/1544 682/500/1547 1040/1184/1546
f 1128/1185/1548 1129/1186/1549 1130/1187/1550
f 1130/1187/1550 788/1188/1551 1128/1185/1548
f 788/1188/1551 1131/1189/1552 1128/1185/1548
f 1132/1190/1553 1131/1189/1552 788/1188/1551
f 789/652/1476 786/649/1554 1133/1191/1555
f 1133/1191/1555 1134/1192/1556 789/652/1476
f 709/1012/1118 914/1193/1557 1036/1013/1558
f 1037/1014/1559 1036/1013/1558 914/1193/1557
f 914/1193/1557 913/1194/1560 1037/1014/1559
f 1037/1014/1559 913/1194/1560 721/551/1561
f 913/1194/1560 724/554/1115 721/551/1561
f 1100/1124/1562 1135/1195/1563 1057/1053/1562
f 1057/1053/1562 1056/1052/1564 1100/1124/1562
f 1053/1049/1565 1136/1196/1566 1096/1120/1565
f 1096/1120/1565 1054/1050/1567 1053/1049/1565
f 265/471/1568 419/470/1569 421/1197/1570
f 421/1197/1570 1137/1198/1571 265/471/1568
f 1137/1198/1571 801/669/1572 265/471/1568
f 1138/1199/1573 801/669/1572 1137/1198/1571
f 1139/1200/1574 801/669/1572 1138/1199/1573
f 800/665/1575 801/669/1572 1139/1200/1574
f 1140/1201/1576 1137/1198/1571 421/1197/1570
f 1137/1198/1571 1140/1201/1576 1141/1202/1577
f 1137/1198/1571 1141/1202/1577 1138/1199/1573
f 1142/1203/1578 1138/1199/1573 1141/1202/1577
f 1138/1199/1573 1142/1203/1578 1143/1204/1579
f 1144/1205/1580 1138/1199/1573 1143/1204/1579
f 1138/1199/1573 1144/1205/1580 1139/1200/1574
f 800/665/1575 1139/1200/1574 1144/1205/1580
f 421/1197/1570 962/1206/1581 1140/1201/1576
f 1140/1201/1576 1145/1207/1582 1141/1202/1577
f 1146/1208/1583 1141/1202/1577 1145/1207/1582
f 1141/1202/1577 1146/1208/1583 1142/1203/1578
f 1147/1209/1584 1142/1203/1578 1146/1208/1583
f 1148/1210/1585 1142/1203/1578 1147/1209/1584
f 1142/1203/1578 1148/1210/1585 1149/1211/1586
f 1149/1211/1586 1143/1204/1579 1142/1203/1578
f 1149/1211/1586 1150/1212/1587 1143/1204/1579
f 1144/1205/1580 1143/1204/1579 1150/1212/1587
f 1145/1207/1582 1151/1213/1588 1146/1208/1583
f 1147/1209/1584 1146/1208/1583 1151/1213/1588
f 1147/1209/1584 1151/1213/1588 998/1214/1589
f 998/1214/1589 997/1215/1590 1147/1209/1584
f 1148/1210/1585 1147/1209/1584 997/1215/1590
f 1148/1210/1585 997/1215/1590 996/1216/1591
f 996/1216/1591 1149/1211/1586 1148/1210/1585
f 1149/1211/1586 996/1216/1591 995/1217/1592
f 1149/1211/1586 995/1217/1592 1150/1212/1587
f 980/891/1593 998/1214/1589 1151/1213/1588
f 1151/1213/1588 978/887/1594 980/891/1593
f 1150/1212/1587 995/1217/1592 994/1218/1595
f 1152/1219/1596 1150/1212/1587 994/1218/1595
f 1153/1220/1597 1150/1212/1587 1152/1219/1596
f 1150/1212/1587 1153/1220/1597 1154/1221/1598
f 1154/1221/1598 1144/1205/1580 1150/1212/1587
f 1144/1205/1580 1154/1221/1598 1155/1222/1599
f 1144/1205/1580 1155/1222/1599 800/665/1575
f 1152/1219/1596 994/1218/1595 991/1223/1600
f 991/1223/1600 1153/1220/1597 1152/1219/1596
f 1153/1220/1597 991/1223/1600 977/886/1601
f 977/886/1601 975/1224/1602 1153/1220/1597
f 1156/1225/1603 667/466/1604 664/463/1603
f 664/463/1603 666/465/1605 1156/1225/1603
f 663/462/1606 667/466/1607 1157/1226/1607
f 1157/1226/1607 667/466/1607 1156/1227/1608
f 1045/1041/1609 1158/1228/1610 1098/1122/1609
f 1098/1122/1609 1046/1042/1611 1045/1041/1609
f 1094/1118/1612 1159/1229/1613 1049/1045/1612
f 1049/1045/1612 1048/1044/1614 1094/1118/1612
f 1157/1230/1615 661/460/1616 660/459/1615
f 660/459/1615 663/462/1617 1157/1230/1615
f 704/1080/1415 706/531/1618 1091/1231/1619
f 1091/1231/1619 790/653/1620 704/1080/1415
f 790/653/1620 1091/1231/1619 1074/1232/1410
f 1074/1232/1410 792/655/1412 790/653/1620
f 1092/1233/1621 1074/1232/1410 1091/1231/1619
f 1074/1232/1410 1092/1233/1621 774/1116/1622
f 774/1116/1622 775/1234/1409 1074/1232/1410
f 669/475/1623 1040/1184/1624 682/500/1623
f 682/500/1623 544/499/1625 669/475/1623
f 800/665/1575 414/1235/1626 416/666/1627
f 414/1235/1626 800/665/1575 1155/1222/1599
f 1155/1222/1599 944/1236/1628 414/1235/1626
f 702/527/1629 701/816/1630 1102/1237/1629
f 1102/1237/1629 1160/1238/1631 702/527/1629
f 1101/1239/1632 698/755/1633 700/525/1632
f 700/525/1632 1161/1240/1634 1101/1239/1632
f 1162/1241/1635 1163/1242/1636 1131/1189/1635
f 1131/1189/1635 1132/1190/1637 1162/1241/1635
f 804/1243/1638 806/1244/1639 813/1245/988
f 813/1245/988 820/1246/995 804/1243/1638
f 805/1247/1640 804/1243/1638 820/1246/995
f 820/1246/995 822/1248/997 805/1247/1640
f 1164/1249/1641 805/1247/1640 822/1248/997
f 822/1248/997 824/1250/999 1164/1249/1641
f 1164/1249/1641 824/1250/999 827/1251/1002
f 827/1251/1002 846/1252/1642 1164/1249/1641
f 846/1252/1642 827/1251/1002 829/1253/1004
f 829/1253/1004 841/1254/1643 846/1252/1642
f 841/1254/1643 829/1253/1004 831/1255/1006
f 831/1255/1006 840/1256/1644 841/1254/1643
f 1111/1140/1645 1165/1257/1646 1166/1258/1645
f 1166/1258/1645 1112/1141/1647 1111/1140/1645
f 1167/1259/1648 817/1260/992 816/1261/991
f 816/1261/991 1168/1262/1649 1167/1259/1648
f 1167/1259/1648 1168/1262/1649 843/1263/1018
f 843/1263/1018 842/1264/1017 1167/1259/1648
f 1168/1262/1649 816/1261/991 815/1265/990
f 815/1265/990 1169/1266/1650 1168/1262/1649
f 1168/1262/1649 1169/1266/1650 844/1267/1019
f 844/1267/1019 843/1263/1018 1168/1262/1649
f 1170/1268/1651 1169/1266/1650 815/1265/990
f 844/1267/1019 1169/1266/1650 1170/1268/1651
f 1170/1268/1651 845/1269/1020 844/1267/1019
f 845/1269/1020 1170/1268/1651 1171/1270/1652
f 1171/1270/1652 838/1271/1013 845/1269/1020
f 838/1271/1013 1171/1270/1652 1172/1272/1653
f 1172/1272/1653 839/1273/1014 838/1271/1013
f 846/1274/1021 839/1273/1014 1172/1272/1653
f 815/1265/990 814/1275/989 1170/1268/1651
f 1171/1270/1652 1170/1268/1651 814/1275/989
f 814/1275/989 808/1276/983 1171/1270/1652
f 1172/1272/1653 1171/1270/1652 808/1276/983
f 808/1276/983 803/1277/978 1172/1272/1653
f 1172/1272/1653 803/1277/978 805/1278/980
f 805/1278/980 1164/1279/1641 1172/1272/1653
f 1172/1272/1653 1164/1279/1641 846/1274/1021
f 663/1280/1654 662/1281/775 665/1282/1655
f 665/1282/1655 667/1283/779 663/1280/1654
f 1097/1137/1656 1099/1123/1657 1124/1171/1656
f 1124/1171/1656 1109/1138/1658 1097/1137/1656
f 1158/1228/1659 1135/1195/1660 1100/1124/1659
f 1100/1124/1659 1098/1122/1661 1158/1228/1659
f 1123/1170/1662 1095/1119/1663 1093/1117/1662
f 1093/1117/1662 1110/1139/1664 1123/1170/1662
f 1096/1120/1665 1136/1196/1665 1159/1229/1665
f 1159/1229/1665 1094/1118/1666 1096/1120/1665
f 1107/1135/1667 1173/1284/1667 1108/1136/1668
f 1173/1284/1667 1107/1135/1667 1174/1285/1669
f 1105/1132/1670 1175/1286/1671 1103/1129/1671
f 1176/1287/1672 1103/1129/1671 1175/1286/1671
f 986/898/1673 689/903/1674 1177/1288/1673
f 1177/1288/1673 987/899/1675 986/898/1673
f 1177/1288/1676 689/903/1677 859/1142/1676
f 859/1142/1676 1113/1144/1678 1177/1288/1676
f 1178/1289/1679 684/894/1680 982/893/1679
f 982/893/1679 983/895/1681 1178/1289/1679
f 1007/1174/1682 684/894/1683 1178/1289/1682
f 1178/1289/1682 1125/1172/1684 1007/1174/1682
f 683/503/1685 1042/1183/1686 670/476/1685
f 670/476/1685 536/504/1687 683/503/1685
f 1013/950/1688 1017/1290/1689 1026/972/1688
f 1026/972/1688 705/1291/1690 1013/950/1688
f 661/1292/1691 666/1293/1692 665/464/1691
f 665/464/1691 662/461/1693 661/1292/1691
f 786/649/1694 788/651/1695 1130/1187/1694
f 1130/1187/1694 1133/1191/1696 786/649/1694
f 1062/1294/1697 1061/1295/1698 1089/1296/1699
f 1089/1296/1699 1087/1297/1700 1062/1294/1697
f 1065/1298/1701 1062/1294/1697 1087/1297/1700
f 1087/1297/1700 1085/1299/1702 1065/1298/1701
f 1067/1300/1703 1065/1298/1701 1085/1299/1702
f 1085/1299/1702 1084/1301/1704 1067/1300/1703
f 1067/1300/1703 1084/1301/1704 1081/1302/1705
f 1081/1302/1705 1068/1303/1706 1067/1300/1703
f 1068/1303/1706 1081/1302/1705 1080/1304/1707
f 1080/1304/1707 1070/1305/1708 1068/1303/1706
f 1088/1306/1709 1090/1307/1710 1060/1308/1711
f 1060/1308/1711 1063/1309/1712 1088/1306/1709
f 1088/1306/1709 1063/1309/1712 1064/1310/1713
f 1064/1310/1713 1086/1311/1714 1088/1306/1709
f 1086/1311/1714 1064/1310/1713 1066/1312/1715
f 1066/1312/1715 1083/1313/1716 1086/1311/1714
f 1082/1314/1717 1083/1313/1716 1066/1312/1715
f 1066/1312/1715 1069/1315/1718 1082/1314/1717
f 1082/1314/1717 1069/1315/1718 1071/1316/1719
f 1071/1316/1719 1079/1317/1720 1082/1314/1717
f 785/731/1721 91/642/1722 961/1030/1721
f 961/1030/1721 858/730/1723 785/731/1721

g Unknown2
usemtl Unknown2
f 1179/1318/170 1180/1319/170 1181/1320/170
f 1182/1321/170 1181/1320/170 1180/1319/170

g Unknown3
usemtl Unknown3
f 1223/1362/1742 1221/1360/1740 1222/1361/1741
f 1222/1361/1741 1224/1363/1743 1223/1362/1742
f 1225/1364/1744 1226/1365/1745 1227/1366/1746
f 1227/1366/1746 1228/1367/1747 1225/1364/1744
f 1229/1368/1748 1225/1364/1744 1228/1367/1747
f 1228/1367/1747 1230/1369/1749 1229/1368/1748
f 1235/1374/1754 1223/1375/1755 1224/1376/1743
f 1224/1376/1743 1236/1377/1756 1235/1374/1754
f 1237/1378/1757 1235/1374/1754 1236/1377/1756
f 1236/1377/1756 1238/1379/1758 1237/1378/1757
f 1239/1380/1759 1237/1378/1757 1238/1379/1758
f 1238/1379/1758 1240/1381/1760 1239/1380/1759
f 1241/1384/1761 1217/1385/1762 1216/1386/1735
f 1216/1386/1735 1242/1387/1763 1241/1384/1761
f 1243/1388/1764 1241/1384/1761 1242/1387/1763
f 1242/1387/1763 1244/1389/1765 1243/1388/1764
f 1245/1390/1766 1243/1388/1764 1244/1389/1765
f 1244/1389/1765 1246/1391/1767 1245/1390/1766
f 1226/1392/1745 1245/1390/1766 1246/1391/1767
f 1246/1391/1767 1227/1393/1746 1226/1392/1745
f 1253/1403/1781 1252/1401/1779 1186/1402/1780
f 1186/1402/1780 1191/1330/1782 1253/1403/1781
f 1254/1404/1783 1253/1403/1781 1191/1330/1782
f 1260/1412/1795 1259/1410/1793 1192/1411/1794
f 1192/1411/1794 1188/1413/1796 1260/1412/1795
f 1261/1414/1797 1260/1412/1795 1188/1413/1796
f 1188/1413/1796 1194/1333/1798 1261/1414/1797
f 1262/1415/1799 1261/1414/1797 1194/1333/1798
f 1194/1333/1798 1193/1332/1768 1262/1415/1799
f 1247/1395/1770 1262/1415/1799 1193/1332/1768
f 1223/1437/162 1235/1438/162 1253/1439/162
f 1252/1440/162 1253/1439/162 1235/1438/162
f 1235/1438/162 1237/1441/162 1252/1440/162
f 1251/1442/162 1252/1440/162 1237/1441/162
f 1237/1441/162 1239/1443/162 1251/1442/162
f 1230/1449/162 1228/1451/162 1247/1450/162
f 1262/1452/162 1247/1450/162 1228/1451/162
f 1228/1451/162 1227/1453/162 1262/1452/162
f 1261/1454/162 1262/1452/162 1227/1453/162
f 1227/1453/162 1246/1455/162 1261/1454/162
f 1260/1456/162 1261/1454/162 1246/1455/162
f 1246/1455/162 1244/1457/162 1260/1456/162
f 1259/1458/162 1260/1456/162 1244/1457/162
f 1244/1457/162 1242/1459/162 1259/1458/162
f 1258/1460/162 1259/1458/162 1242/1459/162
f 1242/1459/162 1216/1461/162 1258/1460/162
f 1221/1467/162 1223/1437/162 1254/1468/162
f 1253/1439/162 1254/1468/162 1223/1437/162

g Unknown4
usemtl Unknown4
f 1318/1361/1880 1317/1360/1879 1319/1362/1881
f 1319/1362/1881 1320/1363/1882 1318/1361/1880
f 1321/1366/1883 1322/1365/1884 1323/1364/1885
f 1323/1364/1885 1324/1367/1886 1321/1366/1883
f 1324/1367/1886 1323/1364/1885 1325/1368/1748
f 1325/1368/1748 1326/1369/1887 1324/1367/1886
f 1320/1376/1882 1319/1375/1881 1331/1374/1892
f 1331/1374/1892 1332/1377/1893 1320/1376/1882
f 1332/1377/1893 1331/1374/1892 1333/1378/1894
f 1333/1378/1894 1334/1379/1895 1332/1377/1893
f 1334/1379/1895 1333/1378/1894 1335/1380/1759
f 1335/1380/1759 1336/1381/1760 1334/1379/1895
f 1312/1386/1875 1311/1385/1874 1337/1384/1896
f 1337/1384/1896 1338/1387/1897 1312/1386/1875
f 1338/1387/1897 1337/1384/1896 1339/1388/1898
f 1339/1388/1898 1340/1389/1899 1338/1387/1897
f 1340/1389/1899 1339/1388/1898 1341/1390/1900
f 1341/1390/1900 1342/1391/1901 1340/1389/1899
f 1342/1391/1901 1341/1390/1900 1322/1392/1884
f 1322/1392/1884 1321/1393/1883 1342/1391/1901
f 1288/1332/1902 1343/1415/1903 1344/1395/1904
f 1343/1415/1903 1288/1332/1902 1293/1333/1905
f 1293/1333/1905 1345/1414/1906 1343/1415/1903
f 1345/1414/1906 1293/1333/1905 1287/1413/1907
f 1287/1413/1907 1346/1412/1908 1345/1414/1906
f 1346/1412/1908 1287/1413/1907 1291/1411/1909
f 1291/1411/1909 1347/1410/1910 1346/1412/1908
f 1282/1402/1921 1352/1401/1920 1353/1403/1922
f 1353/1403/1922 1283/1330/1923 1282/1402/1921
f 1283/1330/1923 1353/1403/1922 1354/1404/1924
f 1319/1437/161 1354/1468/161 1353/1439/161
f 1354/1468/161 1319/1437/161 1317/1467/161
f 1353/1439/161 1331/1438/161 1319/1437/161
f 1331/1438/161 1353/1439/161 1352/1440/161
f 1352/1440/161 1333/1441/161 1331/1438/161
f 1333/1441/161 1352/1440/161 1351/1442/161
f 1351/1442/161 1335/1443/1966 1333/1441/161
f 1344/1450/161 1324/1451/1971 1326/1449/161
f 1324/1451/1971 1344/1450/161 1343/1452/1972
f 1343/1452/1972 1321/1453/1973 1324/1451/1971
f 1321/1453/1973 1343/1452/1972 1345/1454/1974
f 1345/1454/1974 1342/1455/1975 1321/1453/1973
f 1342/1455/1975 1345/1454/1974 1346/1456/161
f 1346/1456/161 1340/1457/161 1342/1455/1975
f 1340/1457/161 1346/1456/161 1347/1458/161
f 1347/1458/161 1338/1459/161 1340/1457/161
f 1338/1459/161 1347/1458/161 1358/1460/161
f 1358/1460/161 1312/1461/161 1338/1459/161

g Unknown5
usemtl Unknown5
f 1414/1361/2023 1413/1360/2022 1415/1362/2024
f 1415/1362/2024 1416/1363/2025 1414/1361/2023
f 1417/1366/2026 1418/1365/2027 1419/1364/2028
f 1419/1364/2028 1420/1367/2029 1417/1366/2026
f 1420/1367/2029 1419/1364/2028 1421/1368/1748
f 1421/1368/1748 1422/1369/1749 1420/1367/2029
f 1416/1376/2025 1415/1375/2024 1427/1374/2034
f 1427/1374/2034 1428/1377/2035 1416/1376/2025
f 1428/1377/2035 1427/1374/2034 1429/1378/2036
f 1429/1378/2036 1430/1379/1758 1428/1377/2035
f 1430/1379/1758 1429/1378/2036 1431/1380/2037
f 1431/1380/2037 1432/1381/2038 1430/1379/1758
f 1408/1386/2017 1407/1385/2016 1433/1384/2039
f 1433/1384/2039 1434/1387/2040 1408/1386/2017
f 1434/1387/2040 1433/1384/2039 1435/1388/2041
f 1435/1388/2041 1436/1389/2042 1434/1387/2040
f 1436/1389/2042 1435/1388/2041 1437/1390/2043
f 1437/1390/2043 1438/1391/2044 1436/1389/2042
f 1438/1391/2044 1437/1390/2043 1418/1392/2027
f 1418/1392/2027 1417/1393/2026 1438/1391/2044
f 1384/1332/2045 1439/1415/2046 1440/1395/2047
f 1439/1415/2046 1384/1332/2045 1389/1333/1905
f 1389/1333/1905 1441/1414/2048 1439/1415/2046
f 1441/1414/2048 1389/1333/1905 1383/1413/2049
f 1383/1413/2049 1442/1412/2050 1441/1414/2048
f 1442/1412/2050 1383/1413/2049 1387/1411/2051
f 1387/1411/2051 1443/1410/2052 1442/1412/2050
f 1378/1402/2063 1448/1401/2062 1449/1403/2064
f 1449/1403/2064 1379/1330/2065 1378/1402/2063
f 1379/1330/2065 1449/1403/2064 1450/1404/2066
f 1415/1437/161 1450/1468/161 1449/1439/161
f 1450/1468/161 1415/1437/161 1413/1467/161
f 1449/1439/161 1427/1438/161 1415/1437/161
f 1427/1438/161 1449/1439/161 1448/1440/161
f 1448/1440/161 1429/1441/161 1427/1438/161
f 1429/1441/161 1448/1440/161 1447/1442/161
f 1447/1442/161 1431/1443/2108 1429/1441/161
f 1440/1450/161 1420/1451/2113 1422/1449/161
f 1420/1451/2113 1440/1450/161 1439/1452/2114
f 1439/1452/2114 1417/1453/2115 1420/1451/2113
f 1417/1453/2115 1439/1452/2114 1441/1454/2116
f 1441/1454/2116 1438/1455/2117 1417/1453/2115
f 1438/1455/2117 1441/1454/2116 1442/1456/161
f 1442/1456/161 1436/1457/161 1438/1455/2117
f 1436/1457/161 1442/1456/161 1443/1458/161
f 1443/1458/161 1434/1459/161 1436/1457/161
f 1434/1459/161 1443/1458/161 1454/1460/161
f 1454/1460/161 1408/1461/161 1434/1459/161

g Unknown6
usemtl Unknown6
f 1511/1362/2024 1509/1360/2022 1510/1361/2023
f 1510/1361/2023 1512/1363/2161 1511/1362/2024
f 1513/1364/2028 1514/1365/2162 1515/1366/2026
f 1515/1366/2026 1516/1367/2029 1513/1364/2028
f 1517/1368/1748 1513/1364/2028 1516/1367/2029
f 1516/1367/2029 1518/1369/1749 1517/1368/1748
f 1523/1374/2166 1511/1375/2167 1512/1376/2168
f 1512/1376/2168 1524/1377/2169 1523/1374/2166
f 1525/1378/2170 1523/1374/2166 1524/1377/2169
f 1524/1377/2169 1526/1379/1758 1525/1378/2170
f 1527/1380/2037 1525/1378/2170 1526/1379/1758
f 1526/1379/1758 1528/1381/2171 1527/1380/2037
f 1529/1384/2172 1505/1385/2158 1504/1386/2157
f 1504/1386/2157 1530/1387/2173 1529/1384/2172
f 1531/1388/2174 1529/1384/2172 1530/1387/2173
f 1530/1387/2173 1532/1389/2175 1531/1388/2174
f 1533/1390/2176 1531/1388/2174 1532/1389/2175
f 1532/1389/2175 1534/1391/2177 1533/1390/2176
f 1514/1392/2162 1533/1390/2176 1534/1391/2177
f 1534/1391/2177 1515/1393/2026 1514/1392/2162
f 1541/1403/2191 1540/1401/2189 1474/1402/2190
f 1474/1402/2190 1479/1330/2192 1541/1403/2191
f 1542/1404/2193 1541/1403/2191 1479/1330/2192
f 1548/1412/2205 1547/1410/2203 1480/1411/2204
f 1480/1411/2204 1476/1413/2206 1548/1412/2205
f 1549/1414/2207 1548/1412/2205 1476/1413/2206
f 1476/1413/2206 1482/1333/1798 1549/1414/2207
f 1550/1415/2208 1549/1414/2207 1482/1333/1798
f 1482/1333/1798 1481/1332/2178 1550/1415/2208
f 1535/1395/2180 1550/1415/2208 1481/1332/2178
f 1511/1437/162 1523/1438/162 1541/1439/162
f 1540/1440/162 1541/1439/162 1523/1438/162
f 1523/1438/162 1525/1441/162 1540/1440/162
f 1539/1442/162 1540/1440/162 1525/1441/162
f 1525/1441/162 1527/1443/2241 1539/1442/162
f 1518/1449/162 1516/1451/2246 1535/1450/162
f 1550/1452/2247 1535/1450/162 1516/1451/2246
f 1516/1451/2246 1515/1453/2248 1550/1452/2247
f 1549/1454/2249 1550/1452/2247 1515/1453/2248
f 1515/1453/2248 1534/1455/2250 1549/1454/2249
f 1548/1456/162 1549/1454/2249 1534/1455/2250
f 1534/1455/2250 1532/1457/162 1548/1456/162
f 1547/1458/162 1548/1456/162 1532/1457/162
f 1532/1457/162 1530/1459/162 1547/1458/162
f 1546/1460/162 1547/1458/162 1530/1459/162
f 1530/1459/162 1504/1461/162 1546/1460/162
f 1509/1467/162 1511/1437/162 1542/1468/162
f 1541/1439/162 1542/1468/162 1511/1437/162
